-- phpMyAdmin SQL Dump
-- version 3.4.5
-- http://www.phpmyadmin.net
--
-- Servidor: localhost
-- Tempo de Geração: 28/09/2017 às 17h32min
-- Versão do Servidor: 5.5.16
-- Versão do PHP: 5.3.8

SET SQL_MODE="NO_AUTO_VALUE_ON_ZERO";
SET time_zone = "+00:00";


/*!40101 SET @OLD_CHARACTER_SET_CLIENT=@@CHARACTER_SET_CLIENT */;
/*!40101 SET @OLD_CHARACTER_SET_RESULTS=@@CHARACTER_SET_RESULTS */;
/*!40101 SET @OLD_COLLATION_CONNECTION=@@COLLATION_CONNECTION */;
/*!40101 SET NAMES utf8 */;

--
-- Banco de Dados: `filadelfia`
--

-- --------------------------------------------------------

--
-- Estrutura da tabela `aptidoes`
--

CREATE TABLE IF NOT EXISTS `aptidoes` (
  `pk_aptidao` int(11) NOT NULL AUTO_INCREMENT,
  `nm_aptidao` varchar(50) NOT NULL,
  PRIMARY KEY (`pk_aptidao`)
) ENGINE=MyISAM  DEFAULT CHARSET=latin1 AUTO_INCREMENT=25 ;

--
-- Extraindo dados da tabela `aptidoes`
--

INSERT INTO `aptidoes` (`pk_aptidao`, `nm_aptidao`) VALUES
(1, 'Ação Social'),
(2, 'Artes Dramaticas'),
(3, 'Berçário'),
(4, 'Cantina'),
(5, 'Construção'),
(6, 'Creche'),
(7, 'Discipulado'),
(8, 'Embaixadores do Rei'),
(9, 'Esportes'),
(10, 'Evangelismo'),
(11, 'Finanças'),
(12, 'Mensagens do Rei'),
(13, 'Música'),
(14, 'Ornamentação'),
(15, 'Professor EBD'),
(16, 'Recepção'),
(17, 'Secretaria'),
(18, 'Serviço Médico'),
(19, 'Serviço Social'),
(20, 'Sonoplastia'),
(21, 'Trabalhar c/ Adolescentes'),
(22, 'Trabalhar c/ Adultos'),
(23, 'Trabalhar c/ Crianças'),
(24, 'Trabalhar c/ Jovens');

-- --------------------------------------------------------

--
-- Estrutura da tabela `bairros`
--

CREATE TABLE IF NOT EXISTS `bairros` (
  `pk_bairro` int(11) NOT NULL AUTO_INCREMENT,
  `nm_bairro` varchar(50) COLLATE latin1_general_ci NOT NULL,
  PRIMARY KEY (`pk_bairro`)
) ENGINE=MyISAM  DEFAULT CHARSET=latin1 COLLATE=latin1_general_ci AUTO_INCREMENT=95 ;

--
-- Extraindo dados da tabela `bairros`
--

INSERT INTO `bairros` (`pk_bairro`, `nm_bairro`) VALUES
(5, 'Pau Miudo'),
(6, 'São Cristovao'),
(7, 'Caixa Dagua'),
(8, 'IAPI'),
(9, 'Soledade'),
(10, 'Mata Escura'),
(11, 'Macaubas'),
(12, 'Santa Monica'),
(13, 'Lapinha'),
(14, 'Rio Vermelho'),
(15, 'Itapua'),
(16, 'Brotas'),
(17, 'Imbui'),
(18, 'Vilas do Atlantico'),
(19, 'Curuzu'),
(20, 'Jd Nova Esperança'),
(21, 'Liberdade'),
(22, 'Paripe'),
(23, 'Pernanbues'),
(24, 'Resgate'),
(25, 'Stiep'),
(26, 'Matatu'),
(27, 'Baixa de Quintas'),
(28, 'Ilha de S. João'),
(29, 'Pituba'),
(30, 'Barros Reis'),
(31, 'Jd Ipitanga'),
(32, 'Cabula'),
(33, 'São Caetano'),
(34, 'Vila Laura'),
(35, 'San Martins'),
(36, 'Paralela'),
(37, 'Luis Anselmo'),
(38, 'Faz Grande Retiro'),
(39, 'Mata Escura'),
(40, 'Nazare'),
(41, 'Candeal'),
(42, 'Bomfim'),
(43, 'Ipitanga'),
(44, 'Federação'),
(45, 'Cosme de Farias'),
(46, 'Eng. Velho Brotas'),
(47, 'Agua de Meninos'),
(48, 'Engomadeira'),
(49, 'Cabula VI'),
(50, 'Stella Maris'),
(51, 'Dois de Julho'),
(52, 'Mercês'),
(53, 'Cabula X'),
(54, 'Faz Grande Retiro'),
(55, 'Uruguai'),
(56, 'Candeal Pequeno'),
(57, 'Cajazeiras'),
(58, 'Trobogy'),
(59, 'Mussurunga'),
(60, 'Lobato'),
(61, 'Alto de Couto/Vista Alegre'),
(62, 'Estrada da Rainha'),
(63, 'Santa Cruz'),
(64, 'Pero Vaz'),
(65, '3. Etapa C. Branco'),
(66, 'Acupe de Brotas'),
(67, 'Centenário'),
(68, 'São Marcos'),
(69, 'Canabrava'),
(70, 'Plataforma'),
(71, 'Barbalho'),
(72, 'Vida Nova'),
(73, 'Massaranduba'),
(74, 'Urbis'),
(75, 'Brotas'),
(76, 'Periperi'),
(77, 'Graça'),
(78, 'Jd Cruzeiro'),
(79, 'Barbalho'),
(80, 'Bonoco'),
(81, 'Largo do Tanque'),
(82, 'Não informado'),
(83, 'Cidade Nova'),
(84, 'Boca da Mata'),
(85, 'Novo Horizonte'),
(86, 'Santo Antonio'),
(87, 'Tancredo Neves'),
(88, 'Vitoria'),
(89, 'Suape'),
(90, 'Arembepe'),
(91, 'Calçada'),
(92, 'Eng. Velho Federação'),
(93, 'Acm'),
(94, 'Alto do Cabrito');

-- --------------------------------------------------------

--
-- Estrutura da tabela `entradas`
--

CREATE TABLE IF NOT EXISTS `entradas` (
  `pk_entrada` int(11) NOT NULL AUTO_INCREMENT,
  `nm_entrada` varchar(50) NOT NULL,
  PRIMARY KEY (`pk_entrada`)
) ENGINE=MyISAM  DEFAULT CHARSET=latin1 AUTO_INCREMENT=8 ;

--
-- Extraindo dados da tabela `entradas`
--

INSERT INTO `entradas` (`pk_entrada`, `nm_entrada`) VALUES
(1, 'Aclamação'),
(2, 'Batismo'),
(3, 'Carta de Transferência'),
(4, 'Reconciliação'),
(5, 'Agregado'),
(6, 'Visitante'),
(7, 'Novo decidido');

-- --------------------------------------------------------

--
-- Estrutura da tabela `estados`
--

CREATE TABLE IF NOT EXISTS `estados` (
  `pk_estado` int(11) NOT NULL AUTO_INCREMENT,
  `nm_estado` varchar(50) NOT NULL,
  PRIMARY KEY (`pk_estado`)
) ENGINE=MyISAM  DEFAULT CHARSET=latin1 AUTO_INCREMENT=7 ;

--
-- Extraindo dados da tabela `estados`
--

INSERT INTO `estados` (`pk_estado`, `nm_estado`) VALUES
(1, 'Solteiro(a)'),
(2, 'Casado(a)'),
(3, 'Separado(a)'),
(4, 'Divorciado(a)'),
(5, 'Viuvo(a)'),
(6, 'Não informado');

-- --------------------------------------------------------

--
-- Estrutura da tabela `flutuantes`
--

CREATE TABLE IF NOT EXISTS `flutuantes` (
  `pk_flutuante` int(11) NOT NULL AUTO_INCREMENT,
  `fg_membro` blob NOT NULL,
  `te_foto` varchar(20) COLLATE latin1_general_ci NOT NULL,
  `nm_flutuante` varchar(50) COLLATE latin1_general_ci NOT NULL,
  `dt_nascimento` date NOT NULL,
  `fk_sexo` int(11) NOT NULL DEFAULT '37',
  `fk_instrucao` int(11) NOT NULL,
  `fk_estado` int(11) NOT NULL DEFAULT '1',
  `nm_escola` varchar(50) COLLATE latin1_general_ci NOT NULL,
  `nu_tel_escola` varchar(40) COLLATE latin1_general_ci NOT NULL,
  `nu_rg` varchar(20) COLLATE latin1_general_ci NOT NULL,
  `fk_profissao` int(11) NOT NULL DEFAULT '28',
  `nm_empresa` varchar(50) COLLATE latin1_general_ci NOT NULL,
  `nu_tel_empresa` varchar(40) COLLATE latin1_general_ci NOT NULL,
  `nm_pai` varchar(50) COLLATE latin1_general_ci NOT NULL,
  `nm_mae` varchar(50) COLLATE latin1_general_ci NOT NULL,
  `nm_conjuge` varchar(50) COLLATE latin1_general_ci NOT NULL,
  `dt_casamento` date NOT NULL,
  `nm_local` varchar(50) COLLATE latin1_general_ci NOT NULL,
  `nm_rh` varchar(20) COLLATE latin1_general_ci NOT NULL,
  `nu_tel_casa` varchar(30) COLLATE latin1_general_ci NOT NULL,
  `nm_email` varchar(70) COLLATE latin1_general_ci NOT NULL,
  `nm_logra` varchar(70) COLLATE latin1_general_ci NOT NULL,
  `nm_bairro1` varchar(40) COLLATE latin1_general_ci NOT NULL,
  `fk_bairro` int(11) NOT NULL,
  `nu_cep` varchar(8) COLLATE latin1_general_ci NOT NULL,
  `nm_uf` varchar(2) COLLATE latin1_general_ci NOT NULL,
  `nm_cidade` varchar(50) COLLATE latin1_general_ci NOT NULL,
  `nm_pastor` varchar(50) COLLATE latin1_general_ci NOT NULL,
  `nm_igreja` varchar(50) COLLATE latin1_general_ci NOT NULL,
  `nu_tel_igreja` varchar(40) COLLATE latin1_general_ci NOT NULL,
  `dt_admissao` date NOT NULL,
  `fk_entrada` int(11) NOT NULL DEFAULT '2',
  `fk_saida` int(11) NOT NULL DEFAULT '6',
  `dt_saida` date NOT NULL,
  `te_observacao` text COLLATE latin1_general_ci NOT NULL,
  `dt_cadastro` date NOT NULL,
  `fk_usuario` int(11) NOT NULL,
  PRIMARY KEY (`pk_flutuante`),
  KEY `fk_sexo` (`fk_sexo`),
  KEY `fk_profissao` (`fk_profissao`),
  KEY `fk_instrucao` (`fk_instrucao`),
  KEY `fk_estado` (`fk_estado`),
  KEY `fk_entrada` (`fk_entrada`),
  KEY `fk_saida` (`fk_saida`),
  KEY `fk_usuario` (`fk_usuario`),
  KEY `fk_bairro` (`fk_bairro`)
) ENGINE=MyISAM  DEFAULT CHARSET=latin1 COLLATE=latin1_general_ci AUTO_INCREMENT=890 ;

--
-- Extraindo dados da tabela `flutuantes`
--

INSERT INTO `flutuantes` (`pk_flutuante`, `fg_membro`, `te_foto`, `nm_flutuante`, `dt_nascimento`, `fk_sexo`, `fk_instrucao`, `fk_estado`, `nm_escola`, `nu_tel_escola`, `nu_rg`, `fk_profissao`, `nm_empresa`, `nu_tel_empresa`, `nm_pai`, `nm_mae`, `nm_conjuge`, `dt_casamento`, `nm_local`, `nm_rh`, `nu_tel_casa`, `nm_email`, `nm_logra`, `nm_bairro1`, `fk_bairro`, `nu_cep`, `nm_uf`, `nm_cidade`, `nm_pastor`, `nm_igreja`, `nu_tel_igreja`, `dt_admissao`, `fk_entrada`, `fk_saida`, `dt_saida`, `te_observacao`, `dt_cadastro`, `fk_usuario`) VALUES
(445, '', 'img_masc.jpg', 'JAIRO VITORINO DA SILVA', '1959-09-06', 37, 5, 4, 'FACULDADE VISCONDE CAIRU', '', '2142541', 5, 'DATAPREV-BA', '3797-7745', 'ANTONIO VITORINO DA SILVA(IN MEMORIA)', 'JOSEFA MARIA DA SILVA(IN MEMORIA)', '', '0000-00-00', '', 'O +', '3797-7745/8894-7669', 'jairovitorino@hotmail.com', 'R MARIA AUGUSTA A. MAIA, 9A', 'BROTAS', 16, '40275076', 'BA', 'SALVADOR', '', '', '', '2011-09-16', 7, 6, '0000-00-00', '', '2011-10-01', 0),
(735, '', 'img_fem.jpg', 'ALESSANDRO DE MORAES RÊGO CAVALCANTE ', '2000-04-13', 38, 2, 1, 'ANTÔNIO DE PÁDUA', '', '1306549140', 36, '', '', 'SIDELEI CAVALCANTE SANTOS ', 'TELMA ROSÂNGELA SILVA DE MORAES RÊGO', '', '0000-00-00', '', 'A+', '32340273 / 86112411', 'ALESSANDRO.SANDU@HOTMAIL.COM', 'AVENIDA CONCEIÇÃO, CASA 3, 1° ANDAR', 'CAIXA D\\''ÁGUA', 7, '40320610', 'BA', 'SALVADOR', 'JORGE BEZERRA', 'IGREJA BATISTA FILADELFIA', '', '0000-00-00', 5, 6, '0000-00-00', '', '2011-10-15', 0),
(737, '', 'img_fem.jpg', 'STAEL MACHADO DOS SANTOS', '1961-08-28', 38, 4, 2, '', '', 'STAEL', 9, 'REDE ESTADUAL', '', 'ANTONIO SIMOES MACHADO', 'VICENTINA DOS REIS MACHADO', 'ANTONIO MARIO R. DOS SANTOS', '1990-09-25', 'FORUM RUI BARBOSA', '', '32414892', 'STAEL1000ARTES@YAHOO.COM.BR', 'RUA EUZEBIO DE QUEIROZ 137', 'LIBERDADE', 21, '40325440', 'BA', 'SALVADOR', '', '', '', '0000-00-00', 5, 6, '0000-00-00', 'NAO INFORMOU RH, CEP, ', '2011-10-15', 0),
(738, '', 'img_fem.jpg', 'CARLA BEATRIZ SOUSA SANTOS', '2003-05-31', 38, 8, 1, 'TRENZINHO DA ALEGRIA', '', 'CARLA', 36, '', '', 'HOSE CARLOS EVANGELISTA DOS SANTOS', 'SUELI SOUSA SANTOS', '', '0000-00-00', '', '', '33264192', '', 'RUA GUAIBA 3', 'CAIXA D AGUA', 7, '40320590', 'BA', 'SALVADOR', '', '', '', '0000-00-00', 5, 6, '0000-00-00', 'NAO INFORMADO RG, RH', '2011-10-15', 0),
(739, '', 'img_fem.jpg', 'EMILY PEROLA DOS SANTOS NASCIMENTO', '1995-10-08', 38, 8, 1, '', '', 'eMILY', 36, '', '', '', '', '', '0000-00-00', '', '', '33865119/ 92387842', 'MILLYNHA015@HOTMAIL.COM', 'RUA FREITAS HENRIQUE DE CIMA,N° 86', 'CAIXA D\\''ÁGUA', 7, '40320150', 'BA', 'SALVADOR ', 'JORGE BEZERRA', 'IGREJA BATISTA FILADÉLFIA', '', '2011-04-10', 7, 6, '0000-00-00', '', '2011-10-15', 0),
(740, '', 'img_masc.jpg', 'RAFAEL MAZZA ', '1998-03-29', 37, 8, 1, '', '', 'rAA', 36, '', '', '', '', '', '0000-00-00', '', '', '33270296', 'RAFAELANDRADEMAZZA@HOTMAIL.COM', 'RUA JOSÉ MARINS PINTO, APO 116', 'CAIXA D\\''ÁGUA', 7, '', 'BA', 'SALVADOR', 'JORGE BEZERRA', 'BATISTA FILADÉLFIA ', '', '2011-04-10', 7, 6, '0000-00-00', '', '2011-10-15', 0),
(741, '', 'img_masc.jpg', 'LINDOMAR DO ROSÁRIO ROCHA', '1965-11-29', 37, 11, 2, '', '', 'lindomar', 35, '', '', '', '', '', '0000-00-00', '', 'A+', '87844968', '', 'RUA 25 DE DEZEMBRO, 80', 'CIDADE NOVA', 83, '40313360', 'BA', 'SALVADOR', '', '', '', '2011-09-04', 7, 6, '0000-00-00', 'TRABALHA DE ESCALA DIA SIM E DIA NÃO. LIGAR PARA VERIFICAR ANTES. ACEITA VISITA - CURSO CASADOS PARA SEMPRE. LÍDERES CARLOS E JEANE.', '2011-10-15', 0),
(734, '', 'img_fem.jpg', 'ELZA RESENDE', '1932-11-27', 38, 3, 2, '', '', 'elza', 35, '', '', 'ALVINO RIBEIRO', 'GERLUDES RIBEIRO', '', '0000-00-00', '', '', '33811107', '', 'RUA MADALENA PARAGUASSÚ, 21', 'PAU MIÚDO', 5, '40360315', 'BA', 'SALVADOR', '', '', '', '0000-00-00', 5, 6, '0000-00-00', 'CONFORME FICHA DE IDENTIFICAÇÃO DE MEMBRO, CONSTA QUE A MESMA É DA IGREJA BATISTA ALTO DO CRUZEIRO. SÓ FREQUENTA A EBD.', '2011-10-15', 0),
(860, '', 'img_fem.jpg', 'FRANCISCA ALVES MOREIRA', '1973-11-22', 38, 11, 2, '', '', 'FRANCISCA A', 35, '', '', '', '', '', '0000-00-00', '', '', '9312-2610', '', 'COND. PORTAL DE AREMBEPE, CASA 06', 'AREMBEPE', 90, '', 'BA', 'AREMBEPE', 'JORGE BEZERRA', '', '', '2012-06-24', 7, 6, '0000-00-00', 'CONSELHEIROS ALÃ E ALINE', '2012-06-25', 0),
(742, '', 'img_fem.jpg', 'JÉSSICA SOUZA DA CONCEIÇÃO', '1996-10-16', 38, 8, 1, '', '', 'jESSICA SOUZA', 35, '', '', '', '', '', '0000-00-00', '', '', '88846593', '', 'RUA SEGUNDA TRAVESSA GUATARANA, N° 117', 'PERO VAZ', 64, '40335713', 'BA', 'SALVADOR', 'JORGE BEZERRA', 'BATISTA FILADÉLFIA ', '', '2011-04-10', 7, 6, '0000-00-00', '', '2011-10-15', 0),
(743, '', 'img_fem.jpg', 'GRACIELE SANTOS LIMA', '1985-08-06', 38, 11, 1, '', '', 'GRACIELE', 36, '', '', '', '', '', '0000-00-00', '', '', '87253576', 'GRACILIMA_18@HOTMAIL.COM', 'RUA FREITAS HENRIQUE DE CIMA, 98', 'CAIXA D AGUA', 7, '40150130', 'BA', 'SALVADOR', '', 'BATISTA FILADELFIA', '', '2011-04-24', 7, 6, '0000-00-00', 'IRMA DE HELENA AMARAL, VISITA SABADO OU DOMINDO/TARDE', '2011-10-15', 0),
(744, '', 'img_masc.jpg', 'MARIO JORGE GONÇALVES DA SILVA', '0000-00-00', 37, 11, 6, '', '', 'mario jorge', 35, '', '', '', '', '', '0000-00-00', '', '', '9121-0021 / 9254-4581', '', 'R. PADRE ANTONIO, 86', 'PERO VAZ', 64, '', 'BA', 'SALVADOR', '', '', '', '2011-02-27', 7, 6, '0000-00-00', 'CONHECIDO DE JORGE LIMA', '2011-10-15', 0),
(745, '', 'img_masc.jpg', 'JONATAS RODRIGUES MASCARENHAS ', '1988-02-07', 37, 11, 1, '', '', 'jONATAS', 35, '', '', '', '', '', '0000-00-00', '', '', '75 91534359', '', '', 'CALÇADA', 91, '', 'BA', 'SALVADOR', '', '', '', '2011-04-10', 7, 6, '0000-00-00', '', '2011-10-15', 0),
(746, '', 'img_masc.jpg', 'THOMÁS DA ROCHA SANTANA', '1988-06-02', 37, 11, 1, '', '', 'THOMÁS', 35, '', '', '', '', '', '0000-00-00', '', '', '32410581', '', 'RUA SALDANHA MARINHO, 65', 'CAIXA DÁGUA', 7, '40323010', 'BA', 'SALVADOR', '', '', '', '2011-06-12', 7, 6, '0000-00-00', 'DIA PARA VISITA: QUARTA - NOITE', '2011-10-15', 0),
(747, '', 'img_fem.jpg', 'MARLI BARROS DA PÁIXÃO ', '1972-02-03', 38, 11, 1, '', '', 'mARLI', 35, '', '', '', '', '', '0000-00-00', '', '', '33266864', '', 'RUA MADUREIRA DE PINHO, N° 82', 'CAIXA DÁGUA', 7, '40323080', 'BA', 'SALVADOR', '', '', '', '2011-05-08', 7, 6, '0000-00-00', '', '2011-10-15', 0),
(748, '', 'img_masc.jpg', 'RUBEM DA SILVA BEZERRA', '1969-06-06', 37, 11, 2, '', '', 'rubem da silva', 35, '', '', '', '', '', '0000-00-00', '', 'AB+', '32037621/81483251', '', 'RUA DULCE, 23 E', 'ENGENHO VELHO DA FEDERAÇÃO', 92, '40220430', 'BA', 'SALVADOR', '', '', '', '2011-09-04', 7, 6, '0000-00-00', 'DIAS DE VISITAS: SÁBADOS E DOMINGOS QUALQUER HORÁRIO, LIGANDO ANTES. ACEITOU NO GRUPO CASADOS PARA SEMPRE - LÍDERES ALEX E GISLENE.', '2011-10-15', 0),
(749, '', 'img_masc.jpg', 'JOÃO BOSCO DOS SANTOS', '1960-09-12', 37, 11, 2, '', '', 'joão bosco', 35, '', '', '', '', '', '0000-00-00', '', '', '3015-3008', '', 'TRAV. SANTA MARGARIDA, 146', 'CAIXA DÁGUA', 7, '40321090', 'BA', 'SALVADOR', '', '', '', '2011-10-02', 7, 6, '0000-00-00', 'ESPOSO DE JOSIENE( AMIGOS DE GRAÇA CRUZ) (VISITA A COMBINAR)', '2011-10-15', 0),
(751, '', 'img_masc.jpg', 'PAULO VITOR SANTOS NASCIMENTO', '0000-00-00', 37, 11, 1, '', '', 'PAULO', 36, '', '', '', '', '', '0000-00-00', '', 'A+', '33865657', 'TROPAVITOR@HOTMAIL.COM', 'RUA AURELIO RODRIGUES DA SILVA 23 (MINI MERCADO MARIA)', 'CAIXA D AGUA', 7, '40320050', 'BA', 'SALVADOR', '', 'BATISTA FILADELFIA', '', '2011-05-15', 7, 6, '0000-00-00', 'AMIGO DE PAULO EMANUEL, FILHO DO IR. PAULO BORGES, NETO DE EVERILDA, VISITA SABADO/NOITE', '2011-10-15', 0),
(752, '', 'img_fem.jpg', 'MARIA IVOLENE FREIRE DA SILVA', '1942-05-11', 38, 11, 5, '', '', 'maria ivolene freire', 35, '', '', '', '', '', '0000-00-00', '', '', '88016370', '', 'RUA CONDE DE PORTO ALEGRE, 84', 'IAPI', 8, '40330200', 'BA', 'SALVADOR', '', '', '', '2011-09-04', 7, 6, '0000-00-00', '69 ANOS E TEM DIFICULDADE DE LOCOMOÇÃO. MORA COM A FILHA ALDENIR', '2011-10-15', 0),
(874, '', 'img_fem.jpg', 'TAINAN DE FREITAS RODRIGUES RODRIGUES', '2003-05-14', 38, 2, 1, '1', '', 'TAINAN', 36, '', '', 'ELISIVALDO LOPES RODRIGUES', 'MARILZA DE FREITAS RODRIGUES RODRIGUES', '', '0000-00-00', '', '', '8735-6094', '', 'RUA FREITAS HENRIQUE DE BAIXO, 20', 'CAIXA DAGUA', 7, '40323075', 'BA', 'SSA', '', '', '', '0000-00-00', 5, 6, '0000-00-00', '', '2013-07-28', 0),
(755, '', 'img_masc.jpg', 'ADRIANO DA CONCEICAO DA SILVA', '1990-01-05', 37, 11, 6, '', '', 'adrianodaconceicao', 108, '', '', '', '', '', '0000-00-00', '', '', '(71) 8290-1802', '', 'RUA VINTE DE AGOSTO', 'PAU MIUDO', 5, '40000000', 'BA', 'SALVADOR', '', '', '', '2011-03-20', 7, 6, '0000-00-00', 'Mora pouco tempo em Salvador, não sabe o n. da casa', '2011-10-15', 0),
(756, '', 'img_fem.jpg', 'ISABELA NORONHA PEREIRA', '1996-06-23', 38, 11, 1, '', '', 'ISABELA NORONHA', 35, '', '', '', '', '', '0000-00-00', '', '', '87256807', 'ISABELA23NORONHA@HOTMAIL.COM', 'RUA ENGENHEIRO CARLOS GUIMARÃES, 40', 'CAIXA DÁGUA', 7, '40320560', 'BA', 'SALVADOR', '', '', '', '2011-03-20', 7, 6, '0000-00-00', '', '2011-10-15', 0),
(757, '', 'img_fem.jpg', 'EDUARDA DA SILVA PINHEIRO ', '1973-01-11', 38, 11, 2, '', '', 'eDUARDA', 35, '', '', '', '', '', '0000-00-00', '', '', '41034698', 'PINHEIROE71@YAHOO.COM.BR', 'RUA PERO VAZ VELHA, N° 220, TÉRREO ESCOLA LUZ', 'PERO VAZ ', 64, '40335600', 'BA', 'SALVADOR', '', '', '', '2011-05-22', 7, 6, '0000-00-00', 'VISITAS SABADO E DOMINGO', '2011-10-15', 0),
(758, '', 'img_fem.jpg', 'JOSIENE DE LIMA AQUINO', '1970-04-26', 38, 11, 2, '', '', 'josienedelima', 108, '', '', '', '', '', '0000-00-00', '', '', '(71) 3015-3008', '', 'TRAV STA MARGARIDA, 146', 'CAIXA DAGUA', 7, '40321090', 'BA', 'SALVADOR', '', '', '', '2011-10-02', 7, 6, '0000-00-00', 'VISITA A COMBINAR. VIZINHA DE GRAÇA CRUZ', '2011-10-15', 0),
(759, '', 'img_fem.jpg', 'ALICIA SANTANA DE ALMEIDA', '0000-00-00', 38, 11, 1, '', '', 'aliciasantana', 108, '', '', '', '', '', '0000-00-00', '', '', '8115-6128', '', 'AV. PEIXE, 25 A', 'LIBERDADE', 21, '', 'BA', 'SALVADOR', '', '', '', '2011-09-11', 7, 6, '0000-00-00', 'VISITA SABADO A TARDE', '2011-10-15', 0),
(760, '', 'img_fem.jpg', 'FABIANA JESUS DA SILVA ', '1978-12-02', 38, 11, 1, '', '', 'fABIANA', 35, '', '', '', '', '', '0000-00-00', '', 'A-', '86340164', 'FABIANA_SILVA41@HOTMAIL.COM', 'RUA FREITAS HENRIQUE DE CIMA, N°106 1° ANDAR', 'CAIXA DÁGUA', 7, '40320150', 'BA', 'SALVADOR', '', '', '', '2011-05-25', 7, 6, '0000-00-00', 'VISINHA DE RÚBIA, VISITAS- SABADO E DOMINGO A TARDE', '2011-10-15', 0),
(761, '', 'img_fem.jpg', 'JULIANA MARTINS DANTAS', '1983-06-25', 38, 11, 1, '', '', 'JULIANA', 35, '', '', '', '', '', '0000-00-00', '', '', '33270386', 'JULIANA_ASTROS@HOTMAIL.COM', 'TRAV. CAMPUS FRANÇA, 10 A', 'LAPINHA', 13, '40325210', 'BA', 'SALVADOR', '', '', '', '2011-05-29', 7, 6, '0000-00-00', 'DIA PARA VISITA: SABADO - NOITE', '2011-10-15', 0),
(762, '', 'img_masc.jpg', 'DEIVSON SADIGUERSKY R. DOS SANTOS', '1998-08-26', 37, 11, 1, '', '', 'DEIVSON', 36, '', '', '', '', '', '0000-00-00', '', '', '32420437', 'DEIMARLOST@HOTMAIL.COM', 'RUA DOMINGOS REQUIAO 14 A', 'LIBERDADE', 21, '40325470', 'BA', 'SALVADOR', '', 'BATISTA FILADELFIA', '33822002', '2011-06-12', 7, 6, '0000-00-00', 'VISITA TERCA, QUARTA OU DOMINGO/TARDE', '2011-10-15', 0),
(763, '', 'img_fem.jpg', 'DANIELA CRISTINA CRUZ GUERREIRO', '1979-07-19', 38, 7, 1, '', '', 'daniela cristina', 51, '', '', '', '', '', '0000-00-00', '', 'O+', '87138875', '21-lara@hotmail.com', 'RUA DA MANGUEIRA, 07', 'CAIXA DÁGUA', 7, '', 'BA', 'SALVADOR', '', '', '', '2011-08-28', 7, 6, '0000-00-00', 'MELHOR DIA PARA VISITA: DOMINGO À TARDE.', '2011-10-15', 0),
(764, '', 'img_masc.jpg', 'GILVAN AMORIM GOES', '1972-06-05', 37, 11, 2, '', '', 'gilvanamorim', 108, '', '', '', '', '', '0000-00-00', '', '', '(71) 3398-2874', 'foes.amorim@yahoo.com.br', 'R PIPIRA, 45', 'PLATAFORMA', 70, '40000000', 'BA', 'SALVADOR', '', '', '', '2011-09-11', 7, 6, '0000-00-00', 'NESTE MES ESTA DE FÉRIAS, DISPONIVEL TODOS OS DIAS, DEPOIS SO SABADO', '2011-10-15', 0),
(765, '', 'img_fem.jpg', 'ALINE Mª GOMES DA SILVA ', '1985-01-03', 38, 11, 2, '', '', 'aLINE ', 35, '', '', '', '', '', '0000-00-00', '', '', '3316088/ 87862704', 'ALINEGATA_22@HOTMAIL.COM', 'RUA SALDANHA MARINHO, N° 97 EDF. SOL (EMANUEL KANT)', 'CAIXA DÁGUA', 7, '40323010', 'BA', 'SALVADOR', '', '', '', '2011-05-22', 7, 6, '0000-00-00', 'VISITAS MENOS AOS DOMINGOS E PELA NOITE', '2011-10-15', 0),
(766, '', 'img_fem.jpg', 'VANESSA MARIA ALPEDRIZ GOMES', '1980-01-10', 38, 11, 2, '', '', 'vanessagomes', 108, '', '', '', '', '', '0000-00-00', '', '', '8749-3667 / 3388-5753', 'vanessa_alpedriz@hotmail.com', '1º TRAV. NOSSA SENHORA DAS CANDEIAS, 113', 'PERO VAZ', 64, '40335665', 'BA', 'SALVADOR', '', '', '', '2011-03-09', 7, 6, '0000-00-00', 'DISPONIVEL PARA VISITA SÁBADO A TARDE', '2011-10-15', 0),
(767, '', 'img_fem.jpg', 'JOSEANA REIS DE JESUS', '1978-05-21', 38, 9, 2, '', '', 'joseanareisdejesus', 108, '', '', '', '', '', '0000-00-00', '', '', '(71) 3244-4240/8845-6374', '', 'RUA PRASIBULO FERRAZ, 97', 'CIDADE NOVA', 83, '44313700', 'BA', 'SALVADOR', '', '', '', '2011-09-11', 7, 6, '0000-00-00', 'MELHOR DIA PARA VISITA: DOMINGO PELA TARDE', '2011-10-15', 0),
(768, '', 'img_masc.jpg', 'MARCONI SIVA COSTA', '1988-03-01', 37, 11, 1, '', '', 'MARCONI', 36, '', '', '', '', '', '0000-00-00', '', '', '32344894', 'MARCONEESHOW@HOTMAIL.COM', 'RUA FREITAS HENRIQUE DE CIMA 63', 'CAIXA D AGUA', 7, '40320150', 'BA', 'SALVADOR', '', 'BATISTA FILADELFIA', '33822002', '2011-04-10', 7, 6, '0000-00-00', 'VISITA DOMINGO/TARDE', '2011-10-15', 0),
(769, '', 'img_masc.jpg', 'GILBERTO SOUSA CONCEIÇÃO JÚNIOR', '1991-03-23', 37, 11, 1, '', '', 'gilberto sousa', 108, '', '', '', '', '', '0000-00-00', '', '', '32443047', 'junior-programador05@hotmail.com', 'RUA 25 DE DEZEMBRO, AVENIDA SÃO JOSÉ, 22', 'CIDADE NOVA', 83, '40313410', 'BA', 'SALVADOR ', '', '', '', '2011-08-28', 7, 6, '0000-00-00', 'MELHOR DIA PARA VISITA: DOMINGO À TARDE. JÉSSICA (TELMA).', '2011-10-15', 0),
(770, '', 'img_masc.jpg', 'CARLOS ANTONIO SANTOS SILVA', '1977-05-27', 37, 11, 2, '', '', 'CARLOS ', 35, '', '', '', '', '', '0000-00-00', '', '', '33041431 / 99410994', '', 'RUA TIRADENTES, 1 A', 'SÃO CAETANO', 33, '40390555', 'BA', 'SALVADOR', '', '', '', '2011-07-24', 7, 6, '0000-00-00', '', '2011-10-15', 0),
(771, '', 'img_fem.jpg', 'IRACEMA Mª DE JESUS TEIXEIRA ', '1979-05-04', 38, 11, 1, '', '', 'iRACEMA', 35, '', '', '', '', '', '0000-00-00', '', '', '86299916', 'INDIA_IRA@HOTMAIL.COM', 'AVENIDA TIRADENTES, N° 01 A', 'SÃO CAETANO', 33, '40390555', 'BA', 'SALVADOR', '', '', '', '2011-06-05', 7, 6, '0000-00-00', 'VISITAS SABADO E DOMINGO PELA TARDE', '2011-10-15', 0),
(772, '', 'img_fem.jpg', 'LEONICE SENHORA REIS', '1997-04-04', 38, 11, 1, '', '', 'leonicesenhora', 108, '', '', '', '', '', '0000-00-00', '', '', '71 - 3244-4240', 'leonicesenhora@hotmail.com', 'R TRASIBULO FERRAZ, 97', 'CIDADE NOVA', 83, '40313700', 'BA', 'SALVADOR', '', '', '', '2011-09-11', 7, 6, '0000-00-00', '', '2011-10-15', 0),
(773, '', 'img_masc.jpg', 'GILMAR PAIN DA SILVA FILHO', '0000-00-00', 37, 11, 2, '', '', 'GILMAR', 35, '', '', '', '', '', '0000-00-00', '', '', '32360501', '', 'AV. PEIXE, 108', 'PERO VAZ', 64, '40335611', 'BA', 'SALVADOR', '', '', '', '2011-07-24', 7, 6, '0000-00-00', '', '2011-10-15', 0),
(859, '', 'img_fem.jpg', 'EDUARDA VILAS BOAS GUERREIRO', '1997-08-20', 38, 2, 1, '', '', 'EDUARDA', 36, '', '', 'EDUARDO LUIS MENDES GUERREIRO', 'CRISTIANE VILAS BOAS GUERREIRO', '', '0000-00-00', '', '', '8813-0346', 'NANI.BARRIL@HOTMAIL.COM', 'R. FREITAS HENRIQUE DE CIMA, 121', 'CAIXA DAGUA', 7, '40320150', 'BA', 'SALVADOR', '', '', '', '2012-05-08', 7, 6, '0000-00-00', '', '2012-05-09', 0),
(775, '', 'img_fem.jpg', 'BEATRIZ DIAS LEAL', '2006-05-24', 38, 11, 6, '', '', 'beatriz dias leal', 108, '', '', '', '', '', '0000-00-00', '', '', '87899322/87120668', '', 'RUA BENTO SABINO DOS REIS, 02', 'CAIXA DÁGUA', 7, '40320040', 'BA', 'SALVADOR', '', '', '', '2011-08-28', 7, 6, '0000-00-00', 'SOBRINHA DE ROGÉRIO (CRIANÇA).', '2011-10-15', 0),
(776, '', 'img_masc.jpg', 'DENNER FELIPE BARROS DE SOUZA', '1999-09-21', 37, 11, 1, '', '', 'dENNER', 35, '', '', '', '', '', '0000-00-00', '', '', '83172738', 'FELIPE_BAMOR@HOTMAIL.COM', 'RUA MATATU DE BROTAS', 'VILA LAURA', 0, '40270240', 'BA', 'SALVADOR', '', '', '', '2011-06-05', 7, 6, '0000-00-00', 'FILHO DE SOLANGE BARROS DE SOUZA TEL- 82398447', '2011-10-15', 0),
(777, '', 'img_masc.jpg', 'RAIMUNDO NONATO BARBOSA', '1968-03-05', 37, 11, 2, '', '', 'raimundanonato', 108, '', '', '', '', '', '0000-00-00', '', '', '71-8125-06959/3212-6701', 'nonbarbosa@hotmail.com', 'R SÃO FRANCISCO DE ASSIS, 27E', 'PAU MIUDO', 5, '42247110', 'BA', 'SALVADOR', '', '', '', '2011-09-04', 7, 6, '0000-00-00', 'COILEGA DE TRAB DE IVO EVANGELISTA. ESPOSA CONGREGAR NA PEIXIMO CASA GRUPO CASADO P/ ', '2011-10-15', 0),
(778, '', 'img_fem.jpg', 'LAIS REIS ESTEVAM', '1987-11-28', 38, 11, 1, '', '', 'LAIS', 108, '', '', '', '', '', '0000-00-00', '', '', '32985840/33810738', 'LAISREIS.87@HOTMAIL.COM', 'RUA 24 DE JUNHO', 'CIDADE NOVA', 83, '', 'BA', 'SALVADOR', '', 'BATISTA FILADELFIA', '33822002', '2011-01-09', 7, 6, '0000-00-00', 'NAO INF NRO CASA, TELEFONE 1 MAE CLAUDIA, 2 TIA ISA, VISITA QUALQUER DIA TARDE, TEVE NOVA RECAIDA COM DROGA ESTA EM CLINICA BOM VIVER IAPI', '2011-10-15', 0),
(779, '', 'img_fem.jpg', 'DAMIANA PITA SILVA', '1962-09-27', 38, 11, 2, '', '', 'damiana pita', 108, '', '', '', '', '', '0000-00-00', '', '', '', '', 'RUA BENTO SABINO DOS REIS, 23', 'CAIXA DÁGUA', 7, '40320040', 'BA', 'SALVADOR', '', '', '', '2011-05-08', 7, 6, '0000-00-00', 'MELHORES DIAS PARA VISITAS: SÁBADOS E DOMINGOS À TARDE. MÃE DE TAIANE.', '2011-10-15', 0),
(780, '', 'img_masc.jpg', 'IAN CORREIA CALISTO', '2004-07-07', 37, 11, 1, '', '', 'IAN', 35, '', '', 'EVILÁSIO', 'BERILA', '', '0000-00-00', '', '', '32565761', '', 'AV. FERREIRA', 'IAPI', 8, '', 'BA', 'SALVADOR', '', '', '', '2011-07-24', 7, 6, '0000-00-00', '', '2011-10-15', 0),
(781, '', 'img_fem.jpg', 'BRENA TRINDADE SAMPAIO', '2003-04-30', 38, 11, 1, '', '', 'bRENDA', 35, '', '', '', '', '', '0000-00-00', '', '', '32335415', '', 'RUA MANOEL DRUMMOND, N°50', 'CAIXA DÁGUA', 7, '40320670', 'BA', 'SALVADOR', '', '', '', '2011-06-05', 7, 6, '0000-00-00', '', '2011-10-15', 0),
(782, '', 'img_fem.jpg', 'LOUISE MOURA COSTA', '1986-12-05', 38, 11, 1, '', '', 'louisecosta', 108, '', '', '', '', '', '0000-00-00', '', '', '3019-0535', 'louise_moura@bol.com.br', 'COND. MATA ATLÂNTICA I - BL. 33 APT. 103', 'VALE DOS LAGOS', 0, '40000000', 'BA', 'SALVADOR', '', '', '', '2011-03-20', 7, 6, '0000-00-00', '', '2011-10-15', 0),
(783, '', 'img_masc.jpg', 'RAFAEL SOUSA SENA ', '1997-05-20', 37, 11, 1, '', '', 'rAFAEL SOUSA', 35, '', '', '', '', '', '0000-00-00', '', '', '82770428', 'AMIGO DE DIEGO RAYAN', 'SEGUNDA TRAVESSA DO OURO, N°14', 'SIEIRO ', 0, '', 'BA', 'SALVADOR', '', '', '', '2011-06-05', 7, 6, '0000-00-00', 'TERÇA À NOITE', '2011-10-15', 0),
(784, '', 'img_fem.jpg', 'ANA PAULA DA SILVA MARQUES', '1996-09-03', 38, 11, 1, '', '', 'ANA PAULA', 108, '', '', '', '', '', '0000-00-00', '', '', '33814278', '', 'AV IVANIL 24', 'BAIXA DE QUINTAS', 27, '40300385', 'BA', 'SALVADOR', '', 'BATISTA FILADELFIA', '33822002', '2011-01-30', 7, 6, '0000-00-00', 'NAO INFORMADO E-MAIL, REFERENCIA ENDEREÇO: PROXIMO AO POSTO SAO JUDAS TADEU', '2011-10-15', 0),
(785, '', 'img_masc.jpg', 'JOÃO VICTOR LINO DA CRUZ SOUSA ', '1998-03-28', 37, 11, 6, '', '', 'jOÃO VICTOR', 35, '', '', '', '', '', '0000-00-00', '', 'O+', '32418941', 'JUBA.LINA@HOTMAIL.COM', 'RUA DOMINGOS REQUEÃO , N°32', 'LIBERDADE', 21, '40325470', 'BA', 'SALVADOR', '', '', '', '2011-06-12', 7, 6, '0000-00-00', 'VISITAS DOMINGO À TARDE OU A NOITE', '2011-10-15', 0),
(786, '', 'img_masc.jpg', 'HAMILTON JOSÉ SANTANA PEREIRA JÚNIOR', '1985-09-08', 37, 11, 2, '', '', 'hamilton josé', 108, '', '', '', '', '', '0000-00-00', '', '', '92889520', '', 'RUA CAMPUS FRANÇA, 58', 'LAPINHA', 13, '40325130', 'BA', 'SALVADOR', '', '', '', '2011-04-12', 7, 6, '0000-00-00', 'MELHORES DIAS PARA VISITAS: QUARTAS E QUINTAS À NOITE. DOMINGOS PELA TARDE.', '2011-10-15', 0),
(787, '', 'img_masc.jpg', 'RODINEI ROLEMBERG DE SOUZA ', '1975-10-26', 37, 11, 2, '', '', 'rODINEI', 35, '', '', '', '', '', '0000-00-00', '', '', '32336728', '', 'RUA PROFESSOR BATISTA VIEIRA', 'PAU MIÚDO', 5, '40315430', 'BA', 'SALVADOR', '', '', '', '2011-06-12', 7, 6, '0000-00-00', 'VISITAS DOMINGO A MANHÃ', '2011-10-15', 0),
(788, '', 'img_fem.jpg', 'RUAN SANTOS MOTA', '1994-03-15', 38, 11, 1, '', '', 'ruanmota', 108, '', '', '', '', '', '0000-00-00', '', '', '3386-8659', 'ruanmota2009@gmail.com', 'LOTE SANTO MARTINS, R. G - CASA 10 E', 'IAPI', 8, '40000000', 'BA', 'SALVADOR', '', '', '', '2011-03-13', 7, 6, '0000-00-00', 'DISPONIVEL PARA VISITA DOMINGO A TARDE - PRIMO DE ISLAN, SOBRINHO DE SELMA', '2011-10-15', 0),
(789, '', 'img_masc.jpg', 'RAMON PARAIZO FIGUEIREDO', '1996-06-07', 37, 11, 1, '', '', 'raMON ', 35, '', '', '', '', '', '0000-00-00', '', '', '33881498/ 88131869', 'RPARAIZO@HOTMAIL.COM', 'RUA JUAZEIRO,N° 119', 'CAIXA DÁGUA', 7, '40321055', 'BA', 'SALVADOR', '', '', '', '2011-06-12', 7, 6, '0000-00-00', 'VISITAS DOMINGO À NOITE', '2011-10-15', 0),
(790, '', 'img_masc.jpg', 'MARCOS VINICIOS DA SILVA MARQUES ', '1998-02-12', 37, 11, 1, '', '', 'MARCOS', 108, '', '', '', '', '', '0000-00-00', '', '', '33814278', '', 'AV IVANIL 24', 'BAIXA DE QUINTAS', 27, '40300385', 'BA', 'SALVADOR', '', 'BATISTA FILADELFIA', '33822002', '2011-01-30', 7, 6, '0000-00-00', 'NAO INFORMADO E-MAIL, REFERENCIA ENDEREÇO: PROXIMO AO POSTO SAO JUDAS TADEU', '2011-10-15', 0),
(791, '', 'img_fem.jpg', 'SILVANA SANTOS MOTA SANTANA', '1984-10-02', 38, 11, 2, '', '', 'SILVANA', 36, '', '', 'ALBERTO PINHEIRO SANTANA', 'MARCENE SANTOS MOTA SANTANA', '', '0000-00-00', '', '', '33060189', 'SILVANANEGRA_25@HOTMAIL.COM', 'RUA ROMÃ, COND. NOVO ARVOREDO, ED LUZ SOLAR, BL 229, APTO 203', 'BEIRU TANCREDO NEVES', 87, '41207000', 'BA', 'SALVADOR', '', '', '', '2011-07-30', 7, 6, '0000-00-00', 'DECISÃO NO CHÁ DE MULHERES', '2011-10-15', 0),
(792, '', 'img_masc.jpg', 'MOACIR SANTOS SOUSA', '1959-12-11', 37, 11, 6, '', '', 'moacirsantos', 108, '', '', '', '', '', '0000-00-00', '', '', '71-8664-4396', '', 'R RODRIGO DE MENEZES, 58, AP 101, FUNDO', 'PAU MIUDO', 5, '40000000', 'BA', 'SALVADOR', '', '', '', '2011-03-19', 7, 6, '0000-00-00', 'MELHOR DIA DE VISITA: SABADO PELA MANHA', '2011-10-15', 0),
(793, '', 'img_masc.jpg', 'NICOLAU DE JESUS ALMEIDA', '1996-03-15', 37, 11, 6, '', '', 'nicolau de jesus', 108, '', '', '', '', '', '0000-00-00', '', '', '91351880', '', 'RUA SALDANHA MARINHO, 111, CASA 04', '', 82, '40323010', 'BA', 'SALVADOR', '', '', '', '2011-04-12', 7, 6, '0000-00-00', 'ADOLESCENTE', '2011-10-15', 0),
(794, '', 'img_fem.jpg', 'LIRANE  BARRETO MIRANDA DE SANTANA', '1984-04-09', 38, 11, 1, '', '', 'liranebarreto', 108, '', '', '', '', '', '0000-00-00', '', '', '3393-5561 / 8883-0424', 'lirane_@hotmail.com', 'R. LESTE, 31', 'SÃO MARCOS', 0, '41250050', 'BA', 'SALVADOR', '', '', '', '2011-03-20', 7, 6, '0000-00-00', '', '2011-10-15', 0),
(795, '', 'img_fem.jpg', 'GLEIDE VENTURA DOS SANTOS ', '1978-04-25', 38, 11, 1, '', '', 'gLEIDE', 35, '', '', '', '', '', '0000-00-00', '', 'B+', '32336728/ 81557444', 'GLEIDE LUTIELI@HOTMAIL.COM', 'RUA PROFESSOR BATISTA VIEIRA, N°23', 'PAU MIÚDO', 5, '40315430', 'BA', 'SALVADOR', '', '', '', '2011-06-12', 7, 6, '0000-00-00', 'VISITAS DOMINGO PELA MANHÃ ', '2011-10-15', 0),
(796, '', 'img_masc.jpg', 'PEDRO MATHEUS SILVA SANTANA', '1998-01-04', 37, 11, 1, '', '', 'pedromatheus', 108, '', '', '', '', '', '0000-00-00', '', '', '71-3236-0766/8723-4930', 'p.matheus2010@hotmail.com', 'VILA GENGIBIRRA DE CIMA, 17', 'GUARANI', 0, '40000000', 'BA', 'SALVADOR', '', '', '', '2011-03-19', 7, 6, '0000-00-00', 'MELHOR DIA PARA VISITA: SABADO PELA NOITE', '2011-10-15', 0),
(797, '', 'img_fem.jpg', 'AUDECI DE OLIVEIRA CONCEICAO', '1990-02-14', 38, 11, 6, '', '', 'audecideoliveira', 108, '', '', '', '', '', '0000-00-00', '', '', '71-8313-8064', '', 'AV JACOB ABRAAO, 4', 'CAIXA DAGUA', 7, '40323030', 'BA', 'SALVADOR', '', '', '', '2011-04-03', 7, 6, '0000-00-00', '', '2011-10-15', 0),
(799, '', 'img_fem.jpg', 'KEYLA ANUNCIAÇÃO NASCIMENTO', '1998-02-26', 38, 11, 1, '', '', 'keylanascimento', 108, '', '', '', '', '', '0000-00-00', '', '', '3386-7698 / 9189-6635', '', 'R. VITOR SERRA, 36 - 1º ANDAR', 'PERO VAZ', 64, '40340290', 'BA', 'SALVADOR', '', '', '', '2011-03-20', 7, 6, '0000-00-00', 'FILHA DE INÊS', '2011-10-15', 0),
(800, '', 'img_fem.jpg', 'JORGINA NASCIMENTO DOS SANTOS ', '1953-12-09', 38, 11, 2, '', '', 'jORGINA', 35, '', '', '', '', '', '0000-00-00', '', 'B+', '32445134', '', 'RUA TRAVESSA LACERDA N°13', 'LIBERDADE ', 21, '', 'BA', 'SALVADOR', '', '', '', '2011-06-12', 7, 6, '0000-00-00', 'FICA MAIS NA ILHA QUE EM SALVADOR', '2011-10-15', 0),
(801, '', 'img_masc.jpg', 'MATHEUS MORAIS DOS SANTOS ', '1994-11-24', 37, 11, 1, '', '', 'mATHEUS ', 35, '', '', '', '', '', '0000-00-00', '', 'O+', '32413594', 'MATHEUS_MORAES@HOTMAIL.COM', 'RUA DOMINGOS REQUIÃO ', 'LIBERDADE', 21, '40325470', 'BA', 'SALVADOR', '', '', '', '2011-06-12', 7, 6, '0000-00-00', 'VISITAS TERÇAS A TARDE', '2011-10-15', 0),
(802, '', 'img_fem.jpg', 'ELAINE OLIVEIRA DOS SANTOS', '1980-04-02', 38, 11, 6, '', '', 'ELAINE', 108, '', '', '', '', '', '0000-00-00', '', '', '87468606', '', 'RUA NOVE DE DEZEMBRO 12 A', 'ALTO DO CABRITO', 94, '40484690', 'BA', 'SALVADOR', '', 'BATISTA FILADELFIA', '33822002', '2011-03-20', 7, 6, '0000-00-00', 'NAO INFORMADO E-MAIL', '2011-10-15', 0),
(861, '', 'img_fem.jpg', 'SARA SANTOS MONICA FERREIRA DA SILVA', '2000-01-13', 38, 11, 1, '', '', 'SARA', 35, '', '', '', '', '', '0000-00-00', '', '', '3389-2114', 'SARA11SANTA@HOTMAIL.COM', 'R. SALDANHA MARINHO, 64', 'CAIXA DAGUA', 7, '40323010', 'BA', 'SALVADOR', '', '', '', '2012-07-08', 7, 6, '0000-00-00', '', '2012-07-17', 0),
(804, '', 'img_fem.jpg', 'LUCIENE OLIVEIRA DE ALCÂNTARA', '1974-06-07', 38, 4, 2, '', '', 'LUCIENE', 97, 'UNAI', '32982108', 'ANTONIO BISPO DE ALCANTARA NETO', 'LUCI OLIVEIRA DE ALCANTARA', 'VALDOMIRO CONCEIÇÃO DOS SANTOS FILHO', '0000-00-00', '', 'O+', '88478985', 'LUCIENE.UNAI@HOTMAIL.COM', 'RUA MANUEL DRUMOND', 'CAIXA DÁGUA', 7, '40320670', 'BA', 'SALVADOR', '', '', '', '2011-07-30', 7, 6, '0000-00-00', 'DECISÃO NO CHÁ DE MULHERES', '2011-10-15', 0),
(805, '', 'img_fem.jpg', 'ELISABETE ALPEDRIZ DE CERQUEIRA', '1981-03-07', 38, 11, 1, '', '', 'elisabete alpedriz', 108, '', '', '', '', '', '0000-00-00', '', '', '32583474', 'wendel.bete@hotmail.com', '1ª TRAVESSA MANDCHÚRIA, 26', 'CAIXA DÁGUA', 7, '40320085', 'BA', 'SALVADOR', '', '', '', '2011-08-14', 7, 6, '0000-00-00', 'MELHOR DIA PARA VISITA: SEGUNDA À NOITE. MORA JUNTO E TEM 1 FILHO - FILHA DA IRMÃ EDNA (IRMÃ DE VERA), PRIMA DE BINHO.', '2011-10-15', 0),
(806, '', 'img_masc.jpg', 'EDILTON PEREIRA DOS SANTOS ', '1979-01-24', 37, 11, 1, '', '', 'eDILTON ', 35, '', '', '', '', '', '0000-00-00', '', '', '86736815/ 88157863', '', 'RUA JOSÉ MACIEL DOS SANTOS,N°26 ', 'IAPI', 8, '', 'BA', 'SALVADOR', '', '', '', '2011-07-03', 7, 6, '0000-00-00', 'VISITAS SEXTA A NOITE E SABADO A TARDE ', '2011-10-15', 0),
(807, '', 'img_fem.jpg', 'MAIARA DE ALMEIDA C. DAS VIRGENS ', '1995-05-30', 38, 11, 1, '', '', 'mAIARA ', 35, '', '', '', '', '', '0000-00-00', '', '', '81702393', '', 'RUA DAS CRAVINAS ', 'LIBERDADE', 21, '', 'BA', 'SALVADOR', '', '', '', '2011-07-03', 7, 6, '0000-00-00', 'SABADO À TARDE', '2011-10-15', 0),
(808, '', 'img_fem.jpg', 'MAIANE DIAS TORRES', '1985-11-18', 38, 11, 1, '', '', 'MAIANE', 108, '', '', '', '', '', '0000-00-00', '', '', '30211733/87161246', '', 'RUA MADUREIRA DE PINHO EDF ', 'CAIXA D AGUA', 7, '', 'BA', 'SALVADOR', '', 'BATISTA FILADELFIA', '33822002', '2011-03-30', 7, 6, '0000-00-00', 'NAO INFORMADO E-MAIL', '2011-10-15', 0),
(809, '', 'img_fem.jpg', 'VALERIA MARIA SILVA', '1965-12-08', 38, 4, 2, '', '', '0857664700', 2, '', '', 'JOSÉ CARLOS SANTOS', 'CELIA MARIA SILVA (FALESCIDA)', 'ALÉRCIO BARBOSA PINTO', '0000-00-00', 'SALVADOR', 'A+', '92838092 / 32439318', 'VALERIA.MARIAS@HOTMAIL.COM', 'LADEIRA DO ARCO, 211', 'BARBALHO', 71, '40301146', 'BA', 'SALVADOR', '', '', '', '2011-07-30', 7, 6, '0000-00-00', 'DECISÃO NO CHÁ DE MULHERES', '2011-10-15', 0),
(810, '', 'img_masc.jpg', 'NILTON JOSÉ DA PAZ DE JESUS JÚNIOR', '1985-02-22', 37, 11, 1, '', '', 'nilton josé da paz', 108, '', '', '', '', '', '0000-00-00', '', '', '33820552/91817819', 'juninhosimi@hotmail.com', '2ª TRAVESSA SANTA MARGARIDA, 134', 'CAIXA DÁGUA', 7, '40320710', 'BA', 'SALVADOR', '', '', '', '2011-08-21', 7, 6, '0000-00-00', 'MELHOR DIA PARA VISITA: DOMINGO À TARDE.', '2011-10-15', 0),
(811, '', 'img_fem.jpg', 'LIDIANE OLIVEIRA DOS SANTOS', '1989-02-17', 38, 11, 1, '', '', 'lidianeoliveira', 108, '', '', '', '', '', '0000-00-00', '', '', '3386-3615 / 8202-8782', 'lidyane_17@hotmail.com', 'PÇ. JOÃO GUILHERME DA ROCHA BARROS, 4', 'CAIXA DÁGUA', 7, '40321010', 'BA', 'SALVADOR', '', '', '', '2011-03-19', 7, 6, '0000-00-00', 'DISPONIVEL PARA VISITA SÁBADO A TARDE - SOBRINHA DE HEMILTON', '2011-10-15', 0),
(812, '', 'img_masc.jpg', 'LUAN AMARAL VIANA', '1988-04-22', 37, 11, 1, '', '', 'LUAN', 35, '', '', '', '', '', '0000-00-00', '', '', '87513288', 'LUAN.SPIDERMAN@HOTMAIL.COM', 'RUA FREITAS HENRIQUE DE CIMA, 88, 2º ANDAR', 'CAIXA DÁGUA', 7, '40320150', 'BA', 'SALVADOR', '', '', '', '2011-07-10', 7, 6, '0000-00-00', '', '2011-10-15', 0),
(813, '', 'img_fem.jpg', 'ENEIDA LUIZA ADORNO DOS SANTOS NASCIMENTO', '0000-00-00', 38, 11, 6, '', '', 'ENEIDA', 108, '', '', '', '', '', '0000-00-00', '', '', '32566803', 'ENE_LUZ_NASC@HOTMAIL.COM', 'RUA VITOR SENA 74, 1 ANDAR', 'PERO VAZ', 64, '40340290', 'BA', 'SALVADOR', '', 'BATISTA FILADELFIA', '33822002', '2011-03-20', 7, 6, '0000-00-00', 'NAO INFORMOU RH, NASCIMENTO, FILHA DA PROFESSORA ANGELICA', '2011-10-15', 0),
(814, '', 'img_masc.jpg', 'VALMIR ANTÔNIO FALCÃO', '1963-05-10', 37, 11, 1, '', '', 'valmir antônio', 108, '', '', '', '', '', '0000-00-00', '', '', '8732-5222', '', 'RUA MANOEL DRUMONT, 14', 'CAIXA DÁGUA', 7, '40320670', 'BA', 'SALVADOR', '', '', '', '2011-08-21', 7, 6, '0000-00-00', 'MELHOR DIA PARA VISITA: DOMINGO À TARDE.', '2011-10-15', 0),
(815, '', 'img_masc.jpg', 'Membro flutuante', '0000-00-00', 37, 8, 6, '', '', '212121212121', 2, '', '', '', '', '', '0000-00-00', '', '', '', '', '', '', 82, '', 'AM', '', '', '', '', '0000-00-00', 6, 6, '0000-00-00', '', '2011-10-15', 0),
(826, '', 'img_masc.jpg', 'DIEGO PITA SILVA', '1991-02-04', 37, 11, 1, '', '', 'DIEGO PITA', 35, '', '', '', '', '', '0000-00-00', '', 'A+', '87938801 / 33866149', 'DIEGO_PITTA@HOTMAIL.COM', 'R. BENTO SABINO DAS REIS, 23', 'CAIXA DAGUA', 7, '40320040', 'BA', 'SALVADOR', '', '', '', '2011-10-30', 7, 6, '0000-00-00', '', '2011-11-25', 0),
(827, '', 'img_masc.jpg', 'JOAO VICTOR SOUSA DE OLIVEIRA', '2002-04-01', 37, 11, 1, '', '', 'JOAO', 35, '', '', '', 'ALTANICE', '', '0000-00-00', '', '', '96087580', '', '2º TRAV. MANOEL DRUMOND, 27', 'CAIXA DAGUA', 7, '40320195', 'BA', 'SALVADOR', '', '', '', '2011-10-30', 7, 6, '0000-00-00', '', '2011-11-25', 0),
(824, '', 'img_fem.jpg', 'ALINE MARIA AMARAL DO NASCIMENTO', '2001-03-25', 38, 11, 1, '', '', 'ALINE', 35, '', '', '', '', '', '0000-00-00', '', '', '87777284', '', 'FREITAS HENRIQUE DE CIMA', 'CAIXA DAGUA', 7, '', 'BA', 'SALVADOR', '', '', '', '2011-10-16', 7, 6, '0000-00-00', 'DIA DE VISITA: TODOS OS DIAS A NOITE', '2011-10-21', 0),
(828, '', 'img_fem.jpg', 'ALINE AMORIM ANDRADE', '1992-05-08', 38, 11, 1, '', '', 'ALINE', 35, '', '', '', '', '', '0000-00-00', '', '', '75 81844403 / 71 82682601', 'LINE.AMORIM@HOTMAIL.COM', '', '', 82, '', 'BA', '', '', '', '', '2011-10-30', 7, 6, '0000-00-00', '', '2011-11-25', 0),
(829, '', 'img_fem.jpg', 'ESTER SILVA FERREIRA DE SANTANA', '1998-12-05', 38, 11, 1, '', '', 'ESTER', 35, '', '', '', '', '', '0000-00-00', '', '', '33868634', 'RAINHAESTER89@HOTMAIL.COM', 'R. ASTROZILDO SEPULVEDA, 13', 'IAPI', 8, '40340765', 'BA', 'SALVADOR', '', '', '', '2011-10-30', 7, 6, '0000-00-00', '', '2011-11-25', 0),
(866, '', 'img_fem.jpg', 'LUCINEIDE SILVA DE LIMA', '1980-06-06', 38, 11, 1, '', '', 'LUCINEIDE', 35, '', '', '', '', '', '0000-00-00', '', '', '8223-1937', '', 'RUA 29 DE OUTUBRO, 2ª TRAV. ITAPUA', 'ITAPUA', 0, '', 'BA', 'SALVADOR', '', '', '', '2012-07-22', 7, 6, '0000-00-00', '', '2012-08-15', 0),
(831, '', 'img_fem.jpg', 'JUCILENE SANTOS SILVA', '1976-09-10', 38, 11, 2, '', '', 'JUCILENE', 35, '', '', '', '', 'GILDENARIO', '0000-00-00', '', 'B+', '32340700 / 81564506', 'JUCYPEROLA@HOTMAIL.COM', 'R. BENJAMIM FRANKLIN, 76A', 'BAIRROS REIS', 30, '40315530', 'BA', 'SALVADOR', '', '', '', '2011-10-23', 7, 6, '0000-00-00', '', '2011-11-25', 0),
(832, '', 'img_masc.jpg', 'GILDENARIO SILVA MONTEIRO', '1971-12-10', 37, 11, 2, '', '', 'GILDENARIO', 35, '', '', '', '', 'JUCILENE', '0000-00-00', '', 'O+', '32340700 / 81564506', 'JUCYPEROLA@HOTMAIL.COM', 'R. BENJAMIM FRANKLIN, 76A', 'BARROS REIS', 30, '40315530', 'BA', 'SALVADOR', '', '', '', '2011-10-23', 7, 6, '0000-00-00', '', '2011-11-25', 0),
(833, '', 'img_fem.jpg', 'SHEILA ROCHA DA SILVA', '1986-05-23', 38, 11, 1, '', '', 'SHEILA', 35, '', '', '', '', '', '0000-00-00', '', 'O+', '86647078 / 33865745', 'SHEYLAROCH@HOTMAIL.COM', 'R. DOMINGOS BAIÃO, 28', 'CAIXA DAGUA', 7, '40320080', 'BA', 'SALVADOR', '', '', '', '2011-11-06', 7, 6, '0000-00-00', '', '2011-11-25', 0),
(834, '', 'img_fem.jpg', 'CARINA MARIA DE ARAUJO REGO', '1984-06-22', 38, 11, 1, '', '', 'CARINA', 35, '', '', '', '', '', '0000-00-00', '', '', '33813294 / 82602333', 'CARINA-REGO21@HOTMAIL.COM', 'R. MANOEL DRUMOND, 56', 'CAIXA DAGUA', 7, '40320670', 'BA', 'SALVADOR', '', '', '', '2011-11-06', 7, 6, '0000-00-00', '', '2011-11-25', 0),
(835, '', 'img_fem.jpg', 'ELIENE AZEVEDO ARAUJO', '1962-10-05', 38, 11, 4, '', '', 'ELIENE', 35, '', '', '', '', '', '0000-00-00', '', '', '30191815', '', 'R. SALDANHA MARINHO, 179', 'CAIXA DAGUA', 7, '40323010', 'BA', 'SALVADOR', '', '', '', '2011-11-13', 7, 6, '0000-00-00', '', '2011-11-25', 0),
(836, '', 'img_masc.jpg', 'LUIZ JADSON AMORIM DE SOUZA', '1977-07-20', 37, 11, 1, '', '', 'LUIZ', 35, '', '', '', '', '', '0000-00-00', '', '', '88447230', '', 'R. FREITAS HENRIQUE DE BAIXO, 05', 'CAIXA DAGUA', 7, '', 'BA', 'SALVADOR', '', '', '', '2011-11-13', 7, 6, '0000-00-00', '', '2011-11-25', 0),
(839, '', 'img_fem.jpg', 'ITALA DOS ANJOS SANTOS', '1994-09-18', 38, 11, 6, '', '', 'ITALA', 35, '', '', '', '', '', '0000-00-00', '', '', '33862893', 'ITALA_STILOMARRENTA@HOTMAIL.COM', 'RUA CONDE DE PORTO ALEGRE, AV. DIVA 03', 'IAPI', 8, '40330200', 'BA', 'SALVADOR', '', '', '', '2011-12-11', 7, 6, '0000-00-00', '', '2011-12-12', 0),
(840, '', 'img_fem.jpg', 'JAQUELINE NASCIMENTO DOS ANJOS', '1995-11-20', 38, 11, 1, '', '', 'JAQUELINE NASCIMENTO', 35, '', '', '', '', '', '0000-00-00', '', '', '32566135', 'JAQUELINENASCIMENTO@HOTMAIL.COM', '2ª TRAV. CARNEIRO DA ROCHA, 7A', 'IAPI', 8, '40330200', 'BA', 'SALVADOR', '', '', '', '2011-12-11', 7, 6, '0000-00-00', '', '2011-12-12', 0),
(841, '', 'img_fem.jpg', 'DANIELE NASCIMENTO DOS ANJOS', '1998-01-18', 38, 11, 1, '', '', 'DANIELE', 35, '', '', '', '', '', '0000-00-00', '', '', '33866135', 'DANIELESAPEKINHA@HOTMAIL.COM', '2ª TRAV. CARNEIRO DA ROCHA, 7A', 'IAPI', 8, '40330200', 'BA', 'SALVADOR', '', '', '', '2011-12-11', 7, 6, '0000-00-00', '', '2011-12-12', 0),
(842, '', 'img_fem.jpg', 'BEATRIZ ALVES AMARAL CHAVES', '1997-06-07', 38, 11, 1, '', '', 'BEATRIZ', 35, '', '', '', '', '', '0000-00-00', '', '', '83633183', 'BIIAXINHA2008@HOTMAIL.COM', 'RUA CONDE DE PORTO ALEGRE', 'IAPI', 8, '40330200', 'BA', 'SALVADOR', '', '', '', '2011-12-11', 7, 6, '0000-00-00', '', '2011-12-12', 0),
(875, '', 'img_masc.jpg', 'ALEX NEI ROSA DE ALMEIDA', '1973-07-09', 37, 11, 1, '', '', 'ALEX', 35, '', '', '', '', '', '0000-00-00', '', '', '3386-2576', '', 'AV. PEIXE, 23', 'PERO VAZ', 64, '40335611', 'BA', 'SALVADOR', 'JORGE BEZERRA', 'IBF', '', '2013-11-10', 7, 6, '0000-00-00', 'PRIMO DE WILSON (NICE)', '2013-11-19', 0),
(844, '', 'img_fem.jpg', 'ELZARINA FERREIRA MENAS SANTOS', '1965-05-24', 38, 11, 4, '', '', 'ELZARINA', 35, '', '', '', '', '', '0000-00-00', '', 'O-', '87878513 / 33861462', 'ELZARINA15@HOTMAIL.COM', 'R. EVERALDO VIEIRA, 04', 'IAPI', 8, '40330505', 'BA', 'SALVADOR', '', '', '', '2011-12-18', 7, 6, '0000-00-00', '', '2011-12-21', 0),
(845, '', 'img_masc.jpg', 'PAULO DIAS ARAUJO', '1948-12-12', 37, 11, 2, '', '', 'PAULO', 35, '', '', '', '', '', '0000-00-00', '', '', '73 31352920', '', 'CAMINHO 11 CASA 04', 'ACM', 93, '', 'BA', 'IPIAU', '', '', '', '2011-12-18', 7, 6, '0000-00-00', '', '2011-12-21', 0),
(846, '', 'img_masc.jpg', 'RAFAEL SANTOS DE JESUS', '2002-04-11', 37, 11, 1, '', '', 'RAFAEL', 35, '', '', '', '', '', '0000-00-00', '', '', '8711-0133', '', 'R. ALTO DO CRUZEIRO', 'PAU MIUDO', 5, '', 'BA', 'SALVADOR', '', '', '', '2012-01-08', 7, 6, '0000-00-00', '', '2012-02-29', 0),
(847, '', 'img_masc.jpg', 'ANTONIO ALMEIDA DIAS', '1948-08-01', 37, 2, 5, '', '', 'ANTONIO', 51, '', '', 'RANULFO OTACILIO DIAS', 'MARIESTI ALMEIDA DIAS', '', '0000-00-00', '', '', '33864025', '', 'R. PEDRO IVO, 11', 'CAIXA DAGUA', 7, '40320010', 'BA', 'SALVADOR', '', '', '', '2012-01-08', 7, 6, '0000-00-00', '', '2012-02-29', 0),
(876, '', 'img_fem.jpg', 'NEIDE JESUS MAIA', '0000-00-00', 38, 11, 1, '', '', 'NEIDE', 35, '', '', '', '', '', '0000-00-00', '', '', '8665-7825', '', 'RUA JOSE MARIISPINTO, 96, CASA 7', 'CAIXA DAGUA', 7, '', 'BA', 'SALVADOR', '', '', '', '2013-11-12', 7, 6, '0000-00-00', '', '2013-11-19', 0),
(877, '', 'img_fem.jpg', 'LINDALVA NAZARIO SILVA', '0000-00-00', 38, 11, 1, '', '', 'LINDALVA', 35, '', '', '', '', '', '0000-00-00', '', '', '8720-9730', '', 'RUA LUXURIA', 'CAIXA DAGUA', 7, '', 'BA', 'SALVADOR', '', '', '', '2013-11-12', 7, 6, '0000-00-00', '', '2013-11-19', 0),
(849, '', 'img_masc.jpg', 'LUIS EDUARDO ALEXANDRIA RIBEIRO', '1987-02-13', 37, 11, 1, '', '', 'LUIS', 35, '', '', '', '', '', '0000-00-00', '', '', '86372625', 'LUISINHOPSIRICO87@HOTMAIL.COM', 'R. REGIR PACHECO', 'CIDADE NOVA', 83, '40310380', 'BA', 'SALVADOR', '', '', '', '2012-02-14', 7, 6, '0000-00-00', '', '2012-03-01', 0),
(850, '', 'img_masc.jpg', 'LAILSON BASTOS DA SILVA', '1997-01-27', 37, 11, 1, '', '', 'LAILSON', 35, '', '', '', '', '', '0000-00-00', '', '', '9179-6339 / 9194-7783', '', 'FREITAS HENRIQUE DE CIMA, 85', 'CAIXA DAGUA', 7, '', 'BA', 'SALVADOR', '', '', '', '2012-03-24', 7, 6, '0000-00-00', '', '2012-03-27', 0),
(851, '', 'img_fem.jpg', 'RAILDA SANTOS NASCIMENTO', '1979-06-01', 38, 11, 1, '', '', 'RAILDA', 35, '', '', '', '', '', '0000-00-00', '', 'O-', '8859-1947', 'LYANDRA26@HOTMAIL.COM', 'AV. SETE DE SETEMBRO, 2141', 'VITORIA', 0, '40080002', 'BA', 'SALVADOR', '', '', '', '2012-03-11', 7, 6, '0000-00-00', '', '2012-03-27', 0),
(862, '', 'img_fem.jpg', 'RAFAELA MIRANDA ALMEIDA', '1996-09-27', 38, 11, 1, '', '', 'RAFAELA', 35, '', '', '', '', '', '0000-00-00', '', '', '3241-8047', 'RAFAELA__MIRANDA@HOTMAIL.COM', 'R. SALDANHA MARINHO, 97A', 'CAIXA DAGUA', 7, '40323010', 'BA', 'SALVADOR', '', '', '', '2012-07-08', 7, 6, '0000-00-00', '', '2012-07-17', 0),
(853, '', 'img_masc.jpg', 'CLAUDIO ROBERTO LIMA DA SILVA', '1981-02-14', 37, 11, 1, '', '', 'CLAUDIO', 35, '', '', '', '', '', '0000-00-00', '', '', '8772-2102', 'CLAUDIO_LE@HOTMAIL.COM', 'ESTREDA DA MANDICHURIA, 95E', 'CAIXA DAGUA', 7, '40320570', 'BA', 'SALVADOR', '', '', '', '2012-03-11', 7, 6, '0000-00-00', '', '2012-03-27', 0),
(854, '', 'img_masc.jpg', 'LUCIANO PROENÇA COSTA LOPES', '1994-12-21', 37, 11, 1, '', '', 'LUCIANO', 35, '', '', '', '', '', '0000-00-00', '', '', '8682-3238', 'LUCIANOLOPES11@HOTMAIL.COM', '1ª MANDICHURIA', 'CAIXA DAGUA', 7, '40320570', 'BA', 'SALVADOR', '', '', '', '2012-03-11', 7, 6, '0000-00-00', '', '2012-03-27', 0),
(855, '', 'img_fem.jpg', 'NATASHA FRANCO DANNEMANN', '1994-07-14', 38, 11, 1, '', '', 'NATASHA', 35, '', '', '', '', '', '0000-00-00', '', '', '3386-1131', 'NATASHA-GIRL01@HOTMAIL.COM', 'RUA SÃO TOMÉ', 'CAIXA DAGUA', 7, '', 'BA', 'SALVADOR', '', '', '', '2012-04-01', 7, 6, '0000-00-00', '', '2012-04-02', 0),
(856, '', 'img_fem.jpg', 'MELISSA ALMEIDA DA SILVA', '2002-04-13', 38, 11, 1, '', '', 'MELISSA', 35, '', '', '', '', '', '0000-00-00', '', '', '8840-5303', '', 'R. FREITAS HENRIQUE DE CIMA, 35', 'CAIXA DAGUA', 7, '40320150', 'BA', 'SALVADOR', '', '', '', '2012-04-08', 7, 6, '0000-00-00', '', '2012-04-09', 0),
(857, '', 'img_fem.jpg', 'TAIS NASCIMENTO DE ALMEIDA', '1996-09-23', 38, 11, 1, '', '', 'TAIS', 35, '', '', '', '', '', '0000-00-00', '', '', '8840-5303', 'TAISAPECA@HOTMAIL.COM', 'FREITAS HENRIQUE DE CIMA, 35', 'CAIXA DAGUA', 7, '40320150', 'BA', 'SALVADOR', '', '', '', '2012-04-08', 7, 6, '0000-00-00', '', '2012-04-09', 0),
(858, '', 'img_masc.jpg', 'VALBER DA SILVA PINTO', '1959-06-10', 37, 11, 4, '', '', 'VALBER', 35, '', '', '', '', '', '0000-00-00', '', '', '8788-7518', '', 'R. AUGUSTO GUIMARAES, 158', 'SOLEDADE', 0, '', 'BA', 'SALVADOR', '', '', '', '2012-04-08', 7, 6, '0000-00-00', '', '2012-04-09', 0),
(863, '', 'img_fem.jpg', 'LAISE ALBAN DE LIRA', '1985-02-14', 38, 11, 1, '', '', 'LAISE', 35, '', '', '', '', '', '0000-00-00', '', 'A+', '8653-6311', 'ESSA_MENINA@HOTMAIL.COM', 'R. DR. OTAVIANO PIMENTA, 199', 'BROTAS', 16, '40255380', 'BA', 'SALVADOR', '', '', '', '2012-04-29', 7, 6, '0000-00-00', '', '2012-07-17', 0),
(864, '', 'img_fem.jpg', 'ITARACI BARBOSA DOS SANTOS', '0000-00-00', 38, 11, 1, '', '', 'ITARACI', 35, '', '', '', '', '', '0000-00-00', '', '', '8645-6697', '', 'FREITAS HENRIQUE DE CIMA, TV PARAISO, 19E', 'CAIXA DAGUA', 7, '', 'BA', 'SALVADOR', '', '', '', '2012-07-14', 7, 6, '0000-00-00', 'ACEITOU NA AÇAO SOCIAL', '2012-07-17', 0),
(865, '', 'img_fem.jpg', 'EDIMEIRE DOS SANTOS COUTINHO', '1964-10-27', 38, 11, 2, '', '', 'EDIMEIRE', 35, '', '', '', '', '', '0000-00-00', '', '', '3244-1348', '', 'AV. SAO JORGE, 10C', 'CIDADE NOVA', 83, '40313470', 'BA', 'SALVADOR', '', '', '', '2012-07-15', 7, 6, '0000-00-00', '', '2012-07-17', 0),
(867, '', 'img_fem.jpg', 'JACIARA CARLA DOS SANTOS', '1984-05-15', 38, 11, 1, '', '', 'JACIARA', 35, '', '', '', '', '', '0000-00-00', '', 'O-', '8329-0209', '', 'R. FREITAS HENRIQUE DE CIMA, 74', 'CAIXA DAGUA', 7, '', 'BA', 'SALVADOR', '', '', '', '2012-07-22', 7, 6, '0000-00-00', '', '2012-08-15', 0),
(868, '', 'img_fem.jpg', 'LOURDES ROSA DE ALMEIDA', '1944-06-18', 38, 11, 6, '', '', 'LOURDES ROSA', 35, '', '', '', '', '', '0000-00-00', '', '', '3234-6128', '', 'R. FREITAS HENRIQUE DE CIMA, 19', 'CAIXA DAGUA', 7, '', 'BA', 'SALVADOR', '', '', '', '2012-07-22', 7, 6, '0000-00-00', '', '2012-08-15', 0),
(869, '', 'img_masc.jpg', 'RICARDO SANTANA CARBALLAL', '1990-11-11', 37, 11, 1, '', '', 'RICARDO', 35, '', '', '', '', '', '0000-00-00', '', '', '8703-8664 / 3488-3920', 'RICARDOCERDEIRAALVES@HOTMAIL.COM', 'R. HEITOR DIAS, 218 CASA', 'COSME DE FARIAS', 0, '40253090', 'BA', 'SALVADOR', '', '', '', '2012-07-22', 7, 6, '0000-00-00', '', '2012-08-15', 0),
(870, '', 'img_fem.jpg', 'JOSEFA BOMFIM ARGOLO', '1988-01-30', 38, 11, 1, '', '', 'JOSEFA', 35, '', '', '', '', '', '0000-00-00', '', '', '8639-1066', '', 'R. OSORIO VILAS BOAS, 36', 'CIDADE NOVA', 83, '', 'BA', 'SALVADOR', '', '', '', '2012-08-06', 7, 6, '0000-00-00', '', '2012-08-15', 0),
(878, '', 'img_masc.jpg', 'LUIS EDUARDO OLIVEIRA SILVA', '1998-05-25', 37, 11, 1, 'CECR - CLASSE 4', '', '1610164563', 36, '', '', 'REINALDO DOS ANJOS SILVA', 'MONICA SILVA DE OLIVEIRA', '', '0000-00-00', '', '', '8735-4947 / 3381-3940', '', 'RUA 20 DE AGOSTO, 115', 'CAIXA DAGUA', 7, '40310620', 'BA', 'SSA', '', '', '', '2013-11-12', 7, 6, '0000-00-00', '', '2013-11-19', 0),
(873, '', 'img_fem.jpg', 'TACIANE SOUZA ALVES', '1994-04-17', 38, 11, 1, '', '', 'TACIANE', 35, '', '', '', '', '', '0000-00-00', '', '', '8345-1200', 'TACY-ALVES@HOTMAIL.COM', 'PÇ JOAO GUILHERME DA ROCHA BARROS, 09', 'CAIXA DAGUA', 7, '40321010', 'BA', 'SSA', '', '', '', '2012-08-26', 7, 6, '0000-00-00', 'CONSELHEIRA ALINE', '2012-08-28', 0),
(879, '', 'img_masc.jpg', 'VITOR GABRIEL SILVA DOS ANJOS', '2000-12-06', 37, 11, 1, 'ALVARO SILVA', '', 'VITOR', 36, '', '', 'REINALDO DOS ANJOS SILVA', 'MARCIA SILVA DE CARVALHO', '', '0000-00-00', '', '', '8735-4947 / 3386-5495', '', 'RUA BENTO SABINO DOS REIS, 14', 'CAIXA DAGUA', 7, '40320040', 'BA', 'SALVADOR', '', '', '', '2013-11-12', 7, 6, '0000-00-00', '', '2013-11-19', 0),
(880, '', 'img_masc.jpg', 'RENAN PEREIRA SILVA', '0000-00-00', 37, 11, 1, '', '', 'RENAN', 35, '', '', '', '', '', '0000-00-00', '', '', '3233-5809 / 8503-1522', '', 'RUA FREITAS HENRIQUE DE BAIXO, 08', 'CAIXA DAGUA', 7, '', 'BA', 'SALVADOR', '', '', '', '2013-11-12', 7, 6, '0000-00-00', '', '2013-11-19', 0);

-- --------------------------------------------------------

--
-- Estrutura da tabela `instrucao`
--

CREATE TABLE IF NOT EXISTS `instrucao` (
  `pk_instrucao` int(11) NOT NULL AUTO_INCREMENT,
  `nm_instrucao` varchar(50) NOT NULL,
  PRIMARY KEY (`pk_instrucao`)
) ENGINE=MyISAM  DEFAULT CHARSET=latin1 AUTO_INCREMENT=12 ;

--
-- Extraindo dados da tabela `instrucao`
--

INSERT INTO `instrucao` (`pk_instrucao`, `nm_instrucao`) VALUES
(1, 'fundamental'),
(2, '1. grau'),
(3, '2. grau'),
(4, 'Superior'),
(5, 'Pós-Graduação'),
(6, '2. grau - incompleto'),
(7, 'Superior - incompleto'),
(8, '1. grau incompleto'),
(9, 'Não alfabetizado(a)'),
(10, 'Ensino Medio'),
(11, 'Não informado');

-- --------------------------------------------------------

--
-- Estrutura da tabela `membros`
--

CREATE TABLE IF NOT EXISTS `membros` (
  `pk_membro` int(11) NOT NULL AUTO_INCREMENT,
  `fg_membro` blob NOT NULL,
  `te_foto` varchar(30) COLLATE latin1_general_ci NOT NULL,
  `nm_membro` varchar(50) COLLATE latin1_general_ci NOT NULL,
  `dt_nascimento` date NOT NULL,
  `fk_sexo` int(11) NOT NULL DEFAULT '37',
  `fk_instrucao` int(11) NOT NULL,
  `fk_estado` int(11) NOT NULL DEFAULT '1',
  `nm_escola` varchar(50) COLLATE latin1_general_ci NOT NULL,
  `nu_tel_escola` varchar(40) COLLATE latin1_general_ci NOT NULL,
  `nu_rg` varchar(20) COLLATE latin1_general_ci NOT NULL,
  `fk_profissao` int(11) NOT NULL DEFAULT '28',
  `nm_empresa` varchar(50) COLLATE latin1_general_ci NOT NULL,
  `nu_tel_empresa` varchar(40) COLLATE latin1_general_ci NOT NULL,
  `nm_pai` varchar(50) COLLATE latin1_general_ci NOT NULL,
  `nm_mae` varchar(50) COLLATE latin1_general_ci NOT NULL,
  `nm_conjuge` varchar(50) COLLATE latin1_general_ci NOT NULL,
  `dt_casamento` date NOT NULL,
  `nm_local` varchar(50) COLLATE latin1_general_ci NOT NULL,
  `nm_rh` varchar(20) COLLATE latin1_general_ci NOT NULL,
  `nu_tel_casa` varchar(30) COLLATE latin1_general_ci NOT NULL,
  `nm_email` varchar(70) COLLATE latin1_general_ci NOT NULL,
  `nm_logra` varchar(70) COLLATE latin1_general_ci NOT NULL,
  `nm_bairro1` varchar(40) COLLATE latin1_general_ci NOT NULL,
  `fk_bairro` int(11) NOT NULL,
  `nu_cep` varchar(8) COLLATE latin1_general_ci NOT NULL,
  `nm_uf` varchar(2) COLLATE latin1_general_ci NOT NULL,
  `nm_cidade` varchar(50) COLLATE latin1_general_ci NOT NULL,
  `nm_pastor` varchar(50) COLLATE latin1_general_ci NOT NULL,
  `nm_igreja` varchar(50) COLLATE latin1_general_ci NOT NULL,
  `nu_tel_igreja` varchar(40) COLLATE latin1_general_ci NOT NULL,
  `dt_admissao` date NOT NULL,
  `fk_entrada` int(11) NOT NULL DEFAULT '2',
  `fk_saida` int(11) NOT NULL DEFAULT '6',
  `dt_saida` date NOT NULL,
  `te_observacao` text COLLATE latin1_general_ci NOT NULL,
  `dt_cadastro` date NOT NULL,
  `fk_usuario` int(11) NOT NULL,
  PRIMARY KEY (`pk_membro`),
  KEY `fk_sexo` (`fk_sexo`),
  KEY `fk_profissao` (`fk_profissao`),
  KEY `fk_instrucao` (`fk_instrucao`),
  KEY `fk_estado` (`fk_estado`),
  KEY `fk_entrada` (`fk_entrada`),
  KEY `fk_saida` (`fk_saida`),
  KEY `fk_usuario` (`fk_usuario`),
  KEY `fk_bairro` (`fk_bairro`)
) ENGINE=MyISAM  DEFAULT CHARSET=latin1 COLLATE=latin1_general_ci AUTO_INCREMENT=1276 ;

--
-- Extraindo dados da tabela `membros`
--

INSERT INTO `membros` (`pk_membro`, `fg_membro`, `te_foto`, `nm_membro`, `dt_nascimento`, `fk_sexo`, `fk_instrucao`, `fk_estado`, `nm_escola`, `nu_tel_escola`, `nu_rg`, `fk_profissao`, `nm_empresa`, `nu_tel_empresa`, `nm_pai`, `nm_mae`, `nm_conjuge`, `dt_casamento`, `nm_local`, `nm_rh`, `nu_tel_casa`, `nm_email`, `nm_logra`, `nm_bairro1`, `fk_bairro`, `nu_cep`, `nm_uf`, `nm_cidade`, `nm_pastor`, `nm_igreja`, `nu_tel_igreja`, `dt_admissao`, `fk_entrada`, `fk_saida`, `dt_saida`, `te_observacao`, `dt_cadastro`, `fk_usuario`) VALUES
(242, '', 'img_fem.jpg', 'DAGMAR SANTOS DE JESUS', '1974-11-14', 38, 5, 1, 'OLGA METTING', '', '0597387664', 26, 'TRANSALVADOR', '210937003', 'ADOLFO CARDOSO DE JESUS', 'CELINA DOS SANTOS', '', '0000-00-00', '', '', '34816464 / 87659855', 'dagmarj@ig.com.br', 'MARQUÊS DE MARICA, 97', 'PAU MIÚDO', 5, '40310000', 'BA', 'SALVADOR', 'MANOEL JOAQUIM FILHO', 'BETESDA', '', '0000-00-00', 1, 6, '0000-00-00', '', '2011-10-01', 0),
(243, '', 'img_fem.jpg', 'MARIA LUCIA PEREIRA DE ALMEIDA', '1954-05-22', 38, 4, 4, 'Ufba', '', '655.883.63', 35, 'Aposentada', '', 'Eurico Alves de Almeida', 'Antonieta Pereira de Almeida', '', '0000-00-00', '', ' A+', '71-3234-2798', 'mlasoares@hotmail', 'AV. SÃO CRITOVAO, 360, COND. AUREA SAMPAIO, ED. GR', 'SAO CRISTOVAO', 25, '41510333', 'BA', 'Salvador', 'Natanael Quadros Barreto', 'Igreja Batista Filadelfia', '32440324', '0000-00-00', 2, 6, '0000-00-00', 'CPF: 078.144.455-15 / END: AV. SÃO CRITOVAO, 360, COND. AUREA SAMPAIO, ED. GRANADA, AP. 001', '2011-10-01', 0),
(244, '', 'img_fem.jpg', 'DALVA DA SILVA OLIVEIRA', '1957-01-25', 38, 6, 5, '', '', '114819313', 20, '', '', 'MILTON JOSE DE OLIVEIRA', 'TEREZINHA MUNIZ DA SILVA', '', '0000-00-00', '', 'O+', '3242-6839 / 8532-5795', '', 'RUA HAVAI, 35', 'CAIXA D`AGUA', 7, '40320540', 'BA', 'SALVADOR', 'JORGE DA PAZ', 'BATISTA FILADELFIA', '33822002', '2009-06-30', 2, 6, '0000-00-00', '', '2011-10-01', 0),
(919, '', 'img_fem.jpg', 'IASMINE NASCIMENTO ALEXANDRIA FERNANDES', '1989-10-16', 38, 7, 1, 'UNIFACS', '', '1374335495', 35, 'JULIANA RABINOVITS ATELIER', '9239-0613', 'INITHALAZZI TADEU RIBEIRO FERNANDES', 'MARCIA ANTONIA ALEXANDRIA SANTOS', '', '0000-00-00', '', '', '9240-3043', '', '2ª TV. MANDICHURIA, 5, TERREO', 'CX DAGUA', 7, '40320185', 'BA', 'SSA', 'BISPO ATILA BRANDAO', 'CAMINHO DAS ARVORES', '', '2012-09-02', 1, 6, '0000-00-00', '', '2012-09-10', 0),
(246, '', 'img_masc.jpg', 'CAIOU DOS SANTOS CERQUEIRA', '1989-11-17', 37, 7, 2, 'UFBA', '', '1116885158', 35, '', '', 'Silailton de Jesus Cerqueira', 'Léa Dias dos Santos', '', '0000-00-00', '', 'O+', '9307-1377 / 8746-6654', 'CAIOUCERQUEIRA@GMAIL.COM', 'TV. NOVA DO CRUZEIRO, 15A', 'PAU MIUDO', 5, '40310285', 'BA', 'Salvador', 'Israel Alves Ferreira', 'Assembléia de Deus', '', '2009-12-20', 1, 6, '0000-00-00', '', '2011-10-01', 0),
(247, '', 'img_fem.jpg', 'EDELZUITA DE JESUS REIS', '1980-03-04', 38, 3, 1, '', '', '07331997-04', 35, '', '', 'ALFREDO GONÇALVES REIS', 'MATILDE LEAL DE JESUS', '', '0000-00-00', '', '', '32564001', '', 'PRAÇA DAS AMENDOEIRAS, 06', 'IAPI', 8, '40323320', 'BA', 'SALVADOR', 'JORGE COUTO', 'IGREJA BATISTA FILADELFIA', '33822002', '2010-12-25', 2, 6, '0000-00-00', '', '2011-10-01', 0),
(248, '', 'img_fem.jpg', 'ADENILDES DOS SANTOS OLIVEIRA', '1945-08-06', 38, 2, 5, '', '', '815195', 38, '', '', 'MANOEL PEDRO DOS SANTOS', 'FRANCISCA SOUZA SANTOS', 'GEOVÁ AUGUSTO FESCINA DE OLIVEIRA ', '0000-00-00', '', '0+', '3234-3568', '', 'AV. JOANA DARCK, 20, MANDICHURIA', 'CAIXA DÁGUA', 7, '40320650', 'BA', 'SALVADOR', 'ORLANDO', 'BATISTA FILADELFIA', '', '1993-07-04', 2, 6, '0000-00-00', '', '2011-10-01', 0),
(249, '', 'img_fem.jpg', 'CAMILA BARROS ARAUJO DA PAZ FARIAS', '1988-05-26', 38, 4, 2, '', '', '1170128742', 35, 'CONTAX', '', 'MOISES SANTANA DA PAZ', 'JUSSARA BARROS ARAUJO', 'AMARILDO DE SOUZA FARIAS', '0000-00-00', 'IGREJA BATISTA FILADELFIA', 'AB+', '8132-5644', 'KMYLLAFOCUS@HOTMAIL.COM', 'RUA SALDANHA MARINHO 107 CASA B', 'CAIXA DAGUA', 7, '40323010', 'BA', 'SALVADOR', 'ITAGUARACY B. DOS SANTOS', 'IGREJA BATISTA FILADELFIA', '', '2001-12-31', 2, 3, '2016-04-04', 'DESLIGADO DO ROL DE MEMBROS POR AUSÊNCIA EM 04/04/2016', '2011-10-01', 0),
(250, '', 'img_masc.jpg', 'FÁBIO DA CRUZ CERQUEIRA', '1978-03-16', 37, 3, 2, '', '', '0706789520', 6, '', '', 'ANTÔNIO FERREIRA CERQUEIRA', 'CELICE SANTOS DA CRUZ', 'LILIAN MARIA', '0000-00-00', '', 'A+', '33827730/88374938', '', 'SEGUNDA TRAVESSA DA MANDICHURIA, 14', 'CAIXA DÁGUA', 7, '40320260', 'BA', 'SALVADOR', 'ITAGUARACY', 'IGREJA BATISTA FILADÉLFIA', '33822002', '2000-05-14', 2, 6, '0000-00-00', '', '2011-10-01', 0),
(251, '', 'img_fem.jpg', 'EDIANE MARIA LOPES REQUIÃO', '1980-09-02', 38, 3, 2, '', '', 'EDIANE', 14, '', '', 'HUMBERTO FERREIRA REQUIÃO', 'MARIVALDA LOPES REQIÃO', 'ANDERSON SACRAMENTO DA SILVA', '0000-00-00', '', 'O+', '32418227 / 88633973', 'ANDI.DICA@HOTMAIL.COM', 'RUA BARÃO DA VILA DA BARRA, AV. QUEIROZ, 27', 'SOLEDADE', 9, '40325040', 'BA', 'SALVADOR', 'ITAGUARACY', 'IGREJA BATISTA FILADELFIA', '', '2005-12-25', 2, 3, '2016-04-04', 'DESLIGADO DO ROL DE MEMBROS POR AUSÊNCIA EM 04/04/2016', '2011-10-01', 0),
(252, '', 'img_fem.jpg', 'GEISE FABIANA SANTOS PEREIRA', '1981-07-21', 38, 7, 1, '', '', '07537566-41', 35, '', '', 'VALDEMIRO BOTELHO PEREIRA(EM MEMORIA)', 'MARIA DE LOURDES OLIVEIRA SANTOS', '', '0000-00-00', '', '', '88496603', 'geisebelissima@hotmail.com', 'RUA TERRA NOVA, 53, CJ HAB. METRO 2', 'MATA ESCURA', 39, '41219480', 'BA', 'SALVADOR', 'PR. SINVAL', 'GETISEMANI', '', '0000-00-00', 1, 6, '0000-00-00', '', '2011-10-01', 0),
(253, '', 'img_fem.jpg', 'HELENA MARIA SANTOS AMARAL NUNES', '1977-06-18', 38, 3, 2, '', '', '0738681245', 12, '', '', 'RONALDO DE JESUS', 'MARIA DAS GRAÇAS SANTOS AMARAL', 'RENILSON NUNES', '2014-01-10', 'IBF', 'A+', '87513299', 'HELENAHEBERT@HOTMAIL.COM', 'RUA AGOSTINHO SCHIMIDT, Nº 13', 'CAIXA DAGUA', 7, '40323020', 'BA', 'SALVADOR', 'ITAGUARACY', 'IGREJA BATISTA FILADELFIA', '', '2007-08-00', 2, 6, '0000-00-00', '', '2011-10-01', 0),
(254, '', 'img_fem.jpg', 'ADILSON PEREIRA DE SANTANA', '1971-05-21', 38, 3, 2, '', '', 'ADILSON', 41, '', '', 'ADERBAL PEREIRA DE SANTANA', 'ALMIRA PEREIRA DE SANTANA', 'ANA MARIA VENTURA PEREIRA DE SANTANA', '2010-01-30', 'SÃO SEBASTIÃO DO PASSÉ', '0+', '87262556', 'dilssom@hotmail.com', '4ª TRAVESSA ARACATU, 6', 'IAPI', 8, '40330565', 'BA', 'SALVADOR', 'JORGE DA PAZ', 'BATISTA FILADELFIA', '', '0000-00-00', 2, 6, '0000-00-00', '', '2011-10-01', 0),
(255, '', 'img_fem.jpg', 'CAMILA DE SOUZA PEDREIRA', '1990-08-05', 38, 3, 1, 'ANÍSIO TEIXEITA', '', '1278342575', 35, 'CECIBAF', '32440324', 'JOSE JORGE FERREIRA PEDREIRA', 'MARIA CENILDA DE SOUZA', '', '0000-00-00', '', '', '9389-7731', 'MILAPURPLE@HOTMAIL.COM', 'TV.JOANA DARC, 10, 2ª TV MANDICHURIA', 'CAIXA DAGUA', 7, '40320650', 'BA', 'SALVADOR', 'JORGE DA PAZ', 'I.BATISTA FILADELFIA', '33822002', '0000-00-00', 2, 6, '0000-00-00', '', '2011-10-01', 0),
(256, '', 'img_masc.jpg', 'DANIEL DE SOUZA SANTOS', '1951-09-29', 37, 3, 2, '', '', '65070186', 40, 'ODEBRECHT', '', 'JOAO BATISTA DOS SANTOS', 'MARIA LIMA DE SOUZA SANTOS', 'DENISE DA PAZ SANTOS', '1979-12-01', 'IBF', 'B+', '3388-4277', 'DANIELS@ODEBRECHT.COM', 'RUA MAUREIRA DE PINHO, 06, ED LIVIA, TERREO', 'CAIXA D`AGUA', 7, '40323080', 'BA', 'SALVADOR', 'ANTONIO NASCIMENTO FILHO', 'BATISTA FILADELFIA', '33822002', '1965-10-24', 2, 6, '0000-00-00', '', '2011-10-01', 0),
(257, '', 'img_fem.jpg', 'FABÍOLA OLIVEIRA SANTOS SILVA', '1990-08-31', 38, 7, 1, 'FACULDADE DOIS DE DE JULHO', '31143400', '0949338125', 36, '', '', 'JAILTON SANTOS SILVA', 'MANUELINA OLIVEIRA DA SILVA FILHA', '', '0000-00-00', '', '', '33882652 / 8712-6637', 'stafabinha@hotmail.com', 'AVENIDA OSCAR LOPES, 20', 'CAIXA DAGUA', 7, '40320810', 'BA', 'SALVADOR', 'JORGE COUTO', 'IGREJA BATISTA FILADÉLFIA', '33822002', '2010-12-25', 2, 3, '0000-00-00', 'EXCUIDA DO ROL DE MEMBROS - 31/03/2015', '2011-10-01', 0),
(258, '', 'img_fem.jpg', 'CARINE DA ANUNCIAÇÃO SANTOS', '1991-05-07', 38, 3, 1, '', '', '1385432675', 35, '', '', 'JOSE CARLOS BARBOSA DOS SANTOS', 'DURVALICE RODRIGUES DA ANUNCIAÇÃO', '', '0000-00-00', '', '', '3386-7698 / 8209-1267', 'CARINE.LUA@HOTMAIL.COM', 'RUA VICTOR SERRA, 36', 'PERO VAZ', 64, '40340290', 'BA', 'SALVADOR', 'JORGE COUTO', 'I. BATISTA FILADELFIA', '', '2002-12-25', 2, 6, '0000-00-00', '', '2011-10-01', 0),
(259, '', 'img_masc.jpg', 'HERBERT CONCEIÇAO SANTOS', '1989-10-23', 37, 3, 1, '', '', '1395015848', 35, '', '', 'EDMILSON JESUS DOS SANTOS', 'MARIZE CONCEIÇAO DOS SANTOS', '', '0000-00-00', '', '', '32341741', '', 'RUA ELMANO SILVEIRA CASTRO, 592', 'IAPI', 8, '40220310', 'BA', 'SALVADOR', 'BENEDITO SALVADOR', 'IGREJA EVANGELICA PETENCOSTAL', '', '2010-09-05', 1, 3, '2016-09-12', 'ATA N°1368 / DESLIGADO EM 12/09/2016 APOS REUNIAO DO CAPI NO DIA 11/09/2016', '2011-10-01', 0),
(260, '', 'img_masc.jpg', 'GEORGINA CRISPINA DOS SANTOS', '1959-08-14', 37, 2, 1, '', '', '02088310-29', 11, '', '', '', 'GILDETE CRISPINIANA DOS SANTOS', '', '0000-00-00', '', 'O+', '3234-0200 / 8893-3162', '', 'FREITAS HENRIQUE DE CIMA, 74, CASA 6', 'CAIXA DAGUA', 7, '40320150', 'BA', 'SALVADOR', 'PR. ELIEL', 'IGREJA BATISTA FILADELFIA', '', '1994-08-21', 2, 6, '0000-00-00', 'CPF: 911.722.255-91', '2011-10-01', 0),
(261, '', 'img_fem.jpg', 'EDILEUSA LINO DA CRUZ SOUSA', '1963-09-28', 38, 5, 2, '', '', '0204824184', 42, 'SECRETARIA DA EDUCAÇÃO', '32441025', 'URBANO LINO DA CRUZ', 'NAIR LINO DA CRUZ', 'PAULO SERGIO GOMES DE SOUSA', '0000-00-00', '', 'B+', '32418941', 'ED.LINO.1@HOTMAIL.COM', 'RUA DOMINGOS REQUIÃO, 32, 1º ANDAR', 'LIBERDADE', 21, '40325470', 'BA', 'SALVADOR', 'JORGE E ITAGUARACY', 'IGREJA BATISTA FILADELFIA', '', '2008-12-28', 2, 6, '0000-00-00', '', '2011-10-01', 0),
(262, '', 'img_masc.jpg', 'ADMILSON CERQUEIRA SILVA', '1963-06-18', 37, 3, 2, '', '', '0204370051', 28, 'AUTÔNOMO', '', 'OSMAR GALDINO DA SILVA', 'EDNA CERQUEIRA', 'DERALDIANE CERQUEIRA DA SILVA', '0000-00-00', '', '', '3388-1107', 'admilson_cerqueira@hotmail.com', 'RUA DESEMBARGADOR CREÓDULO GOMES, 05, 1º ANDAR', 'IAPI', 8, '40330519', 'BA', 'SALVADOR', 'FLODERNISIO ALMEIDA SAMPAIO', '1ª IG. BATISTA DE JEQUIÉ', '', '0000-00-00', 1, 6, '0000-00-00', '', '2011-10-01', 0),
(263, '', 'img_fem.jpg', 'ILEANA MARIA DE AZEVEDO LIMA', '1964-02-17', 38, 3, 2, 'CENTRO INTEGRADO ANISIO TEIXEIRA', '', '0248900337', 25, '', '', 'FLORISVALDO FELIX LIMA', 'JULIETA DE AZEVEDO LIMA', 'JORGE MANUEL DA CONCEIÇAO', '2010-08-24', 'FORUM RUI BARBOSA', '', '3326-6420', '', 'RUA TEODOMIRO DE QUEROZ, 70', 'MACAUBAS', 11, '40300520', 'BA', 'SALVADOR', 'JORGE COUTO', 'IGREJA BATISTA FILADELFIA', '33822002', '2010-12-25', 2, 6, '0000-00-00', '', '2011-10-01', 0),
(264, '', 'img_masc.jpg', 'CARLOS ALBERTO SANTOS LIMA', '1961-09-29', 37, 3, 2, '', '', '161001580', 35, 'ABRIGO DO SALVADOR', '22010642', 'ANTONIO CARLOS LIMA', 'VALDELICE SANTOS LIMA', 'MARIA JULIA ALMEIDA LIMA', '2006-12-20', 'IGREJA BATISTA FILADELFIA', 'O+', '8168-7190 / 8823-4699 / 3388-2', 'CARLOSJUBA2009@HOTMAIL.COM ', 'TV.VIRGINIA, 6, 1º ANDAR', 'CAIXA DAGUA', 7, '40320220', 'BA', 'SALVADOR', 'ITAGUARACY B. DOS SANTOS', 'IGRJA BATISTA FILADELFIA', '', '2006-05-15', 2, 6, '0000-00-00', '', '2011-10-01', 0),
(265, '', 'img_fem.jpg', 'EDILEUZA SILVA BARBOSA', '1933-08-04', 38, 2, 5, '', '', '0303199946', 46, 'HOSPITAL ROBERTO SANTOS', '', 'LAURÊNCIO MARTINS DA SILVA', 'CANTIONÍLIA DE JESUS SILVA', 'CESAR BARBOSA', '0000-00-00', '', 'A+', '3327-4267', '', 'CONJ. RESIDENCIAL PARQUE, CASA 33', 'CAIXA DÁGUA', 7, '40320670', 'BA', 'SALVADOR', 'ANTONIO NASCIMENTO', 'IGREJA BATISTA FILADELFIA', '', '0000-00-00', 2, 6, '0000-00-00', '', '2011-10-01', 0),
(266, '', 'img_fem.jpg', 'GERALDINA MENESES', '1949-12-05', 38, 3, 1, '', '', '0120412896', 35, '', '', 'JOSÉ BASTOS MENEZES', 'NOEMIA VITORIANA MENEZES', '', '0000-00-00', '', '', '33888722', '', 'OSORIO VILAS BOAS ,N°38 E', 'CIDADE NOVA', 83, '40313580', 'BA', 'SALVADOR', 'PR. VICENTE', '1° IGREJA BATISTA BIBLICA DE SALVADOR', '', '2008-02-21', 1, 3, '2016-09-12', 'FREQUENTANDO OUTRA IGREJA - DESLIGADO EM 12/09/2016 APOS REUNIAO DO CAPI NO DIA 11/09/2016', '2011-10-01', 0),
(267, '', 'img_fem.jpg', 'CASSIMIRA OLIVEIRA DOS SANTOS', '1958-03-04', 38, 2, 2, '', '', '0186676948', 35, 'NOEMAR SALÃO DE BELEZA', '32429771', 'ANGELO DE OLIVEIRA', 'DELZA PINHO', 'ADILSON ASSIS DOS SANTOS', '0000-00-00', '', '', '3327-6069', '', 'R/PROF.ARTUR DE MACEDO 9 1° ANDAR', 'CAIXA DAGUA', 7, '40323120', 'BA', 'SALVADOR', 'SIVAL LISBOA', 'FONTE DA ESPERANÇA', '', '1998-02-17', 1, 6, '0000-00-00', '', '2011-10-01', 0),
(268, '', 'img_masc.jpg', 'DAVID RENATO GONCALVES PEREIRA MARQUES', '1962-10-09', 37, 4, 2, '', '', '183224922', 35, 'RUA DO QUEIMADINHO S/N', '', 'AILTON VELOSO C. MARQUES', 'LUZIA GONCALVES PEREIRA MARQUES', '', '0000-00-00', '', '', '33885926/87786800', 'DAVIDRMARQUES@YAHOO.COM.BR', 'DR ARLINDO TELES 28', 'SANTA MONICA', 12, '40342610', 'BA', 'SALVADOR', 'NATANAEL QUADROS BARRETO', 'BATISTA FILADELFIA', '33822002', '1981-12-31', 2, 6, '0000-00-00', 'TECNICO EM TELECOMUNICACOES', '2011-10-01', 0),
(269, '', 'img_masc.jpg', 'FABRÍCIO DA SILVA LIMA', '1976-03-19', 37, 3, 2, '', '', 'FABRÍCIO', 47, 'RODRIGUES TORRES COMÉRCIO E DERIVADOS DE PETRÓLEO', '32476279/32453710/33368500/32451447', 'LEOVIGILDO ASTERIO DE LIMA FILHO', 'HELENITA DA SILVA LIMA', 'MÔNICA MATOS SANTOS', '0000-00-00', '', 'O+', '8784-4277', '', 'RUA DAS ALMAS, 09, AV OLINDA', 'CIDADE NOVA', 83, '40313260', 'BA', 'SALVADOR', 'ITAGUARACY', 'IGREJA BATISTA FILADÉLFIA', '33822002', '2001-01-01', 2, 6, '0000-00-00', '', '2011-10-01', 0),
(270, '', 'img_fem.jpg', 'ILMA DOS SANTOS LEMOS', '1961-10-02', 38, 3, 2, '', '', '0141237465', 20, 'CONSULMED', '33866211', 'RAIMUNDO LEMOS', 'JUVECILIA MARQUES DOS SANTOS LEMOS', 'ANTONIO PEDRO RODRIGUES LEMOS', '0000-00-00', '', 'O+', '3382-0835/8811-6248', '', 'RUA PADRE BRAYNER, LADEIRA DO PAIVA,71', 'CAIXA DAGUA', 7, '40320480', 'BA', 'SALVADOR', '', '', '', '0000-00-00', 2, 6, '0000-00-00', '', '2011-10-01', 0),
(271, '', 'img_fem.jpg', 'ADRIANE FERNANDA PAIXÃO CALDAS SOUZA', '1990-03-03', 38, 6, 2, '', '', '0985930993', 35, '', '', 'JORGE ANTONIO DURÃES CALDAS', 'ARIADNE RITA BRITO PAIXÃO', 'DARLAN LAZARO S SOUZA', '0000-00-00', 'BATISTA FILADELFIA', 'O+', '3382-1049 / 8839-1737', 'adriane_fernanda@hotmail.com', 'RUA DAS ALMAS N°39', 'CIDADE NOVA', 83, '40313260', 'BA', 'SALVADOR', 'ITAGUARACY BRITO', 'BATISTA FILADELFIA', '', '2005-12-25', 2, 6, '0000-00-00', '', '2011-10-01', 0),
(272, '', 'img_masc.jpg', 'GERONIMO DE JESUS OLIVEIRA', '1968-07-20', 37, 6, 2, '', '', '0353743496', 35, '', '', 'MARIANO BATISTO DE OLIVEIRA', 'IDALICE CARDOSO DE JESUS', 'EUNICE CAMPOS DE JESUS', '0000-00-00', 'FORUM IAPI', 'O+', '33882757 / 8720-7973', '', 'RUA BOM JESUS DA LAPA', 'IAPI', 8, '40323300', 'BA', 'SALVADOR', 'JORGE DA PAZ', 'IGREJA BATISTA FILADELFIA', '33822002', '0000-00-00', 2, 6, '0000-00-00', '', '2011-10-01', 0),
(273, '', 'img_masc.jpg', 'EDILSON SANTANA DA PAZ', '1957-08-04', 37, 7, 2, '', '', '1149189', 11, '', '', 'DIONISIO DA PAZ', 'ZILDETE SANTANA DA PAZ', 'LUCIMARY SOUZA CRUZ DA PAZ', '0000-00-00', '', 'O+', '32426644 / 99458708', 'EDILSONSPAZ@HOTMAIL.COM', 'TRAVESSA 25 DE FEVEREIRO, 11E', 'LAPINHA', 33, '40630000', 'BA', 'SALVADOR', 'ANTONIO NASCIMENTO', 'IGREJA BATISTA FILADELFIA', '33822002', '1975-12-31', 2, 6, '0000-00-00', '', '2011-10-01', 0),
(274, '', 'img_fem.jpg', 'CATIA CILENE SACRAMENTO CAMARA', '1978-11-15', 38, 4, 2, '', '', '0322416310', 35, 'ISOTERM ENG.LTDA', '31833026', 'ANTONIO PEREIRA DA COSTA', 'THEREZINHA SACRAMENTO DA COSTA', 'ELVISON CHAGAS CAMARA', '0210-01-09', 'IGREJA BATISTA FILADELFIA', '0-', '4103-2733 / 9908-1882', 'CATIACOSTA22@HOTMAIL.COM', 'BARÃO DO TRIUNFO 342.ROBERTA AP304', 'RIO VERMELHO', 14, '41950880', 'BA', 'SALVADOR', 'ITAGUARACY B.DOS SANTOS', 'I.BATISTA FILADELFIA', '', '0000-00-00', 2, 6, '0000-00-00', '', '2011-10-01', 0),
(275, '', 'img_fem.jpg', 'INES ANUNCIAÇAO NASCIMENTO', '1960-07-22', 38, 3, 2, '', '', '143514474', 12, '', '', 'FRANCISCO F. ANUNCIAÇAO', 'DURVALINA C. R. ANUNCIAÇAO', 'KELMANN CESAR COSTA NASCIMENTO', '0000-00-00', '', 'O-', '8748-1022 / 3386-9120', '', 'RUA VICTOR SERRA, N°36, 1º ANDAR', 'PERO VAZ', 64, '40340290', 'BA', 'SALVADOR', 'JOSE AGOSTINHO', 'IGREJA BATRISTA CATUMBI RIO DE JANEIRO', '', '0000-00-00', 2, 6, '0000-00-00', '', '2011-10-01', 0),
(276, '', 'img_fem.jpg', 'AGENOR MENDES CONCEIÇÃO', '1924-12-15', 38, 2, 2, '', '', '1160676', 35, '', '', 'LIBANIO MENDES CONCEIÇÃO', 'LEOCADIA MARIA DE JESUS', 'VICENTINA DE JESUS', '0000-00-00', '', '', '3256-4386 / 3388-5456', '', 'RUA JUAZEIRO, 51', 'CAIXA DÁGUA', 47, '40321055', 'BA', 'SALVADOR', 'SILAS MATOS', 'BATISTA FILADELFIA', '', '0000-00-00', 2, 6, '0000-00-00', '', '2011-10-01', 0),
(277, '', 'img_masc.jpg', 'DANILO PEREIRA ALVES', '1977-10-06', 37, 3, 1, '', '', '671752631', 35, '', '', 'CARLOS ALBERTO DA SILVA ALVES', 'CELIA MARIA PEREIRA DA SILVA', '', '0000-00-00', '', '', '32431679 / 8889-3194 / 8886-78', 'DANILO_DPA@YAHOO.COM.BR', '25 DE FEVEREIRO 2', 'LAPINHA', 33, '40325160', 'BA', 'SALVADOR', 'ITAGUARACY', 'BATISTA FILADELFIA', '33822002', '0000-00-00', 1, 3, '0000-00-00', 'TECNICO EM MANUTENCAO DE MICRO', '2011-10-01', 0),
(278, '', 'img_masc.jpg', 'GERSON DE LIMA RÊGO', '1967-09-24', 37, 5, 2, '', '', '227718917', 26, 'BASE NAVAL', '', 'PAILEMON DANTAS RÊGO', 'EMILIA DE LIMA RÊGO', 'RUTE RÊGO', '1995-03-18', '', 'B+', '3249-6423 / 9615-7438', 'gersonlrego@hotmail.com', 'RUA PRINCESA ISABEL, 5', 'ITAPUÃ', 15, '41610100', 'BA', 'SALVADOR', 'PR.ORLANDO PEREIRA CAMPOS', 'IGREJA BATISTA FILADELFIA', '', '1987-12-31', 2, 6, '0000-00-00', '', '2011-10-01', 0),
(279, '', 'img_masc.jpg', 'EDIVALDO PINHO DE OLIVEIRA', '1962-10-26', 37, 3, 2, '', '', '270682180', 29, '', '', 'ANGELO ANTONIO DE OLIVEIRA', 'DELZA VITAL DE PINHO DE OLIVEIRA', 'GLESSE PARADELLA DE OLIVEIRA', '2000-04-08', '', '', '3495-6552 / 8624-6594', '', 'RUA PROFESSOR ARTHUR DE MACEDO, QD D, 08', 'CAIXA DÁGUA', 7, '40323120', 'BA', 'SALVADOR', 'ITAGUARACY', 'IGREJA BATISTA FILADELFIA', '', '2000-05-14', 2, 6, '0000-00-00', '', '2011-10-01', 0),
(280, '', 'img_masc.jpg', 'ALÃ VIRGÍLIO RODRIGUES DOS SANTOS', '1980-11-27', 37, 4, 2, 'UNIVERSIDADE CIDADE DE S. PAULO', '', 'JESUS', 121, 'PROMOVE DESIGN', '9932.7197', 'ANTONIO RODRIGUES DOS SANTOS', 'RITA MARIA DOS SANTOS', 'ALINE FREITAS AZEVEDO RODRIGUES', '2009-11-21', 'IG. BATISTA DO SALVADOR', 'O+', '8888-7121', 'missionarioala@hotmail.com', 'RUA VITOR SERRA, 88 - 1º ANDAR ', 'PERO VAZ', 64, '40340290', 'BA', 'SALVADOR', 'ITAGUARACY BRITO (IN MEMORIAN)', 'BATISTA FILADELFIA', '', '0000-00-00', 2, 6, '0000-00-00', 'PROFISSÃO TECNÓLOGO EM MARKETING / DESIGNER GRÁFICO', '2011-10-01', 0),
(281, '', 'img_fem.jpg', 'IONE LEMOS MIRANDA', '1965-03-21', 38, 7, 2, '', '', 'IONE', 37, 'SECRETARIA DO ESTADO DA BAHIA', '', 'RAIMUNDO LEMOS', 'JUVECILIA MARQUES DOS SANTOS LEMOS', 'GILSON SOARES DE MIRANDA', '0000-00-00', '', '', '9114-0257', '', 'DR. ARMANDO TOURINHO, N°167 BL 17 AP 201', 'BROTAS', 75, '40320670', 'BA', 'SALVADOR', '', 'IGREJA BATISTA JERUSALEM', '', '0000-00-00', 3, 6, '0000-00-00', '', '2011-10-01', 0),
(282, '', 'img_fem.jpg', 'TELMA ROSÄNGELA SILVA DE MORAES RËGO', '1964-06-19', 38, 3, 1, 'LUIS CABRAL', '', '0277448921', 37, '', '', 'ALMIR DRUMOND DE MORAES REGO', 'ALINE SILVA DE MORAES REGO', '', '0000-00-00', '', 'A+', '32340273/87553926', 'TELMAROSAN@HOTMAIL.COM', 'AV. CONCEICÁO, 104 CASA 3, 1 ANDAR', 'CAIXA D`AGUA', 7, '40320510', 'BA', 'SALVADOR', 'ITAGUARACY', 'BATISTA FILADELFIA', '33822002', '2003-12-28', 2, 6, '0000-00-00', '', '2011-10-01', 0),
(283, '', 'img_fem.jpg', 'EDNALVA DE OLIVEIRA MONTEIRO', '1969-12-19', 38, 3, 2, '', '', '0351257993', 48, 'CLINICA ORTOPÉDICA TRAUMATOLÓGICA (COT)', '21024471', 'WELSON DE OLIVEIRA', 'ZULEIDE DE ALMEIDA OLIVEIRA', 'FRANCISCO MONTEIRO', '1993-11-27', 'IGREJA SÃO JUDAS TADEU', 'A+', '32443013', 'EDNALVAOLIVEIRA@IG.COM.BR', '2ª TRAVESSA MANUEL DRUMOND, 27', 'CAIXA DÁGUA', 7, '40320960', 'BA', 'SALVADOR', 'ITAGUARACY', 'IGREJA BATISTA FILADELFIA', '33822002', '1999-12-26', 2, 6, '0000-00-00', '', '2011-10-01', 0),
(284, '', 'img_fem.jpg', 'GESILDA QUINTELA LOPES', '1933-04-01', 38, 2, 2, '', '', '3266658', 35, '', '', 'ANANIAS MARIANO QUINTELA', 'MARIA DA GLÓRIA S. QUINTELA', 'ANTONIO ALVARO LOPES', '0000-00-00', '', 'O+', '3412-1791 / 8745-1158', '', 'RUA ITACARAI, 074, CJ CHACARA...', 'CABULA', 32, '41150030', 'BA', 'SALVADOR', 'PR. ELIEL MACHADO LOREIRO', 'IGREJA BATISTA FILADELFIA', '', '1994-08-21', 2, 1, '2016-09-12', 'RUA SILVEIRA MARTINS CONJ.CHÁCARA CABULA BL,6, AP 103 / FALESCIDA EM 10/09/2016', '2011-10-01', 0),
(285, '', 'img_masc.jpg', 'FLÁVIO DE JESUS SACRAMENTO', '1978-08-20', 37, 7, 2, 'CENTRO UNIVERSITÁRIO DA BAHIA - FIB', '', '0691341621', 48, 'SPEED TECH', '', 'JOÃO ANTÔNIO SACRAMENTO', 'RAIMUNDA MARIA DE JESUS SACRAMENTO', 'IVES LOPES', '0000-00-00', '', 'O+', '32174442', 'fla.jes@hotmail.com', 'RUA PADER BRAYNER, 71, AP B', 'CAIXA DÁGUA', 7, '40320480', 'BA', 'SALVADOR', 'ANTÔNIO MUNIZ (IN MEMORIAN)', 'IGREJA BATISTA CENTRAL PARIPE', '33076708', '0000-00-00', 1, 6, '0000-00-00', '', '2011-10-01', 0),
(286, '', 'img_fem.jpg', 'CELINA DOS SANTOS', '1950-10-02', 38, 2, 1, '', '', 'CELINA', 38, '', '', 'TEOFILO FERREIRA FERREIRA', 'VITALINA DOS SANTOS FERREIRA', '', '0000-00-00', '', '0+', '3481-6464 / 8765-9855', '', 'RUA MARQUES DE MARICÁ, 97', 'PAU MIUDO', 5, '40310000', 'BA', 'SALVADOR', 'ELIAS DE FREITAS', 'IGRJA BATISTA PERNAMBUCO', '', '0000-00-00', 3, 1, '0000-00-00', '', '2011-10-01', 0),
(287, '', 'img_fem.jpg', 'IRACI RAMOS DOMINGUES', '1957-04-30', 38, 3, 1, '', '', '0145602834', 11, 'CONSULTORA JEQUITI', '', 'WALTER DOMINGUES', 'MARIA DAS DORES RAMOS DOMINGUES', '', '0000-00-00', '', 'A+', '3233-2589 / 9168-4594', 'IRACIDOMINGUES@HOTMAIL.COM', 'RUA SALDANHA MARINHO, AV. CONCEIÇÃO 102, casa 1', 'CAIXA DAGUA', 7, '40323010', 'BA', 'SALVADOR', 'SINVAL GARCIA', 'GETSEMANI', '', '2003-01-01', 1, 6, '0000-00-00', '', '2011-10-01', 0),
(290, '', 'img_fem.jpg', 'CILEIDE DE JESUS SANTOS ROCHA', '1967-12-09', 38, 3, 2, '', '', '0343099268', 12, '1000 IDÉIAS', '', 'JOSE MOREIRA DO SANTOS', 'JOVEM DE JESUS SANTOS', 'ZENILDO SANTOS ROCHA', '0000-00-00', '', 'A+', '8754-8594', 'CILEIDE7@HOTMAIL.COM', 'TV. VALENTIM RODRIGUES, 07, 1º ANDAR', 'CX DAGUA', 7, '40320190', 'BA', 'SALVADOR', 'SILAS A. MATOS', 'IGREJA BATISTA FILADELFIA', '', '1982-12-31', 2, 6, '0000-00-00', '', '2011-10-01', 0),
(289, '', 'img_masc.jpg', 'ALBERTO SCHRAMM DE OLIVEIRA NETO', '1982-10-04', 37, 7, 1, 'UNIME', '', '0682264466', 36, '', '', 'GERALDO CESAR SILVA DE OLIVEIRA', 'ANAILDA DOS REIS ROCHA DE OLIVEIRA', '', '0000-00-00', '', '', '3230-2112/ 8833-1614', '', 'CONJ.GUILHERME MARBACK SETOR 1BL.35 AP102 ', 'IMBUI', 17, '41720005', 'BA', 'SALVADOR', 'JORGE DA PAZ', 'BATISTA FILADELFIA', '', '0000-00-00', 2, 6, '0000-00-00', '', '2011-10-01', 0),
(291, '', 'img_fem.jpg', 'IRANI LOPES DOS SANTOS FERREIRA', '1959-01-17', 38, 4, 2, '', '', '95822828', 50, 'SECRETARIA MUNICIPAL DA SAUDE', '36115417', 'JAIME MARQUES DOS SANTOS', 'ISABEL LOPES DOS SANTOS', 'DILSON FERREIRA', '0000-00-00', '', 'O+', '8893-0222/3431-3787', 'IRAMISFERREIRA@YAHOO.COM.BR', 'Rua Praia do Flamengo, 144, Quadra 01, Lote 21', 'Vilas do Atlântico', 18, '42700000', 'BA', 'LAURO DE FREITAS', 'HERMENEGILDO NUNES E SILVA', 'IGREJA BATISTA FILADELFIA', '', '0000-00-00', 2, 6, '0000-00-00', '', '2011-10-01', 0),
(292, '', 'img_fem.jpg', 'FLORENICE OLIVEIRA BORGES', '1973-01-26', 38, 3, 3, 'ANÍSIO TEIXEIRA', '', '0476303885', 23, 'MASSAS BAHIA', '32349800', 'FLORISVALDO ALMEIDA BORGES', 'GENICE OLIVEIRA BORGES', '', '0000-00-00', '', '', '8736-6041', 'flor.serva@hotmail.com', 'RUA MANOEL DRUMOND, 80, CJ. PRIMAVERA, AP. 103', 'CAIXA DÁGUA', 7, '40320670', 'BA', 'SALVADOR', 'ELIEL LOUREIRO', 'IGREJA BATISTA FILADÉLFIA', '33822002', '0000-00-00', 2, 6, '0000-00-00', '', '2011-10-01', 0),
(293, '', 'img_masc.jpg', 'ALEX LEITE LIMA', '1976-09-17', 37, 4, 2, '', '', '0579168964', 7, '', '', 'MAURILIO SANTOS LIMA ', 'RUTH LEITE LIMA', 'GISLENE CRISTINA DOS SANTOS LIMA', '0000-00-00', 'IG. BATISTA FILADELFIA', 'O-', '3386-1966 / 8811-5284', 'alexllssa@hotmail.com', 'RUA FREITAS HENRIQUE DE CIMA, 121', 'CAIXA DÁGUA', 7, '40320165', 'BA', 'SALVADOR', 'ITAGUARACY BRITO', 'BATISTA FILADELFIA', '', '2002-12-31', 2, 6, '0000-00-00', '', '2011-10-01', 0),
(294, '', 'img_fem.jpg', 'DARIA SEBASTIANA BEZERRA', '1941-03-03', 38, 3, 5, '', '', '0111415063', 35, '', '', '', 'MARIA DO CARMO BEZERRA', 'CRISTIANO LUIS M. SAMPAIO', '0000-00-00', '', '', '3382-0676', '', 'AVENIDA CONCEICAO CASA 4', 'CAIXA D`AGUA', 7, '40320510', 'BA', 'SALVADOR', 'JORGE DA PAZ', 'BATISTA FILADELFIA', '33822002', '2003-12-28', 2, 6, '0000-00-00', '', '2011-10-01', 0),
(303, '', 'img_masc.jpg', 'CLEILDSON DE JESUS NAZARÉ', '1989-07-11', 37, 3, 1, 'TEIXEIRA DE FREITAS', '', '0999643509', 12, 'R.W.CONNET', '35252600', 'ANTONIO NEVES', 'ALTAMIRA DE JESUS NAZARÉ', '', '0000-00-00', '', '', '9199-0454', 'CLEIDSON@HOTMAIL.COM', 'RUA 2ª MADCHURIA, 32', 'CAIXA DAGUA', 7, '40320640', 'BA', 'SALVADOR', 'ITAGUARACY B. DOS SANTOS', 'IGREJA BATISTA FILADELFIA', '', '2007-08-09', 2, 6, '0000-00-00', '', '2011-10-01', 0),
(295, '', 'img_fem.jpg', 'IRENE MARIA DE JESUS NASCIMENTO', '1957-06-28', 38, 2, 5, '', '', '0219778694', 25, '', '', '', 'ANTONINHA MARIA DE JESUS', '', '0000-00-00', '', '', '3388-2548 /8514-3475', '', 'RUA VALDIR PIRES, N°78', 'IAPI', 8, '40330220', 'BA', 'SALVADOR', 'ITAGUARACY BRITO DOS SANTOS', 'IGREJA BATISTA FILADELFIA', '', '1998-02-19', 2, 6, '0000-00-00', '', '2011-10-01', 0),
(296, '', 'img_fem.jpg', 'CISSARA AMARAL DA SILVA', '1981-10-28', 38, 3, 2, '', '', '0934517177', 43, 'CONTAX', '', 'JOSE RIBAMAR LUCENA DA SILVA', 'NORMA SUELI AMARAL DA SILVA', 'SIDNEY CONCEIÇÃO PEREIRA DE SOUZA', '2008-05-24', 'IGREJA BATISTA FILADELFIA', 'B+', '8772-6161 / 8104-0366', 'SIDNEY_9@HOTMAIL.COM', 'RUA CONDE DE PORTO ALEGRE, 84, CASA 09', 'IAPI', 8, '40330200', 'BA', 'SALVADOR', 'VANDERLEY VITORIANO', '1ª I.BATISTA DE IBICUI', '', '0008-06-09', 3, 6, '0000-00-00', '', '2011-10-01', 0),
(297, '', 'img_fem.jpg', 'EDNALVA MENEZES CARDOSO', '1973-02-10', 38, 3, 2, '', '', '843503777', 11, '', '', 'EDNELSON MENEZES', 'BARBARA NORMA DOS SANTOS', 'LEANDRO MENEZES CARDOSO', '2008-09-20', 'CARTORIO', 'O+', '3388-8722', 'NALVAMENES@HOTMAIL.COM', 'RUA ODORIO VILAS BOAS, 38E', 'CIDADE NOVA', 83, '40313580', 'BA', 'SALVADOR', 'JORGE DA PAZ', 'IGREJA BATISTA FILADELFIA', '33822002', '0000-00-00', 2, 6, '0000-00-00', '', '2011-10-01', 0),
(298, '', 'img_fem.jpg', 'IRENE DOS SANTOS NASCIMENTO', '1955-02-05', 38, 3, 2, '', '', '0186997906', 25, '', '', '', 'MARIA JOSE DOS SANTOS', 'MANUEL PAIVA NASCIMENTO', '1979-07-28', 'IG. CATOLICA DE CANDEIAS', '', '99381-7511 / 3244-4020', '', 'RUA ALTO DO FORNO, 8A', 'CIDADE NOVA', 83, '40313500', 'BA', 'SALVADOR', 'MARIO', '1° IGREJA BATISTA EM CANDEIAS', '', '0000-00-00', 3, 6, '0000-00-00', 'CPF: 252.228.565-34', '2011-10-01', 0),
(299, '', 'img_masc.jpg', 'FRANCELINO CAVALCANTE DE LACERDA', '1926-08-24', 37, 2, 5, '', '', '1826797', 39, '', '', 'ANTÔNIO DELGADO DE LACERDA', 'JOSEFINA CAVALCANTE DE LACERDA', 'ODETE RAMOS DE LACERDA', '0000-00-00', '', '', '33869909', '', 'RUA JAIR SANTOS, 61 - JARDIM ELDORADO', 'IAPI', 8, '40330310', 'BA', 'SALVADOR', 'IVAN MILTON PILTZER DE SOUZA', 'PRIMEIRA IGREJA BATISTA DO BRASIL', '', '1996-08-13', 1, 3, '2015-11-08', 'OBS: FREQUENTANDO CAMINHO DAS ARVORES / DESLIGAMENTO POR ABANDONO', '2011-10-01', 0),
(300, '', 'img_masc.jpg', 'ALEX CONCEICÃO DOS SANTOS', '1979-06-30', 37, 3, 2, '', '', '0666654778', 35, '', '', 'AGNALDO DOS SANTOS', 'ABIGAIL CONCEICÃO DOS SANTOS', 'LUCIENE CARDOSO DA SILVA', '0000-00-00', '', '', '8701-3078 / 9337-4603', 'alexespert@hotmail.com', 'RUA NILSON MALEIRO, 196 - FUNDO', 'CURUZU', 19, '40366520', 'BA', 'SALVADOR', 'ITAGUARACY BRITO', 'BATISTA FILADELFIA', '', '1999-05-09', 2, 6, '0000-00-00', '', '2011-10-01', 0),
(301, '', 'img_masc.jpg', 'IRINEU DE JESUS SANTANA', '1953-09-09', 37, 2, 2, '', '', '0132120607', 39, '', '', 'NAZIAZENO CARLOS DE SANTANA', 'MARIA CLEUSA DE OLIVEIRA SANTANA', 'MARIA CREUSA DE OLIVEIRA SANTANA', '1984-10-18', 'FORUM RUY BARBOSA', '', '3383-3840', '', 'RUA 1° DE DEZEMBRO, 2ª V. SAO JORGE, 10', 'CIDADE NOVA', 83, '40314510', 'BA', 'SALVADOR', 'SILAS MATOS CAMPOS', 'IGREJA BATISTA FILADELFIA', '3244-0324', '1985-08-04', 2, 6, '0000-00-00', '', '2011-10-01', 0),
(302, '', 'img_masc.jpg', 'CLAUDIO DOS SANTOS MATOS', '1975-09-07', 37, 4, 2, '', '', '6085792', 27, 'CASSEB', '34440565', 'BENEDITO MATOS', 'ADELAIDE DOS SANTOS MATOS', 'KATIA DOS SANTOS MATOS', '0000-00-00', '', 'A+', '8882-3425', 'CLAUDIO@CASSEB.COM.BR', 'RUA S.TOMÉ 2ªTV 22 1° ANDAR', 'CAIXA DAGUA', 7, '40320410', 'BA', 'SALVADOR', 'ITAGUARACY B.SANTOS', 'IGREJA BATISTA FILADELFIA', '', '1999-12-26', 2, 6, '0000-00-00', '', '2011-10-01', 0),
(304, '', 'img_masc.jpg', 'ISABEL LOPES NUNES', '1951-09-26', 37, 3, 2, '', '', '37186503', 56, 'HOSPITAL GERAL DO ESTADO ERNESTO SIMOES', '3386-0566', '', '', 'TEONES FREITAS NUNES', '0000-00-00', '', 'O+', '3256-5427 / 8878-1566', '', 'Rua Conde de Por Alegre, 26- casa 15', 'IAPI', 8, '40330201', 'BA', 'SALVADOR', 'ELIEL MACHADO LOUREIRO', 'IGREJA BATISTA FILADELFIA', '', '1995-12-31', 2, 6, '0000-00-00', '', '2011-10-01', 0),
(305, '', 'img_fem.jpg', 'FRANCILEIDE GARCIA SILVA DA SILVA', '1980-09-14', 38, 3, 2, '', '', 'francileide', 46, '', '', 'ALBERTO LUÍS SILVA', 'ALELUIA MARIA GARCIA SILVA', 'LUÍS CLÁUDIO S. DA SILVA', '0000-00-00', '', '', '8615-4843', '', 'RUA BARÃO DA VILA DA BARRA. AVENIDA QUEIROZ, 27', 'SOLEDADE', 9, '40325040', 'BA', 'SALVADOR', 'ITAGUARACY', 'IGREJA BATISTA FILADÉLFIA', '33822002', '2005-05-12', 2, 4, '0000-00-00', 'PEDIDO DE CARTA PARA IGREJA BATISTA SINAI EM 05/08/2014 / SAIDA EM 03/09/2014', '2011-10-01', 0),
(306, '', 'img_masc.jpg', 'EDSON CARLOS LIMA DOS SANTOS', '1955-11-08', 37, 2, 2, '', '', '955601', 29, 'PLUS VITA', '', 'ANTONIO BISPO DOS SANTOS', 'IVONE AGUIAR DOS SANTOS', 'MARINALVA LIMA DOS SANTOS', '0000-00-00', '', 'A+', '3386-0597 / 9971-6367 / 8896-9', '', 'RUA JUAZEIRO, 64, 1º ANDAR', 'CAIXA DÁGUA', 7, '40321055', 'BA', 'SALVADOR', 'SILAS ARAUJO MATOS', 'IGREJA BATISTA FILADELFIA', '33822002', '1982-10-16', 2, 6, '0000-00-00', '', '2011-10-01', 0),
(307, '', 'img_masc.jpg', 'DARLAN LAZARO SANTOS SOUZA', '1987-05-19', 37, 6, 2, 'LUIZ NAVARRO DE BRITO', '', '0981079103', 55, 'BOM PLASTICO', '', 'RONALDO SANTOS SOUZA', 'ERCILIA LAZARO SANTOS', 'ADRIANE FERNANDA PAIXAO C. SOUZA', '0000-00-00', '26102007', 'A+', '3382-1049 / 8869-6894', 'DANDYLLAN_@YAHOO.COM.BR', 'RUA DAS ALMAS N°39', 'CIDADE NOVA', 83, '40313260', 'BA', 'SALVADOR', 'ITAGUARACY', 'BATISTA FILADELFIA', '33822002', '2003-12-28', 2, 6, '0000-00-00', '', '2011-10-01', 0),
(308, '', 'img_fem.jpg', 'ALIETE CANUTA DA CONCEIÇÃO LOPES', '1951-09-12', 38, 3, 2, '', '', 'aliete', 35, '', '', 'ANTONIO CERQUEIRA CAVALCANTI', 'JOSEFA CANUTA DA CONCEIÇÃO', 'JORGE COUTO LOPES', '1981-06-06', '', '', '3212-2978', '', 'AV. ALIOMAR BALEEIRO, S / Nº, CND. SAO PAULO', 'JARDIM NOVA ESPERANÇA', 20, '41370045', 'BA', 'SALVADOR', 'JÚLIO', 'BATISTA FILADELFIA', '', '0000-00-00', 2, 4, '0000-00-00', 'PEDIDO DE CARTA PARA 1ª IGREJA BATISTA EM VILA MAR SOLICITADA EM 28/12/2014 SAIDA EM 05/03/2015', '2011-10-01', 0),
(309, '', 'img_masc.jpg', 'EDSON LUIS MOREIRA DA SILVA', '1973-02-12', 37, 3, 2, '', '', '0447904302', 29, '', '', 'JORGE LUIS MOREIRA DA SILVA', 'NILZA MARIA DE JESUS', 'ROSANGELA DE SOUZA DA SILVA', '2005-01-08', 'IBF', 'O+', '99922-9614', 'RETORNOU A IGREJA EM 06/03/2016', 'AV. ALIOMAR BALEEIRO, 56B, COND. RESIDENCIAL HILDE', 'CAIXA DÁGUA', 7, '40320530', 'BA', 'SALVADOR', 'AGNALDO', 'ASSEMBLÉIA DE DEUS', '', '2016-03-06', 1, 6, '0000-00-00', 'AV. ALIOMAR BALEEIRO, 56B, COND. RESIDENCIAL HILDETE FRANÇA TEIXEIRA LEIFE, AP. 104, BL 17', '2011-10-01', 0),
(310, '', 'img_fem.jpg', 'ISABEL MARIA FERREIRA PALHA', '1968-12-24', 38, 3, 1, '', '', '0476457840', 9, 'CENTRO EDUCACIONAL MUNDO DO SABER', '3242-4657', 'EDSON DE OLIVEIRA PALHA', 'MARIA DO ROSARIO FERREIRA FILHO', '', '0000-00-00', '', '', '8832-8573', '', 'RUA FREITAS HENRIQUE DE CIMA, N°5', 'CAIXA DAGUA', 7, '40320165', 'BA', 'SALVADOR', 'SEBASTIAO BOMFIM', 'IGREJA BATISTA BOM JESUS DA LAPA', '', '0000-00-00', 4, 6, '0000-00-00', '', '2011-10-01', 0),
(311, '', 'img_fem.jpg', 'CLEONICE BRANDÃO DE SANTANA', '1955-02-09', 38, 2, 2, '', '', '01865692-70', 35, '', '', 'ADMAR DE ALCANTARA', 'JOSENITA ROSÁRIO', 'JOSUÉ SANTOS DE SANTANA', '0000-00-00', '', '', '33867170', '', 'RUA MADALENA PARAGUASSU, 67', 'PAU MIUDO', 5, '40325780', 'BA', 'SALVADOR', 'JOÃO HENRIQUE', '2ª I.BATISTA DE VALENÇA', '', '1995-03-23', 3, 6, '0000-00-00', 'MORANDO EM VALENÇA!', '2011-10-01', 0),
(312, '', 'img_fem.jpg', 'FRANCISCA FERREIRA DA SILVA SANTOS', '1930-10-04', 38, 2, 5, '', '', 'francisca', 38, '', '', 'MANOEL FERREIRA DA SILVA', 'ALMERINDA FERREIRA DA SILVA', 'EDERALDO BISPO DOS SANTOS', '0000-00-00', '', '', '3386-4639', '', 'RUA FREITAS HENRIQUE DE CIMA, 111 B', 'CAIXA DÁGUA', 7, '40320150', 'BA', 'SALVADOR', 'HERCÍLIO ARANDAS', 'PRIMEIRA IGREJA BATISTA DA BAHIA', '', '0000-00-00', 1, 1, '2017-06-26', '', '2011-10-01', 0),
(313, '', 'img_fem.jpg', 'ALINE FREITAS AZEVEDO RODRIGUES', '1980-03-23', 38, 3, 2, '', '', 'JESUS', 47, 'IPAC - INSTITUTO DE PATOLOGIA GERAL E CULTÂNEA', '', 'AMERICO ALFREDO SERRA DE AZEVEDO', 'ALAIDE FREITAS AZEVEDO', 'ALÃ VIRGILIO RODRIGUES DOS SANTOS', '2009-11-21', 'IG. BATISTA DO SALVADOR', '', '8889-4106', 'alinefmissionaria@htmail.com', 'RUA VITOR SERRA, 88 - 1º ANDAR', 'PERO VAZ', 64, '40340290', 'BA', 'SALVADOR', 'JOSE PEREIRA', 'BATISTA DO SALVADOR', '', '2010-09-05', 3, 6, '0000-00-00', '', '2011-10-01', 0),
(314, '', 'img_fem.jpg', 'ISABELA SILVA FREITAS', '1987-09-26', 38, 3, 4, '', '', 'isabela', 36, '', '', 'AURISIO MACHADO FREITAS', 'SUELI DA SILVA FREITAS', '', '0000-00-00', '', 'O+', '3255-0352/8829-7600', '', 'RUA FREITAS HENRIQUE DE CIMA, 30', 'cx dagua', 7, '40320150', 'BA', 'SALVADOR', 'ITAGUARACI BRITO DOS SANTOS', 'IGREJA BATISTA FILADELFIA', '', '2001-08-12', 2, 6, '0000-00-00', '', '2011-10-01', 0),
(315, '', 'img_fem.jpg', 'DAYSE OLIVEIRA FRUTUOSO', '1984-07-11', 38, 3, 2, '', '', '0880569450', 54, 'CONTAX', '', 'CARLOS SOUZA FRUTUOSO', 'DALVA DA SILVA OLIVEIRA', 'MARCELO B. DE OLIVEIRA', '2009-05-28', '', '', '3242-6839 / 98530-4472', 'DMH1901@HOTMAIL.COM', 'RUA HAVAI, 35', 'CAIXA D`AGUA', 7, '40320540', 'BA', 'SALVADOR', 'JORGE DA PAZ', 'BATISTA FILADELFIA', '33822002', '2008-12-27', 2, 6, '0000-00-00', '', '2011-10-01', 0),
(316, '', 'img_fem.jpg', 'CLEONICE SANTOS DE SANTANA', '1956-11-01', 38, 2, 2, '', '', '0187910693', 25, '', '', 'BASILIO EVANGELISTA', 'FAUSTINA SANTOS', 'ZEDIVALDO DOS SANTOS SANTANA', '0000-00-00', '', '', '3388-9215 / 9619-2243', '', 'RUA MARQUES DE MARICÁ, 131', 'PAU MIUDO', 5, '40310000', 'BA', 'SALVADOR', 'VALTER BORGES DE MELO', '2ª I. BATISTA DE VALENÇA', '', '0000-00-00', 1, 6, '0000-00-00', '', '2011-10-01', 0),
(317, '', 'img_fem.jpg', 'ELANE MATOS PARADELLA SILVA', '1980-05-06', 38, 3, 2, '', '', '0668454598', 58, 'SALÃO NOEMAR', '32429771', 'EDELTRUDES DAS NEVES MATOS', 'JENICE PINHO DE OLIVEIRA', 'RAFAEL PARADELLA', '0000-00-00', '', 'A+', '32429771 / 88353859', '', 'RUA PROFESSOR ARTUR DE MACEDO, QUADRA D, 08, 5º AN', 'CAIXA DÁGUA', 7, '40323120', 'BA', 'SALVADOR', 'ITAGUARACY', 'IGREJA BATISTA FILADELFIA', '33822002', '2006-08-13', 2, 6, '0000-00-00', '', '2011-10-01', 0),
(318, '', 'img_fem.jpg', 'ALINE LOUREIRO DA PAZ SILVA', '1982-08-05', 38, 4, 2, '', '', 'aline da paz', 43, '', '', 'JORGE VALMIR SANTANA DA PAZ', 'LUCIENE MARIA LOUREIRO DA PAZ', 'OSVALDO JESUS SILVA JUNIOR', '0000-00-00', 'IG. BATISTA FILADELFIA', '', '99201-0324', 'alineloureiro@hotmail.com', 'RUA MADUREIRA  DE PINHO, 24', 'CAIXA DÁGUA', 7, '40323080', 'BA', 'SALVADOR', 'ITAGUARACY BRITO', 'BATISTA FILADELFIA', '', '1999-09-12', 2, 6, '0000-00-00', '', '2011-10-01', 0),
(319, '', 'img_fem.jpg', 'JACIRA BRANDAO DE SANTANA UZEDA', '1978-01-30', 38, 7, 2, '', '', '0504266993', 2, 'SÃO LUIS', '', 'JOSUE SANTOS DE SANTANA', 'CLEONICE BRANDÃO DE SANTANA', 'ANTONIO VITOR SANTOS UZEDA', '0000-00-00', '', 'O +', '8129-0841', '', 'R. FREITAS HENRIQUE DE CIMA, 121D,', 'CAIXA DAGUA', 7, '40320165', 'BA', 'SALVADOR', 'ITAGUARACI', 'FILADELFIA', '', '1999-12-26', 2, 6, '0000-00-00', '', '2011-10-01', 0),
(320, '', 'img_masc.jpg', 'COSME BISPO DOS SANTOS', '1954-08-30', 37, 3, 2, '', '', '0116029455', 6, '', '', '', 'AMALIA BISPO DOS SANTOS', 'JORGINA NASCIMENTO DOS SANTOS', '0000-00-00', '', 'A+', '8152-9766 / 3244-5134', '', 'TRAV. LACERDA 13', 'LIBERDADE', 21, '40327650', 'BA', 'SALVADOR', 'JORGE DA PAZ', 'I.BATISTA FILADELFIA', '', '2008-11-09', 2, 6, '0000-00-00', '', '2011-10-01', 0),
(321, '', 'img_fem.jpg', 'ISABEL SILVA DOS SANTOS ', '1985-09-11', 38, 7, 1, 'EMBA', '', '0883472344', 46, 'IJET PATOLOGIA', '', '', '', '', '0000-00-00', '', '', '3397-6807/8311-5040', 'BIAAFILAJOVEM.2009@HOTMAIL.COM / B_IA@LIVE.COM', 'RUA EIXO 3, QD 34,CS 23E', 'PARIPE', 22, '40730620', 'BA', 'SALVADOR ', 'DAVI MIRANDA  ', 'IGREJA PETENCOSTAL JESUS É AMOR', '', '2005-03-17', 1, 3, '2016-04-04', 'ESTA APENAS CURSANDO / DESLIGADO DO ROL DE MEMBROS POR AUSÊNCIA EM 04/04/2016 - MORANDO EM SP', '2011-10-01', 0),
(322, '', 'img_fem.jpg', 'DEBORA DA SILVA SANTOS GONCALVES', '1964-10-14', 38, 3, 2, '', '', '0169204901', 42, '', '', 'EDERALDO BISPO DOS SANTOS', 'FRANCISCA FERREIRA DA SILVA SANTOS', 'SERGIO CARVALHO GONCALVES', '0000-00-00', '', '', '33864639', '', 'FREITAS HENRIQUE DE CIMA 111-A', 'CAIXA D`AGUA', 7, '40320150', 'BA', 'SALVADOR', 'SATURNINO JOSE FERREIRA', 'BATISTA FILADELFIA', '33822002', '1982-10-10', 2, 6, '0000-00-00', '', '2011-10-01', 0),
(323, '', 'img_fem.jpg', 'CRISPINIANA SOARES UZEDA', '1949-08-28', 38, 2, 5, '', '', '2102140', 25, '', '', 'MIGUEL RODRIGUES SOARES', 'ANTONIA FERREIRA DE OLIVEIRA', '', '0000-00-00', '', 'O+', '3432-1631 / 9227-1780', '', 'R/ ACAJUTIBA S/N Q 9 LOTE 12, 1º SUBSOLO', 'PERNAMBUÉS', 23, '41120700', 'BA', 'SALVADOR', 'ITAGUARACY B. DOS SANTOS', 'I. BATISTA FILADELFIA', '', '1996-12-31', 2, 6, '0000-00-00', '', '2011-10-01', 0),
(324, '', 'img_fem.jpg', 'ELEN SOUSA DA PAZ JESUS', '1986-04-12', 38, 4, 2, '', '', '1152557882', 35, 'LINHAS AEREAS AZUL', '', 'EDILSON SANTANA DA PAZ', 'LUCIMARY SOUSA CRUZ DA PAZ', 'JORGE HENRIQUE', '2013-01-05', '', 'O+', '9158-8029', 'ELEN.CRUZ@VOEAZUL.COM', 'AV. NOSSA SENHORA DO RESGATE, 906, COND. SOLAR DAS', 'RESGATE', 24, '41152000', 'BA', 'SALVADOR', 'ITAGUARACY', 'IGREJA BATISTA FILADELFIA', '33822002', '0000-00-00', 2, 6, '0000-00-00', 'ENDEREÇO: AV. NOSSA SENHORA DO RESGATE, 906, COND. SOLAR DAS ARVORES, AP 301', '2011-10-01', 0),
(325, '', 'img_masc.jpg', 'JAILTON BARBOSA DA SILVA', '1966-11-19', 37, 3, 2, '', '', 'jailton', 59, 'UNIÃO TRANSPORTES', '(71)  3381-3397', 'JOSE GREGORIO FILHO', 'SEVERINA FERREIRA BARBOSA', 'KATIA CRISTINA DA SILVA', '0000-00-00', '', 'O +', '3389-4751 / 8530-7134', '', 'R PROF BATISTA VIEIRA, 17', 'PAU MIUDO', 5, '40315430', 'BA', 'SALVADOR', 'DANIEL DE OLIVEIRA', 'CASA DA BENÇÃO', '', '0000-00-00', 2, 6, '0000-00-00', 'FILHOS-LUANA SILVA (FILHA)', '2011-10-01', 0),
(326, '', 'img_masc.jpg', 'ALLAN DA CRUZ ROSA', '1988-04-13', 37, 4, 2, '', '', '1138821810', 52, '', '', 'ALMIR DE OLIVEIRA ROSA', 'MARIA DAS GRAÇAS SILVA DA CRUZ', 'ABIDJAN MARCELO SANTOS', '0000-00-00', '', 'O+', '3382-0552 / 8734-2927', 'allancruzrosa@hotmail.com', 'TV. SANTA MARGARIDA, 134E', 'CAIXA DÁGUA', 7, '40320310', 'BA', 'SALVADOR', 'ITAGUARACY BRITO', 'BATISTA FILADELFIA', '', '2003-12-28', 2, 4, '2016-03-30', 'PEDIDO DE CARTA PARA IGREJA BATISTA METROPOLITANA EM 30/03/2016', '2011-10-01', 0),
(327, '', 'img_fem.jpg', 'ISMARIA FREITAS PATRÍCIO', '1963-05-31', 38, 3, 2, '', '', '0159453240', 12, 'LOJA MONA', '3328-3109', 'AURINO CAETANO FREITAS', 'IEDA MACHADO FREITAS', 'MARCIO JOSE CERQUEIRA PATRICIO', '0000-00-00', '', 'A+', '8861-6270', '', 'AV.FERREIRA, N°47, TERREO', 'IAPI', 8, '40330353', 'BA', 'SALVADOR', 'ITAGUARACI BRITO DOS SANTOS', 'IGREJA BATISTA FILADELFIA', '', '2005-12-25', 2, 6, '0000-00-00', '', '2011-10-01', 0),
(328, '', 'img_fem.jpg', 'CRISTIANE GONÇALVES MARQUES MELO', '1970-11-14', 38, 7, 2, '', '', '0377396540', 12, 'TOK E STOK', '', 'AILTON VELOSO P. MARQUES', 'LUZIA GONÇALVES P. MARQUES', 'GENILSON D. DOS SANTOS MELO', '1992-05-29', 'CARTÓRIO SÃO PEDRO', 'O+', '3327-3574', 'CRIMELLO@YAHOO.COM.BR', 'RUA MADUREIRA DE PINHO ', 'CAIXA DAGUA', 7, '40323080', 'BA', 'SALVADOR', 'ITAGUARACY B. DOS SANTOS', 'I. BATISTA FILADELFIA', '', '1998-12-31', 2, 6, '0000-00-00', '', '2011-10-01', 0),
(329, '', 'img_fem.jpg', 'ELEONORA FERNANDES COSTA RÊGO', '1948-02-26', 38, 4, 2, '', '', '710258B55', 39, 'UFBA', '', 'GENTIL FERNANDES DE OLIVEIRA', 'INAH ALVES DE OLIVEIRA', 'JOEL COSTA RÊGO', '0000-00-00', '', 'A-', '8659-7349 / 9639-1888', '', 'RUA PADRE BREYNER, LADEIRA DO PAIVA, 71, AP B', 'CAIXA DÁGUA', 7, '40323050', 'BA', 'SALVADOR', 'SILAS ARAUJO MATOS', 'IGREJA BATISTA FILADELFIA', '33822002', '1984-12-31', 2, 6, '0000-00-00', '', '2011-10-01', 0),
(330, '', 'img_masc.jpg', 'FRANCISCO BARBOSA ', '1937-12-05', 37, 2, 5, '', '', '39376474', 39, '', '', 'CÂNDIDA BARBOSA', '', '', '0000-00-00', '', '', '3259-0957 / 8133-0746', '', 'TV. DESEMBARGADOR VIANA CASTRO, 6', 'SÃO CAETANO', 67, '40385390', 'BA', 'SALVADOR', '', 'IGREJA BATISTA NOVA ESPERANÇA', '', '2009-12-22', 1, 6, '0000-00-00', '', '2011-10-01', 0),
(331, '', 'img_fem.jpg', 'ISOLINA FALCAO DA MOTA SILVEIRA', '1928-05-09', 38, 2, 5, '', '', '30910430', 11, '', '', 'ANTONIO FALCAO DA MATA', 'BRAZILINA AZAVEDO FALCAO', '', '0000-00-00', '', 'A+', '3233-1483/8822-8805', '', 'LADEIRA DOS TUPYS, LT 7, ED. RIO DAS PEDRAS', 'MATATU-BROTAS', 75, '40255110', 'BA', 'SALVADOR ', 'ISAIAS BATISTA', 'IGREJA BATISTA AMELIA RODRIGUES ', '', '1943-10-25', 2, 6, '0000-00-00', 'DIACONISA', '2011-10-01', 0),
(332, '', 'img_masc.jpg', 'JAILTON ROLEMBERG DE SOUSA', '1972-03-07', 37, 8, 2, '', '', 'jailton rolemberg', 15, 'SOSERVI LTDA', '3203-2347', 'FRANCISCO FERNANDES DE SOUSA', 'GILDETE ROLEMBERG DE SOUSA', 'SUZANE CELESTE SILVA', '0000-00-00', '', 'B +', '8178-1305', '', 'R PROF BATISTA VIEIRA, 23', 'PAU MIUDO', 5, '40315430', 'BA', 'SALVADOR', 'ITAGUARACI', '', '', '2006-08-01', 2, 6, '0000-00-00', '', '2011-10-01', 0),
(333, '', 'img_fem.jpg', 'ALTANICE SOUSA DE OLIVEIRA', '1969-02-18', 38, 3, 2, '', '', '0444110909', 35, '', '', 'GRISOSTOMO MENEZES DE SOUSA', 'MARIA DE LOURDES A. DE SOUSA', 'WILSON DE OLIVEIRA FILHO', '0000-00-00', 'IG. BATISTA FILADELFIA', '', '9933-1944', '', '1ª TRAVESSA  MANOEL DRUMOND, 33', 'CAIXA DÁGUA', 7, '40320100', 'BA', 'SALVADOR', 'ITAGUARACY BRITO', 'BATISTA FILADELFIA', '', '2003-06-01', 2, 6, '0000-00-00', '', '2011-10-01', 0),
(334, '', 'img_masc.jpg', 'ÍTALO SANTOS UZÊDA', '1991-11-06', 37, 3, 1, 'IF-BA', '', '1398534641', 36, '', '', 'ANTÔNIO UZÊDA', 'NICÉLIA MARIA SANTOS UZÊDA', '', '0000-00-00', '', 'O-', '33860609', 'ITALOZEDA@HOTMAIL.COM', 'RUA FREITAS HENRIQUE DE CIMA, N°121D', 'CAIXA DAGUA', 7, '40323165', 'BA', 'SALVADOR ', 'ITAGUARACI BRITO DOS SANTOS', '', '', '2005-12-25', 2, 3, '2016-12-19', 'EXCLUSÃO DO ROL DE MEMBROS POR VIDA INCOMPATÍVEL AOS PADRÕES BÍBLICOS EM 19/12/2016', '2011-10-01', 0),
(335, '', 'img_fem.jpg', 'ELIANA RUBIA MIRANDA PORTO', '1962-01-28', 38, 3, 4, '', '', '207097062', 11, '', '', 'AFONSO ALVES PORTO', 'PALMIRA FIGUEREDO MIRANDA', '', '0000-00-00', '', 'A+', '30140921 / 87045497 / 9204-194', 'LEEPORTO@HOTMAIL.COM', 'RUA FREITAS HENRIQUE DE CIMA, 106, 2º ANDAR', 'CAIXA DÁGUA', 7, '40320150', 'BA', 'SALVADOR', 'ITAGUARACY', 'IGREJA BATISTA FILADELFIA', '33822002', '1999-09-02', 2, 3, '0000-00-00', 'PEDIU EXCLUSÃO DO ROL DE MEMBROS - 31/03/2015', '2011-10-01', 0),
(336, '', 'img_masc.jpg', 'DEIVIDE ROSA DOS SANTOS', '1983-02-26', 37, 2, 1, '', '', '0825717086', 35, '', '', '', 'GILDETE ROSA DOS SANTOS', '', '0000-00-00', '', 'B+', '32336668/88049961', 'DEIVIDE.DEIVINHO@HOTMAIL.COM', 'MANOEL DRUMOND 80', 'CAIXA D`AGUA', 7, '40320670', 'BA', 'SALVADOR', 'JOAO RODRIGUES', 'BATISTA FILADELFIA', '33822002', '1998-12-31', 2, 6, '0000-00-00', 'LOGISTICA', '2011-10-01', 0),
(337, '', 'img_masc.jpg', 'CRISTIANO ALMEIDA DA SILVA', '1974-01-19', 37, 3, 1, '', '', '04790332150', 35, '', '', '', 'MARIA DA CONCEIÇÃO ALMEIDA DA SILVA', '', '0000-00-00', '', 'O+', '32440296', '', 'LADEIRA DO IPIRANGA 10', 'CIDADE NOVA', 83, '40313030', 'BA', 'SALVADOR', 'EDVALDO', 'IGREJA QUADRANGULAR', '', '1993-10-10', 1, 6, '0000-00-00', '', '2011-10-01', 0),
(338, '', 'img_masc.jpg', 'IVAN JESUS DA ROCHA ', '1973-07-25', 37, 7, 1, '', '', '0444499849', 12, '', '', 'EDVALDO SALES DA ROCHA', 'IZABEL MARIA DE JESUS', '', '0000-00-00', '', 'A+', '9916-9834', 'PRIVANROCHA@HOTMAIL.COM', 'AV. FERREIRA, N°60', 'IAPI', 8, '40330720', 'BA', 'SALVADOR', 'ORLANDO PEREIRA CAMPOS', 'IGREJA BATISTA FILADELFIA', '', '1993-07-04', 2, 6, '0000-00-00', '', '2011-10-01', 0),
(339, '', 'img_fem.jpg', 'ELIANA SANTOS DIAS', '1965-08-31', 38, 4, 1, '', '', '199187550', 37, '', '', 'EMILIO DIAS', 'MARIA DO ROSARIO SANTOS DIAS', '', '0000-00-00', '', 'O+', '32443628', '', 'AV. IVANIL, FREITAS HENRIQUE DE BAIXO, 27', 'BAIXA DE QUINTAS', 27, '40320250', 'BA', 'SALVADOR', 'JORGE DA PAZ', 'IGREJA BATISTA FILADELFIA', '33822002', '2007-08-12', 2, 3, '2011-09-14', 'PEDIDO DE CARTA PARA IGREJA BATISTA MEMORIAL DE SALVADOR SOLICITADA EM 01/06/2011 SAIDA EM 14/09/2011', '2011-10-01', 0),
(340, '', 'img_masc.jpg', 'ALVINO GONÇALVES DOS SANTOS', '1950-09-07', 37, 3, 4, '', '', '0222540303', 35, '', '', 'JOSE GONÇALVES DOS SANTOS', 'JOANA FRANCISCA DOS SANTOS', '', '0000-00-00', '', 'A+', '8729-6246', 'alvinogoncalves@hotmail.com', 'RUA WALDIR  PIRES, 65', 'IAPI', 8, '40330220', 'BA', 'SALVADOR', 'EUGENIO TRAIPES', 'BATISTA ITABUNA', '', '2009-12-24', 3, 6, '0000-00-00', 'MARCENEIRO', '2011-10-01', 0),
(341, '', 'img_fem.jpg', 'DEJANIRA SILVA FERREIRA', '1936-09-16', 38, 2, 2, '', '', '1607965', 25, '', '', 'ALVARO CANDIDO DA SILVA', 'MARIA DE S. PEDRO DOS SANTOS SILVA', 'BOMFIM', '0000-00-00', '', '', '3386-8634', '', 'PRACA SAN MARTIN R - A, 13', 'IAPI', 8, '40330330', 'BA', 'SALVADOR', 'NATANAEL QUADROS BARRETO', 'BATISTA FILADELFIA', '33822002', '1975-03-13', 2, 6, '0000-00-00', '', '2011-10-01', 0),
(342, '', 'img_fem.jpg', 'IVANI MATOS', '1946-01-21', 38, 9, 1, '', '', 'ivani', 39, '', '', '', 'ISALTINA MATOS', '', '0000-00-00', '', 'A+', '33881569', '', 'RUA GUAIBA, N°59', 'CAIXA DAGUA', 7, '40320590', 'BA', 'SALVADOR ', 'ITAGUARACI BRITO DOS SANTOS', 'IGREJA BATISTA FILADELFIA', '', '2005-12-25', 2, 6, '0000-00-00', '', '2011-10-01', 0),
(343, '', 'img_masc.jpg', 'CRISTINO DE DEUS ASSIS', '1963-05-12', 37, 3, 2, '', '', '2776174', 29, '', '', 'CRISPIM ASSIS', 'JULIA DE DEUS ASSIS', 'MARIVALDA LESSA ASSIS', '0000-00-00', '', '', '3388-5278 / 9122-1452', 'CRISTINOASSIS@YAHOO.COM.BR', 'AVENIDA BONFIM 36', 'PERO VAZ', 64, '40340120', 'BA', 'SALVADOR', 'SILAS A. MATOS', 'I. BATISTA FILADELFIA', '', '1985-06-09', 2, 6, '0000-00-00', '', '2011-10-01', 0),
(344, '', 'img_fem.jpg', 'JANDIRA TORRES COPQUE', '1942-08-08', 38, 8, 5, '', '', 'jandira', 38, '', '', 'THIAGO FRANCISCO TORRES', 'FLAVIA DE JESUS RODRIGUES', 'EDUARDO ', '0000-00-00', '', 'O +', '8819-1842 / 3233-4201', '', 'R SALDANHA MARINHO, 97 APT 203', 'CAIXA DAGUA', 7, '40323010', 'BA', 'SALVADOR', '', '', '', '2001-10-11', 2, 6, '0000-00-00', 'FAMILIARES- EDUARDO SIDNEY,NIVEA, NIVANA, PAULO (FILHOS)', '2011-10-01', 0),
(345, '', 'img_fem.jpg', 'IVES LOPES FERREIRA SACRAMENTO', '1985-02-26', 38, 7, 2, '', '', 'ives', 53, 'AUTONOMA', '', 'DILSON FERREIRA', 'IRANI LOPES DOS SANTOS FERREIRA', 'FLAVIO DE JESUS SACRAMENTO', '0000-00-00', '', 'O+', '3034-6027/8812-2610', 'IVESLOPES@HOTMAIL.COM', 'RUA PADRE BRAYNER, 71, AP A', 'CAIXA DÁGUA', 7, '40320480', 'BA', 'SALVADOR ', 'ITAGUARACI BRITO DOS SANTOS', 'IGREJA BATISTA FILADELFIA', '32440324', '1999-09-12', 2, 6, '0000-00-00', '', '2011-10-01', 0),
(346, '', 'img_fem.jpg', 'ELIANE OLIVEIRA LIMA', '1973-04-26', 38, 3, 1, '', '', '0415551048', 9, '', '', 'JOÃO CLEMENTE RIBEIRO LIMA', 'ELIETE DE OLIVEIRA LIMA', '', '0000-00-00', '', 'O+', '8855-7991 / 9328-8068', '', 'RUA MANUEL DRUMOND, 27 1º ANDAR, COND. PARQUE', 'CAIXA DÁGUA', 7, '40320670', 'BA', 'SALVADOR', 'JORGE DA PAZ', 'IGREJA BATISTA FILADELFIA', '33822002', '2008-06-02', 2, 6, '0000-00-00', '', '2011-10-01', 0),
(347, '', 'img_fem.jpg', 'AMANDA OLIVEIRA ALMEIDA DIAS', '1982-06-06', 38, 5, 2, '', '', 'amanda', 22, 'CAMARA VEREADORES', '', 'GILBERTO SILVA ALMEIDA', 'VALMIRA PASSOS OLIVEIRA', 'ROGERIO DIAS', '0000-00-00', '', 'A+', '8886-3756 / 8890-1066', '', 'RUA MANOEL INACIO DA COSTA, 11, TERREO', 'CX DAGUA', 7, '40320030', 'BA', 'SALVADOR', '', 'BATISTA FILADELFIA', '', '0000-00-00', 2, 6, '0000-00-00', '', '2011-10-01', 0),
(348, '', 'img_fem.jpg', 'IVETE VASCONCELOS DE SOUZA', '1959-03-28', 38, 2, 1, '', '', '141851724', 11, 'LAVANDERIA LAVA RAPIDO', '', 'EUFRASIO TRINDADE DE SOUZA', 'ELZELITA CARDOSO VASCONCELOS', '', '0000-00-00', '', 'O+', '3258-4786 / 8859-4180', 'IVETELAVARAPIDO@YAHOO.COM.BR', 'RUA FREITAS HENRIQUE DE CIMA, 71A, TV. VIRGINIA', 'CAIXA DAGUA', 7, '40320165', 'BA', 'SALVADOR ', 'ITAGUARACI BRITO DOS SANTOS', 'IGREJA BATISTA FILADELFIA', '', '1999-12-01', 2, 6, '0000-00-00', '', '2011-10-01', 0),
(349, '', 'img_fem.jpg', 'JACI SOUZA DE JESUS', '1953-02-04', 38, 3, 2, '', '', '88444871', 25, '', '', 'ELEUTERIO BISPO DE SOUZA', 'ANTONIA RIBEIRO SOUZA', 'PAULO CEZAR BARRETO DE JESUS', '1980-05-30', '', '', '8844-4871 / 8229-0279', 'JACIESCOLHIDA@HOTMAIL.COM', 'CONJ. HABITACIONAL ILHA DE SAO JOAO, COPA 2 AP. 10', 'ILHA DE S.JOÃO', 28, '43700000', 'BA', 'ILHA DE S.JOÃO', 'JORGE DA PAZ', 'I. BATISTA FILADELFIA', '', '2009-08-02', 2, 1, '0000-00-00', 'CONJ. HABITACIONAL ILHA DE SAO JOAO, COPA 2 AP. 102B', '2011-10-01', 0);
INSERT INTO `membros` (`pk_membro`, `fg_membro`, `te_foto`, `nm_membro`, `dt_nascimento`, `fk_sexo`, `fk_instrucao`, `fk_estado`, `nm_escola`, `nu_tel_escola`, `nu_rg`, `fk_profissao`, `nm_empresa`, `nu_tel_empresa`, `nm_pai`, `nm_mae`, `nm_conjuge`, `dt_casamento`, `nm_local`, `nm_rh`, `nu_tel_casa`, `nm_email`, `nm_logra`, `nm_bairro1`, `fk_bairro`, `nu_cep`, `nm_uf`, `nm_cidade`, `nm_pastor`, `nm_igreja`, `nu_tel_igreja`, `dt_admissao`, `fk_entrada`, `fk_saida`, `dt_saida`, `te_observacao`, `dt_cadastro`, `fk_usuario`) VALUES
(350, '', 'img_fem.jpg', 'ELISABETE LOPES DA SILVA', '1978-08-25', 38, 3, 1, '', '', '0698961277', 46, 'MANOEL VICTORINO', '32435023', '', 'TERESINHA LOPES DA SILVA', '', '0000-00-00', '', 'B+', '32332724', '', 'RUA 24 DE JUNHO, 74', 'CIDADE NOVA', 83, '40313480', 'BA', 'SALVADOR', 'ITAGUARACY', 'IGREJA BATISTA FILADELFIA', '', '2005-12-25', 2, 6, '0000-00-00', '', '2011-10-01', 0),
(351, '', 'img_masc.jpg', 'DENILSON ALVES SANTOS', '1974-08-09', 37, 3, 2, '', '', '40617772-82', 62, '', '', 'MOACIR DOS SANTOS', 'MARIEZETE  ALVES SANTOS', '', '0000-00-00', '', 'O+', '87075332', 'DENILSON@HOTMAIL.COM', 'RUA TRANSIBULO FERRAZ 92', 'CIDADE NOVA', 83, '40313160', 'BA', 'SALVADOR', 'JORGE DA PAZ', 'BATISTA FILADELFIA', '33822002', '2009-08-02', 2, 6, '0000-00-00', '', '2011-10-01', 0),
(352, '', 'img_masc.jpg', 'LEANDRO MENEZES CARDOSO', '1974-07-08', 37, 3, 2, '', '', '538531649', 6, 'MANSERV', '', 'UBALDO CARDOSO', 'GERALDINA MENEZES', 'EDNALVA MENEZES CARDOSO', '0000-00-00', '', 'O+', '33228722', 'LEO-MENES@HOTMAIL.COM', 'RUA OSORIO VILAS BOAS N°38E', 'CIDADE NOVA', 83, '40313580', 'BA', 'SALVADOR', 'JORGE DA PAZ', 'IGREJA BATISTA FILADELFIA', '', '0000-00-00', 2, 6, '0000-00-00', '', '2011-10-01', 0),
(353, '', 'img_masc.jpg', 'JEAN CARLOS COSTA NEVES', '1980-06-03', 37, 7, 2, 'UCSAL', '', '07935226264', 12, 'IMPERJET/RETIRAUTO', '', 'GILSON MENDES NEVES', 'CLARICE COSTA', '', '0000-00-00', '', '', '32569820', '', 'RUA MARQUÊS DE MARICÁ  118', 'PAU MIUDO', 5, '40310000', 'BA', 'SALVADOR', '', 'BATISTA FILADELFIA', '', '2007-08-09', 2, 6, '0000-00-00', 'OBS: FREQUENTANDO ASSEMBLEIA DE DEUS', '2011-10-01', 0),
(354, '', 'img_fem.jpg', 'ANA CARINE DE JESUS NASCIMENTO', '1991-08-09', 38, 6, 1, 'CLASSE IV', '', '1403308870', 36, '', '', 'JOSE C NASCIMENTO', 'IRENE MARIA DE JESUS', '', '0000-00-00', '', '', '3382-2541', 'ana9_carine@hotmail.com', 'RUA VALDIR PIRES, 78', 'IAPI', 8, '40220310', 'BA', 'SALVADOR', 'JORGE DA PAZ', 'BATISTA FILADELFIA', '', '2008-06-02', 2, 6, '0000-00-00', '', '2011-10-01', 0),
(355, '', 'img_masc.jpg', 'JANDSON RAMOS DOS SANTOS', '1987-02-08', 37, 3, 2, '', '', 'jandson', 31, '', '', 'JURACI DOS SANTOS', 'BENEDITA RAMOS DSO SANTOS', 'ALINE TAIANA CANABRAVA DA SILVA RAMOS', '2014-12-27', 'IBF', 'O +', '8183-0256 / 8341-9304', 'jandson.ramos@hotmail.com', 'R GUAIBA, 23', 'CAIXA DAGUA', 7, '40320590', 'BA', 'SALVADOR', 'ITAGUARACI', 'IGREJA BATISTA FILADELFIA', '', '2014-09-14', 4, 6, '0000-00-00', '', '2011-10-01', 0),
(356, '', 'img_fem.jpg', 'ELIZABETH RAMOS FERREIRA', '1929-08-18', 38, 4, 5, '', '', '00022788719', 9, '', '', 'PAULO DIAS SANTOS RAMOS', 'ALICE PAULA DE OLIVEIRA', 'ARMANDO FERREIRA MANDINHO', '0000-00-00', '', '', '3012-1028', '', 'AV. ALAMEDA CARRARA, 321, EDF. SERVIA AP 1201 PQ J', 'PITUBA', 29, '41850590', 'BA', 'SALVADOR', 'EPAMINONDAS BORGES DA SILVA', 'IGREJA BATISTA DE POJUCA', '', '1964-09-15', 3, 6, '0000-00-00', '', '2011-10-01', 0),
(357, '', 'img_masc.jpg', 'LEANDRO TEIXEIRA SANTOS', '1985-07-10', 37, 3, 2, 'SENAI - SEMATEC', '', '0866835431', 35, 'TEC. DE INFORMATICA', '', 'LAZARO SOUZA SANTOS', 'LICIA MARGARIDA CONCEIÇAO TEIXEIRA DE NAZARE', 'SANDRA GOMES SILVA SANTOS', '2009-08-08', 'IGREJA BATISTA FILADELFIA', 'A+', '99204-4629', 'SERVOSIM@LIVE.COM', 'RUA JARDIM SANTA TEREZINHA, 18', 'CAIXA DAGUA', 7, '40323020', 'BA', 'SALVADOR', 'ADAIR', 'IGREJA EVANGELICA CONGREGACIONAL', '33262493', '0000-00-00', 4, 6, '0000-00-00', 'RECONCILIAÇÃO EM 14/02/2016 / DESLIGADO EM 12/09/2016 APOS REUNIAO DO CAPI NO DIA 11/09/2016 / RECONCILIAÇÃO EM 16/10/2016', '2011-10-01', 0),
(358, '', 'img_masc.jpg', 'JEIMILY CAIALY MOTA DA SILVA', '1989-03-01', 37, 4, 2, 'IBES/ISEC', '', '0911829563', 36, '', '', 'JOÃO RODRIGUES DA SILVA', 'JUÇARA CLAUDIA DE JESUS MOTA', 'RAIÇA BILITARIO COSTA', '2013-12-27', 'FORUM RUY BARBOSA', 'O+', '32420353 / 9351-0565', '', 'RUA NEVES DA ROCHA 69', 'CAIXA DAGUA', 7, '40320530', 'BA', 'SALVADOR', 'JORGE DA PAZ', 'I. BATISTA FILADELFIA', '', '2007-12-31', 2, 6, '0000-00-00', '', '2011-10-01', 0),
(359, '', 'img_fem.jpg', 'LEONIZIA SANTOS DA MOTA', '1939-11-29', 38, 1, 5, '', '', '0101957858', 39, '', '', '', 'VIRGINIA MAURICIA DE ARAUJO', 'ANTONIO FALCAO DA MOTA', '0000-00-00', '', 'O+', '3327-1206 / 9909-1139 / 8663-4', '', 'RUA CAFE FILHO,N°8', 'BAIXA DE QUINTAS', 27, '40310000', 'BA', 'SALVADOR', 'ANTONIO RODRIGUES LOPES', 'IGREJA BATISTA FILADELFIA', '', '1957-11-15', 2, 6, '0000-00-00', '', '2011-10-01', 0),
(360, '', 'img_fem.jpg', 'JEOVANILDE DOS SANTOS DE OLIVEIRA', '1968-12-10', 38, 3, 1, '', '', '300700650', 35, 'ESCOLA INTEGRAL FILADELFIA', '', 'GEOVÁ AUGUSTO T. DE OLIVEIRA', 'ADENILDE DOS SANTOS OLIVEIRA', '', '0000-00-00', '', 'O+', '32343568', '', 'TV. JOANA DARC 20', 'CAIXA DAGUA', 7, '40320650', 'BA', 'SALVADOR', 'ITAGUARACY B.DOS SANTOS', 'I. BATISTA FILADELFIA', '', '2001-05-13', 2, 6, '0000-00-00', '', '2011-10-01', 0),
(362, '', 'img_masc.jpg', 'ELTON CONCEIÇÃO SANTOS', '1988-05-04', 37, 7, 2, '', '', '1205942696', 64, 'citibank', '', 'EDMILSON JESUS DOS SANTOS', 'MARIZE CONCEIÇÃO DOS SANTOS', 'RITA DE CASSIA', '0000-00-00', '', '', '32341741 / 87737328', '', 'RUA ELMANO SILVEIRA CASTRO, 592', 'IAPI', 8, '40220310', 'BA', 'SALVADOR', 'BENEDITO SALVADOR', 'IGREJA PENTENCOSTAL', '', '2010-09-05', 1, 3, '2016-09-12', 'DESLIGADO EM 12/09/2016 APOS REUNIAO DO CAPI NO DIA 11/09/2016', '2011-10-01', 0),
(363, '', 'img_fem.jpg', 'LICIA MARGARIDA CONCEIÇAO TEIXEIRA DE NAZARE', '1964-06-10', 38, 6, 4, 'COLEGIO ESTADUAL ANISIO TEIXEIRA', '3381-5201', '0251497097', 25, '', '', 'JOSE CATARINO TEIXEIRA', 'FAUSTINA SILVA DA CONCEIÇAO', 'VICENTE PAULO DE NAZARE FILHO', '0000-00-00', '', '', '8678-3382', '', 'RUA FREITAS HENRIQUE DE CIMA, 30 FUNDO', 'CAIXA DAGUA', 7, '40320150', 'BA', 'SALVADOR', 'ADAIR', 'IGREJA EVANGELICA CONGREGACIONAL', '33262493', '2010-06-06', 1, 6, '0000-00-00', '', '2011-10-01', 0),
(364, '', 'img_masc.jpg', 'JESSÉ BORGES DOS SANTOS', '0000-00-00', 37, 3, 2, '', '', '1628908', 26, 'GOV.EST.BAHIA', '', 'ALFREDO DA CRUZ SANTOS', 'MARIA ANTONIETA BORGES DOS SANTOS', 'ROSINEIDE SILVA SANTOS', '1989-07-29', 'ASSEMBLEIA DE DEUS', '', '88915329', '', 'RUA MADUREIRA DE PINHO 70', 'CAIXA DAGUA', 7, '40323080', 'BA', 'SALVADOR', 'RODRIGO SANTANA', 'ASSEMBLEIA DE DEUS', '', '2010-09-05', 1, 6, '0000-00-00', '', '2011-10-01', 0),
(365, '', 'img_masc.jpg', 'DENILSON NASCIMENTO DE SANTANA', '1966-02-24', 37, 8, 2, '', '', '2015195', 65, '', '', 'WILSON MARQUES DE SANTANA', 'AIDIL PEREIRA DO NASCIMENTO', 'SANDRA FERREIRA DE SANTANA', '0000-00-00', '', 'O+', '82398841', '', 'PARQUE SAN MARTIN R-A, 13', 'IAPI', 8, '40360840', 'BA', 'SALVADOR', 'UBIRAJARA', '', '', '0000-00-00', 1, 6, '0000-00-00', '', '2011-10-01', 0),
(366, '', 'img_fem.jpg', 'ANA CAROLINA ALMEIDA DA SILVEIRA', '1990-05-22', 38, 7, 2, '', '', '1198176679', 9, '', '', 'PAULO JACKSON MOTA DA SILVEIRA ', 'MARIA LUCIA DE ALMEIDA SOARES', 'DIEGO', '0000-00-00', '', 'A+', '8859-4888', 'carolziny@hotmail.com', 'RUA AURELIO RODRIGUES DA SILVA', 'BX. QUINTAS', 27, '40320050', 'BA', 'SALVADOR', 'ITAGUARACY BRITO', 'BATISTA FILADELFIA', '', '2004-12-31', 2, 3, '2015-03-31', 'PEDIU EXCLUSÃO DO ROL DE MEMBROS - 31/03/2015', '2011-10-01', 0),
(367, '', 'img_fem.jpg', 'LIZETE DE ALMEIDA SANTANA', '1946-04-06', 38, 3, 2, '', '', '0053803248', 39, '', '', 'MODESTO SALES DE ALMEIDA', 'LIDIA ROSA SALES', '', '1970-12-30', '', '', '3017-4019 / 8724-9789', '', 'RUA SALDANHA MARINHO, AV. CONCEIÇAO,7', 'CAIXA DAGUA', 7, '40323510', 'BA', 'COQUEIRO', 'SILAS ARAÚJOMATOS', 'IGREJA BATISTA FILADELFIA', '', '1983-10-30', 2, 6, '0000-00-00', '', '2011-10-01', 0),
(368, '', 'img_fem.jpg', 'JANETE SANTOS SILVA', '1940-05-30', 38, 1, 1, '', '', 'janetesantos', 38, '', '', 'CARLOS EVANGELISTA DOS SANTOS', 'JANETE SANTOS SILVA', '', '0000-00-00', '', '', '3234-0700', '', 'R BEIJAMIN FRANKLIN, 76-A', 'BAIRRO REIS', 30, '40315300', 'BA', 'SALVADOR', 'ITAGUARACI', 'IGREJA BATISTA FILADELFIA', '', '0000-00-00', 2, 6, '0000-00-00', '', '2011-10-01', 0),
(370, '', 'img_fem.jpg', 'JESSICA SILVA DE MORAES REGO SANTOS', '1990-09-20', 38, 3, 1, '', '', '1290552711', 36, '', '', 'JOSÁ AUGUSTO SOUZA SANTOS', 'TELMA ROSANGELA SILVA DE MORAES REGO', '', '0000-00-00', '', 'A+', '32340273/82567870', 'MORAES_655@HOTMAIL.COM', 'AV.CONCEIÇÃO C/3 1º ANDAR', 'CAIXA DAGUA', 7, '40323010', 'BA', 'SALVADOR', 'ITAGUARACY B. DOS SANTOS', 'I.BATISTA FILADELFIA', '', '2003-12-28', 2, 6, '0000-00-00', '', '2011-10-01', 0),
(371, '', 'img_fem.jpg', 'ANA CLAUDIA SOUSA FREIRE', '1982-07-11', 38, 5, 2, '', '', '0726769223', 18, 'PMS', '', 'EDMUNDO CLAUDIO DA SILVA FREIRE', 'YOLANDA SOUSA FREIRE', '', '0000-00-00', '', 'O+', ' 9211- 9893 / 3386-0447', 'ana_freire25@hotmail.com', 'RUA OSCAR LOPES, 39', 'CAIXA DÁGUA', 7, '40320810', 'BA', 'SALVADOR', 'JORGE DA PAZ', 'BATISTA FILADELFIA', '', '2007-12-31', 2, 3, '2016-12-19', 'FORMAÇÃO - ENGENHEIRA AGRIMENSORA / DESLIGAMENTO DO ROL DE MEMBROS POR ABANDONO EM 19/12/2016 EM ASSEMBLÉIA DO CAPI', '2011-10-01', 0),
(372, '', 'img_fem.jpg', 'LILIAM MARIA DA PAZ CERQUEIRA', '1977-06-14', 38, 8, 2, '', '', '0717450333', 36, '', '', 'EZEQUIEL RODRIGUES DE SOUZA DA SILVA', 'CELIA MARIA DA PAZ SILVA', 'FABIO DA CRUZ CERQUEIRA', '0000-00-00', 'IGREJA BATISTA FILADELFIA', '', '3382-7730', '', '2° TRAVESSA DA MANDICHURIA, 14 ', 'CAIXA DAGUA', 7, '40323026', 'BA', 'SALVADOR', 'ROGÉRIO', 'IGREJA BATISTA SINAI', '', '1993-12-31', 2, 6, '0000-00-00', '', '2011-10-01', 0),
(373, '', 'img_fem.jpg', 'JAQUELINE FERREIRA ROCHA NUNES', '1980-11-15', 38, 3, 2, '', '', 'jaqueline', 66, '', '', 'JOSE ALVES SOUSA ROCHA', 'MARIA DA PAZ FERREIRA', 'ROGERIO G. L. NUNES', '1998-12-26', '', 'O +', '3386-3011 / 8858-0321', '', 'AV. FERREIRA, 11', 'IAPI', 8, '40330353', 'BA', 'SALVADOR', 'JORGE DA PAZ', 'IGREJA BATISTA FILADELFIA', '', '1998-12-31', 2, 6, '0000-00-00', '', '2011-10-01', 0),
(374, '', 'img_fem.jpg', 'LORENA NASCIMENTO REIS', '1987-09-27', 38, 3, 2, '', '', '100375879', 35, '', '', 'REGINALDO TEIXEIRA REIS', 'MARIA ONISSE REIS', 'ELIELSON SANTOS OLIVEIRA', '0000-00-00', '', 'O+', '3405-5567 / 8621-8453', 'LOLORE165@HOTMAIL.COM', 'AV. ULISSES GUIMARAES, 149, CD. VIVENDA COLONIAL, ', 'CABULA', 32, '41213000', 'BA', 'SALVADOR', 'ITAGUARACI BRITO DOS SANTOS', 'IGREJA BATISTA FILADELFIA', '', '2004-05-01', 2, 6, '0000-00-00', 'AV. ULISSES GUIMARAES, 149, CD. VIVENDA COLONIAL, ED. COIMBRA, AP 302', '2011-10-01', 0),
(375, '', 'img_fem.jpg', 'DENISE DA PAZ SANTOS', '1953-11-30', 38, 4, 2, '', '', '1149188', 42, 'ESCOLA INTEGRAL FILADELFIA', '32440324', 'DIONISIO DA PAZ', 'ZILDETE SANTANA DA PAZ', 'DANIEL DE SOUZA SANTOS', '1979-12-01', 'IBF', 'O+', '33884277', 'DENISEPAZSANTOS@HOTMAIL.COM', 'RUA MAUREIRA DE PINHO, 06, ED LIVIA, TERREO', 'CAIXA D`AGUA', 7, '40323080', 'BA', 'SALVADOR', '', 'PRIMEIRA IGREJA BATISTA EM MACEIO-AL', '', '1994-12-13', 3, 6, '0000-00-00', '', '2011-10-01', 0),
(376, '', 'img_fem.jpg', 'ANA DE ARAUJO SANTANA', '1930-11-23', 38, 2, 1, '', '', '0110948858', 38, '', '', 'EUGENIO ARAUJO SANTANA ', 'ENEDINA DE LIMA', '', '0000-00-00', '', '', '3256-6817', '', 'RUA VIRGILIO GONÇALVES, 99', 'PERO VAZ', 64, '40335240', 'BA', 'SALVADOR', 'ITAGUARACY BRITO', 'BATISTA FILADELFIA', '', '0000-00-00', 2, 6, '0000-00-00', 'APOSENTADA', '2011-10-01', 0),
(377, '', 'img_masc.jpg', 'EMANUEL LESSA ASSIS', '1989-09-05', 37, 4, 1, '', '', '1141453428', 36, '', '', 'CRISTINO DE DEUS ASSIS', 'MARIVALDA LESSA ASSIS', '', '0000-00-00', '', 'O+', '3386-5249 / 8892-4514', 'EMANUELLESSA@BOL.COM.BR', 'RUA MADUREIRA DE PINHO, 67', 'CX DAGUA', 7, '40323080', 'BA', 'SALVADOR', 'ITAGUARACY', 'IGREJA BATISTA FILADELFIA', '33822002', '2004-08-08', 2, 6, '0000-00-00', '', '2011-10-01', 0),
(378, '', 'img_fem.jpg', 'JILCÉIA DIAS FERREIRA SOUSA', '1968-02-10', 38, 3, 2, '', '', '0442972970', 35, 'ESCOLA INTEGRAL FILADELFIA', '', 'ANTONIO CARLOS FERREIRA', 'OLGA DIAS FERREIRA', 'JULIO AUGUSTO SOUSA', '0000-00-00', 'IGREJA BATISTA FILADELFIA', 'O+', '8162-9083', 'JILCEIADIAS@HOTMAIL.COM', 'AV. TELES 58 A', 'CAIXA DAGUA', 7, '40320300', 'BA', 'SALVADOR', 'JONATAS', 'I.BATISTA FILADELFIA', '', '1997-03-16', 2, 6, '0000-00-00', '', '2011-10-01', 0),
(379, '', 'img_masc.jpg', 'MAGNO ALMEIDA FRANÇA SANTOS', '1991-06-05', 37, 8, 2, '', '', 'magno', 36, '', '', 'JOSE ALMEIDA DE OLIVEIRA', 'SUELI ALMEIDA DE OLIVEIRA', 'JOELIZE LIMA DE ALMEIDA FRANÇA', '0000-00-00', '', '', '9928-1834;3244-3013', '', 'R. DJANIRA MARIA BASTOS, 2181, COND. RESIDENCIAL J', 'JARDIM IPITANGA', 43, '42700000', 'BA', 'LAURO DE FREITAS', 'ITAGUARACI', 'IGREJA BATISTA FILADELFIA', '', '2006-08-06', 2, 6, '0000-00-00', 'R. DJANIRA MARIA BASTOS, 2181, COND. RESIDENCIAL JARDIM IPITANGA, LEITE, BL 03 APTO 401', '2011-10-01', 0),
(380, '', 'img_fem.jpg', 'LOURDES MOREIRA COSTA DA SILVA ', '1945-01-03', 38, 4, 2, '', '', 'lourdes', 9, 'ESCOLA PRESCILIANO SILVA', '33124889', 'ABILIO MOREIRA COSTA', 'PRUDENCIA DOS SANTOS COSTA', 'PAULO TAVARES DA SILVA', '0000-00-00', '', '', '3233-5415 / 8817-6674', 'R.MOREIRASILVA@IG.COM.BR', 'RUA MANOEL DRUMONT,N°8', 'CAIXA DAGUA', 7, '40320670', 'BA', 'SALVADOR', 'ITAGUARACI BRITO DOS SANTOS', 'IGREJA BATISTA FILADELFIA', '32440324', '2000-05-14', 2, 6, '0000-00-00', '', '2011-10-01', 0),
(381, '', 'img_fem.jpg', 'LUANA SILVA', '1994-03-05', 38, 4, 1, '', '', '1380308046', 11, '', '', 'Jailton Barbosa da Silva', 'Kátia Cristina da Silva', '', '0000-00-00', '', 'O+', '99106-9726 / 98805-9683', '', 'RUA PROFESSOR BATISTA VIEIRA, N°17', 'PAU MIUDO', 5, '40315430', 'BA', 'SALVADOR', 'ITAGUARACI BRITO DOS SANTOS', 'IGREJA BATISTA FILADELFIA', '', '2005-05-15', 2, 6, '0000-00-00', '', '2011-10-01', 0),
(382, '', 'img_fem.jpg', 'ANA MAILANA SILVA DE SOUSA', '1990-07-26', 38, 3, 1, '', '', '1014469341', 52, '', '', 'LUSIEL VIEIRA DE SOUSA', 'ANA LIVIA SILVA DE SOUSA', '', '0000-00-00', '', '', '9152-1668/8735-2611', 'mayloka_15@hotmail.com', 'RUA MANOEL INACIO COSTA, 46, AV. STA ROSA', 'CAIXA DÁGUA', 7, '40320030', 'BA', 'SALVADOR', 'SINVAL GARCIA', 'BATISTA GETSEMANE', '', '0000-00-00', 1, 6, '0000-00-00', '', '2011-10-01', 0),
(383, '', 'img_masc.jpg', 'EMERSON DE SOUSA LOPES', '1977-07-06', 37, 3, 2, '', '', '0670919209', 15, 'PROSEVIG', '', 'FRANCISCO LOPES', 'ALDA DE SOUSA LOPES', 'MARCIA MARIA DOS SANTOS LOPES', '0000-00-00', '', 'AB+', '33976250', 'EMERSONSOUSA18@HOTMAIL.COM', 'RUA CONDE DE PORTO ALEGRE, 84', 'IAPI', 8, '40332000', 'BA', 'SALVADOR', 'ITAGUARACY', 'IGREJA BATISTA FILADELFIA', '33822002', '1999-12-26', 2, 6, '0000-00-00', '', '2011-10-01', 0),
(384, '', 'img_fem.jpg', 'LUCIANA MAIA LECTO', '1976-03-29', 38, 2, 2, '', '', '0543035415', 35, '', '', 'MOACIR MIRANDA MAIA', 'HAYDÊE DA SILVA MAIA', 'RAIMAR LECTO DOS SANTOS', '2012-10-26', 'IBF', 'A+', '88115496', '', 'LADEIRA DO PAIVA, 56', 'CAIXA DAGUA', 7, '40320840', 'BA', 'SALVADOR', 'JORGE DA PAZ', 'IGREJA BATISTA FILADELFIA', '', '2008-06-01', 2, 3, '0000-00-00', '', '2011-10-01', 0),
(385, '', 'img_masc.jpg', 'DEOCLECIANO FERREIRA', '1933-08-21', 37, 4, 5, '', '', '00564308/25', 39, '', '', 'DURVAL VITORIANO FERREIRA', 'MARIA HERMINIA DE JESUS', 'ELZA FERREIRA', '0000-00-00', '', 'B+', '3386-7532/3327-4419/9178-6115', 'DEOCLECIANO_FERREIRA@IG.COM.BR', 'RUA FREITAS HENRIQUE DE CIMA, 152, 2º ANDAR,', 'CAIXA D`AGUA', 7, '40320165', 'BA', 'SALVADOR', 'ANGELO LOPES FILHO', 'IGREJA BATISTA DE ITAGIBA', '', '1969-04-13', 3, 6, '0000-00-00', '', '2011-10-01', 0),
(386, '', 'img_masc.jpg', 'JOÃO SERGIO MENDES DE ARAUJO', '1962-06-16', 37, 4, 2, '', '', '1418928', 2, 'JALM CARTUCHOS', '', 'OTO DE ARAUJO', 'ANTONIA MENDES DE ARAUJO', 'MARLI DITRA MENDES DE ARAUJO', '0000-00-00', '', '', '32435525', 'JOAOSARAUJO2IG.COM.BR', 'RUA JOSE MARIZ PINTO 116 AP-101', 'CAIXA DAGUA', 7, '40300180', 'BA', 'SALVADOR', 'ITAGUARACY B. DOS SANTOS', 'IGREJA BATISTA FILADELFIA', '', '1999-12-26', 2, 3, '2016-12-19', 'DESLIGAMENTO DO ROL DE MEMBROS POR ABANDONO EM 19/12/2016 EM ASSEMBLÉIA DO CAPI', '2011-10-01', 0),
(387, '', 'img_fem.jpg', 'ANA MARCIA ARAUJO ALMEIDA', '1976-10-10', 38, 4, 1, '', '', '0597442436', 35, 'JUIZADO ESPECIAL CRIMINAL', '3312-2404', 'ANTONIO LUIZ GOMES ALMEIDA', 'MARLI ARAUJO ALMEIDA', '', '0000-00-00', '', '', '3243-8451 / 91772894', '', 'RUA MANOEL MARIO DE LIMA, 16E APT 301', 'CAIXA DÁGUA', 7, '40323130', 'BA', 'SALVADOR', 'JORGE DA PAZ', 'BATISTA FILADELFIA', '', '0000-00-00', 2, 6, '0000-00-00', 'FORMAÇÃO- RELAÇÕES PÚBLICAS', '2011-10-01', 0),
(388, '', 'img_fem.jpg', 'MAIANE DE SOUZA FARIAS', '1989-07-16', 38, 10, 1, '', '', '1280199300', 68, 'APRONT CASA MAT CONSTRUÇÃO LTDA', '(75) 3624-2577', 'OSMARIO PEREIRA FARIAS', 'NANCI ALVES DE SOUZA', '', '0000-00-00', '', '', '(75) 3382-3909', 'may-kiss10@hotmail.com', 'TRANSYBULO FERRAZ, 96', 'CIDADE NOVA', 83, '40313700', 'BA', 'SALVADOR', '', 'IGREJA BATISTA FILADELFIA', '', '0000-00-00', 2, 6, '0000-00-00', '', '2011-10-01', 0),
(503, '', 'img_fem.jpg', 'REGINA BALTAZAR DE O. SOUZA', '1966-03-15', 38, 3, 2, '', '', '0217164986', 46, 'NELSON PIAUI DOURADO', '', 'NÃO INFORMADO', 'RESENTINA MARQUES SILVA', 'REGINALDO SANTOS SOUZA', '0000-00-00', '', 'B +', '3382-3246;87252366', '', 'R MANUEL DRUMOND, 25, CJ PARQUE', 'CAIXA DAGUA', 7, '40320670', 'BA', 'SALVADOR', 'PR WILSON', 'IGREJA BATISTA FILADELFIA', '', '2010-06-06', 1, 3, '2016-04-04', 'DISTRITO SANITARIO DE CAJAZEIRAS 02 DA SECRETARIA MUN DE SAUDE / DESLIGADO DO ROL DE MEMBROS POR AUSÊNCIA EM 04/04/2016 - FREQUENTANDO A IGREJA ADVENT', '2011-10-01', 0),
(390, '', 'img_fem.jpg', 'ANA MARIA SANTOS SOUZA', '1969-07-26', 38, 2, 2, '', '', '0600729389', 11, '', '', 'EUNAPIO BATISTA PEREIRA', 'LEONICE FERREIRA DOS SANTOS', 'JOSE ANTONIO MOTA DE SOUZA', '0000-00-00', '', '', '8836-7847 / 4102-9919', '', 'RUA SACRAMENTO PIO, 16', 'PERO VAZ', 64, '40335470', 'BA', 'SALVADOR', 'JORGE DA PAZ', 'BATISTA FILADELFIA', '', '2005-12-31', 2, 6, '0000-00-00', 'PROFISSÃO - MANICURE', '2011-10-01', 0),
(391, '', 'img_fem.jpg', 'EROTILDES SENA FRANÇA SANTOS', '1940-10-28', 38, 8, 1, '', '', '2161998', 39, '', '', 'PEDRO FRANCO DOS SANTOS', 'MARIA SENA SANTOS', '', '0000-00-00', '', 'O+', '3388-7012', '', 'AVENIDA 5 DE MAIO, 25, CASA 5', 'PERO VAZ', 64, '40335495', 'BA', 'SALVADOR', 'SILAS ARAUJO MATOS', 'IGREJA BATISTA FILADELFIA', '33822002', '1983-10-30', 2, 6, '0000-00-00', '', '2011-10-01', 0),
(392, '', 'img_fem.jpg', 'ANA MARIA NUNES LOPES DE SOUZA', '1958-07-26', 38, 3, 2, '', '', '0208667806', 47, 'SESAB', '', 'PEDRO LOPES', 'CASSIANA NUNES', 'NATANAEL FRANÇA DE SOUZA', '2002-10-26', 'BATISTA FILADELFIA', 'A+', '3037-6203 / 8663-8337 / 8103-6', 'ananunes_1983@hotmail.com', 'R. SOSIGENES COSTA, 28, ED. ANGIÓ, AP 001 BL', 'CABULA', 32, '41150460', 'BA', 'SALVADOR', '', 'BATISTA FILADELFIA', '', '0000-00-00', 2, 6, '0000-00-00', '', '2011-10-01', 0),
(393, '', 'img_fem.jpg', 'DESIREE LOPES DOS SANTOS URBANO TEIXEIRA', '1989-07-21', 38, 3, 1, '', '', '1259973026', 35, '', '', 'CARLOS ANTONIO URBANO TEIXEIRA', 'JAIL LOPES DOS SANTOS', '', '0000-00-00', '', '', '34317653 / 8154-2818', '', 'RUA CANARANA, QD 03, LT 07', 'PERNAMBUES', 23, '41100020', 'BA', 'SALVADOR', 'JORGE COUTO', 'BATISTA FILADELFIA', '33822002', '2010-12-25', 2, 3, '0000-00-00', '', '2011-10-01', 0),
(918, '', 'img_fem.jpg', 'DALVA DAS NEVES CONCEIÇAO', '1962-08-15', 38, 4, 1, '', '', '0146622642', 42, 'LABORATORIO DE ANALISES', '3261-8228', 'ALBERTO CASSIANO CONCEIÇAO', 'MARIA DAS NEVES CONCEIÇAO', '', '0000-00-00', '', 'B+', '3256-9917', '', 'AV. FERREIRA, 72, 1º ANDAR', 'IAPI', 8, '40330353', 'BA', 'SSA', 'JORGE DA PAZ', 'FILADELFIA', '', '2008-06-01', 2, 3, '2016-04-04', 'DESLIGADO DO ROL DE MEMBROS POR AUSÊNCIA EM 04/04/2016 - FREQUENTANDO A IGREJA B. SALVADOR', '2012-09-10', 0),
(395, '', 'img_masc.jpg', 'JOÃO CARDOSO DE OLIVEIRA', '1959-06-24', 37, 4, 2, '', '', 'JOÃO CARDOSO ', 52, 'COELBA', '3906204/6205', 'OSVALDO ARLINDO DE OLIVEIRA', 'ELVIRA CARDOSO DE OLIVEIRA', 'MARINALVA PINHO DE OLIVEIRA', '0000-00-00', '', '', '3255-0890', 'OLIJOÃO@BOL.COM.BR', 'LAD. DO PAIVA 607', 'CAIXA DAGUA', 7, '40320710', 'BA', 'SALVADOR', 'SILAS A. MATOS', 'I. BATISTA FILADELFIA', '', '0000-00-00', 2, 4, '0000-00-00', 'PEDIDO DE CARTA PARA IGREJA BATISTA SINAI EM 07/08/2013 / SAIDA EM 14/08/2013', '2011-10-01', 0),
(396, '', 'img_masc.jpg', 'JOAQUIM PEREIRA DA SILVA', '1950-09-18', 37, 2, 2, '', '', '03588099-67', 35, '', '', 'MANOEL FRANCISCO DA SILVA', 'ADELINA PEREIRA DA SILVA', 'VALDELICE COUTINHO DA SILVA', '0000-00-00', '', 'O+', '32361564', '', 'AV. SÃO TOMÉ 2ª TV. 14', 'CAIXA DAGUA', 7, '40320410', 'BA', 'SALVADOR', 'ITAGUARACY B. DOS SANTOS', 'I. BATISTA FILADELFIA', '', '2002-12-31', 2, 6, '0000-00-00', '', '2011-10-01', 0),
(397, '', 'img_fem.jpg', 'EURIDES SOUZA OLIVEIRA', '1939-11-02', 38, 3, 2, '', '', '0136208436', 11, 'ESCOLA TRENZINHO DA ALEGRIA', '32411866', 'MARTINS FRANCISCO DE SOUSA', 'ANTONIA DE SOUSA SANTOS', 'HONORATO BISPO DE OLIVEIRA', '0000-00-00', '', 'B+', '3241-1866 / 3498-3398', '', 'RUA MADUREIRA DE PINHO, 80', 'CAIXA DÁGUA', 7, '40323080', 'BA', 'SALVADOR', 'SATURNINO JOSE PEREIRA', 'IGREJA BATISTA FILADELFIA', '', '1982-08-08', 2, 6, '0000-00-00', 'CPF: 241.829.585-00', '2011-10-01', 0),
(398, '', 'img_fem.jpg', 'DIANA CRISTINA SANTOS SOUSA', '1993-03-18', 38, 3, 1, '', '', '1342767950', 35, '', '', 'GERVAL SANTANA SOUSA', 'ANA CRISTINA DOS SANTOS', '', '0000-00-00', '', '', '32340200', 'DYANA_DYU@HOTMAIL.COM', 'RUA FREITAS HENRIQUE DE CIMA 74, CASA 06', 'CAIXA D`AGUA', 7, '40320150', 'BA', 'SALVADOR', 'JORGE COUTO', 'BATISTA FILADELFIA', '33822002', '2010-12-25', 2, 6, '0000-00-00', '', '2011-10-01', 0),
(399, '', 'img_fem.jpg', 'MARIA JOELMA ALMEIDA UZEDA', '1976-06-16', 38, 3, 2, '', '', '0665870779', 11, '', '', 'GINALDO ALMEIDA', 'MARIA DE JESUS ALMEIDA', 'LUIS CLAUDIO SOARES UZEDA', '1996-12-17', 'FORUM', '', '3431-0930 / 8832-5423', '', 'RUA ACAJUTIBA, Q 9, LT 12', 'PERNAMBUES', 23, '41120700', 'BA', 'SALVADOR', 'JORGE DA PAZ', 'IGREJA BATISTA FILADÉLFIA', '', '0000-00-00', 2, 6, '0000-00-00', '', '2011-10-01', 0),
(400, '', 'img_masc.jpg', 'EURIVALDO ALPEDRIZ GOMES', '1986-08-22', 37, 4, 1, '', '', 'EURIVALDO', 36, '', '', 'SALVADOR FIGUEREDO GOMES', 'VERA LUCIA MAGALHÃES ALPEDRIZ', '', '0000-00-00', '', '', '3386-8313 / 99688-9080', '', '1ª TRAV. NOSSA SENHORA DAS CANDEIAS, 113, TERREO', 'PERO VAZ', 64, '40335301', 'BA', 'SALVADOR', 'ITAGUARACY', 'IGREJA BATISTA FILADELFIA', '', '2001-08-12', 2, 6, '0000-00-00', '', '2011-10-01', 0),
(401, '', 'img_masc.jpg', 'DILSON FERREIRA', '1957-06-16', 37, 3, 2, '', '', '94400970', 9, 'FIB UNEB', '', 'DEOCLECIANO FERREIRA', 'ELZA ARAUJO FERREIRA', 'IRANI LOPES DOS SANTOS FERREIRA', '0000-00-00', '', 'A+', '34313787', 'DILSONF@UOL.COM.BR', 'Rua Praia do Flamengo, 144, Quadra 01, Lote 21', 'Vilas do Atlântico', 18, '42700000', 'BA', 'LAURO DE FREITAS', 'HERMENEGILDO NUNES E SILVA', '', '33822002', '0000-00-00', 2, 6, '0000-00-00', '', '2011-10-01', 0),
(402, '', 'img_fem.jpg', 'ANA MARIA VENTURA PEREIRA DE SANTANA', '1965-10-02', 38, 4, 2, '', '', 'ana maria ventura', 9, '', '', 'JOSE DO AMOR DIVINO DE SANTANA', 'TEREZINHA VENTURA DE SANTANA', 'ADILSON PEREIRA DE SANTANA', '2010-10-30', 'IG. BATISTA FILADELFIA', '', '8707-2089', '', 'TRAV. ARACATU, 06', 'IAPI', 8, '40330565', 'BA', 'SALVADOR ', 'JORGE COUTO LOPES', 'BATISTA FILADELFIA', '', '2010-12-25', 2, 6, '0000-00-00', '', '2011-10-01', 0),
(403, '', 'img_masc.jpg', 'JOEL COSTA REGO ', '1942-12-28', 37, 4, 2, '', '', '0056083688', 39, '', '', 'MOISÉS DANTAS REGO', 'RUTH COSTA REGO', 'ELEONORA FERNANDES C. REGO', '0000-00-00', '', 'B+', '9957-9580', 'REGOJOEL@IG.COM.BR', 'LADEIRA DO PAIVA, 71', 'CAIXA DAGUA', 7, '40320480', 'BA', 'SALVADOR', 'NATANAEL DANTAS', '2ª IG. BATISTA DA CAPITAL', '', '0000-00-00', 3, 6, '0000-00-00', 'ANO DE ADMISSÃO - 1965', '2011-10-01', 0),
(404, '', 'img_fem.jpg', 'MAISA DA SILVA E SILVA', '1980-06-30', 38, 3, 1, 'C.E.E.P.S. ANISIO TEIXEIRA', '', '0691114218', 36, '', '', 'MATEUS CRUZ SILVA FILHO', 'MARGARIDA MARIA DA SILVA E SILVA', '', '0000-00-00', '', '', '3381-6988 / 8273-1449', 'maisadavileo@hotmail.com', 'LD PAIVA, 40, CJ ASTECA, BL B2 AP 204', 'CAIXA DAGUA', 7, '40320710', 'BA', 'SALVADOR', '', '', '', '2005-12-28', 2, 6, '0000-00-00', '', '2011-10-01', 0),
(405, '', 'img_fem.jpg', 'EVERILDA BORGES DA SILVA', '1937-11-15', 38, 2, 2, '', '', '0063280833', 35, '', '', '', 'FRANCISCA BORGES PINTO', 'VALDOMIRO FERREIRA DA SILVA', '0000-00-00', '', '', '3244-2759 / 8771-3462', '', 'RUA AURELIO RODRIGUES DA SILVA, 18', 'CAIXA DÁGUA', 7, '40320050', 'BA', 'SALVADOR', 'JOSE GOUVEIA', 'ASSEMBLÉIA DE DEUS', '', '0000-00-00', 1, 6, '0000-00-00', 'CPF: 383.355.575-00', '2011-10-01', 0),
(406, '', 'img_fem.jpg', 'MARIA DE LOURDES DA SILVA FERREIRA', '1939-06-29', 38, 2, 5, '', '', '021.65567-75', 38, '', '', 'LAZARO EVANGELISTA DE SANTANA', 'PORFIRIA CONCEIÇÃO DA SILVA', '', '0000-00-00', '', '', '3388-6664 / 8766-3172', '', 'VILA ANTONIO BALBINO, 167', 'IAPI', 8, '40330010', 'BA', 'SALVADOR', 'ORLANDO CAMPOS', 'IGREJA BATISTA FILADÉLFIA', '', '1991-12-31', 2, 6, '0000-00-00', '', '2011-10-01', 0),
(407, '', 'img_masc.jpg', 'ANDERSON SACRAMENTO DA SILVA', '1979-09-24', 37, 3, 2, '', '', '0698781619', 71, 'CORREIOS', '', 'DELVANDRO GOMES DA SILVA', 'MARIA AUGUSTA SACRAMENTO', 'EDIANE MARIA LOPES REQUIÃO', '2006-04-21', 'IG. BATISTA FILADELFIA', '', '3243-6576 / 3308-9281', '', 'BARÃO DA VILA BARRA- AV. QUEIROZ, 27', 'SOLEDADE', 9, '40325127', 'BA', 'SALVADOR', 'JORGE DA PAZ', 'BATISTA FILADELFIA', '', '0000-00-00', 2, 3, '2016-04-04', 'DESLIGADO DO ROL DE MEMBROS POR AUSÊNCIA EM 04/04/2016', '2011-10-01', 0),
(408, '', 'img_masc.jpg', 'MANOEL BONFIM FERREIRA', '1935-01-27', 37, 4, 2, '', '', 'manoel', 7, '', '', 'ANTONIO BISPO FERREIRA', 'MARIA LIDIA FERREIRA', 'DEJANIRA FERREIRA', '0000-00-00', '', '', '3386-8634', '', 'R PARQUE SAN MARTIN RUA A, N. 13', 'IAPI', 8, '40330330', 'BA', 'SALVADOR', 'NATANAEL', 'IGREJA BATISTA FILADELFIA', '', '1978-12-31', 2, 6, '0000-00-00', '', '2011-10-01', 0),
(409, '', 'img_masc.jpg', 'MANOEL MERCES DE SOUZA', '1927-11-05', 37, 2, 2, '', '', 'manoelmerces', 39, '', '', 'RAIMUNDO FRANCISCO DE SOUZA', 'GALDINA A DE SOUZA', '', '0000-00-00', '', '', '', '', 'R JUAZEIRO, 59', 'LIBERDADE', 21, '40325770', 'BA', 'SALVADOR', '', '', '', '1965-11-03', 2, 6, '0000-00-00', '', '2011-10-01', 0),
(410, '', 'img_masc.jpg', 'EVERTON SANTOS UZÊDA', '1987-11-01', 37, 7, 2, 'UCSAL', '', '0995527954', 64, 'CITIBANK', '', 'ANTONIO DE UZÊDA', 'NICELIA MARIA SANTOS UZÊDA', 'TAIS DA PAZ SANTOS UZEDA', '2015-01-10', 'IBF', '', '8888-0150', 'EVERTON.UZ@HOTMAIL.COM', 'RUA MANOEL MARIO DE LIMA, 21, ED FORTES, AP. 201,', 'CAIXA DÁGUA', 7, '40323130', 'BA', 'SALVADOR', 'JORGE DA PAZ', 'IGREJA BATISTA FILADELFIA', '33822002', '2007-08-09', 2, 6, '0000-00-00', '', '2011-10-01', 0),
(411, '', 'img_masc.jpg', 'JOEL MARQUES DA SILVA', '1940-07-30', 37, 2, 2, '', '', '982631', 39, '', '', 'JUVANAL MARQUES DA SILVZ', 'EUGENIA MARQUES DA SILVA', 'TEREZINHA VIEIRA MARQUES DA SILVA', '0000-00-00', '', '', '34618322', '', 'CONJ. SABOEIRO BL.76 AP.01', 'CABULA', 32, '41180170', 'BA', 'SALVADOR', 'ANTONIO NASCIMENTO FILHO', 'IGREJA BATISTA FILADELFIA', '', '1968-11-04', 2, 6, '0000-00-00', '', '2011-10-01', 0),
(412, '', 'img_fem.jpg', 'DINAH BATISTA DE OLIVEIRA GOMES', '1952-06-06', 38, 3, 2, '', '', '0065615190', 26, '', '33211967', 'FRANCISCO BATISTA DE OLIVEIRA (FALECIDO)', 'ALMERINDA FRANCISCA DE OLIVEIRA (FALECIDA)', 'ARIVALDINO GONCALVES GOMES', '1991-06-12', '', '', '3233-7116 / 9140-5412', '', 'RUA FREITAS HENRIQUE DE BAIXO TV IVANIL 14', 'BAIXA DE QUINTAS', 27, '40320165', 'BA', 'SALVADOR', 'HERSILO ARANDAS', '1 IGREJA BATISTA DO BRASIL', '', '0000-00-00', 1, 6, '0000-00-00', '', '2011-10-01', 0),
(413, '', 'img_fem.jpg', 'MARIA DE LOURDES DE SOUZA CRUZ', '1933-09-16', 38, 2, 5, '', '', '00373146', 39, '', '', 'BRASILIANO JOSE DE SOUZA', 'CATARINA S DE SOUZA', '', '0000-00-00', '', 'O+', '3266-2654 / 8528-6504', '', 'RUA CARLOS GOMES, ED. ANA BELA, 15º ANDAR, APTO 15', '2 DE JULHO', 51, '40060330', 'BA', 'SALVADOR', 'ANTONIO RODRIGUES LOPES', 'IGREJA BATISTA FILADÉLFIA', '', '2048-05-30', 2, 6, '0000-00-00', '', '2011-10-01', 0),
(414, '', 'img_fem.jpg', 'ANGELINA DOS SANTOS', '1961-04-23', 38, 4, 5, '', '', '0163159521', 42, 'ESCOLA TRANZINHO DA ALEGRIA E CECIBAF', '', 'ANTONIO REFINO DOS SANTOS', 'MARIA JEDIDA DOS SANTOS ', '', '0000-00-00', '', 'A-', '3256-5161', 'gelcoi@hotmail.com', 'RUA JUAZEIRO, 75', 'CAIXA DÁGUA', 7, '40325790', 'BA', 'SALVADOR', 'GERALDO SANTANA', 'BATISTA ZOAR - S. BERNARDO JAGUARIBE', '', '1994-04-12', 3, 6, '0000-00-00', '', '2011-10-01', 0),
(415, '', 'img_masc.jpg', 'MARCIO JOSE CERQUEIRA PATRICIO', '1967-06-15', 37, 3, 2, '', '', 'marciojose', 12, '', '', 'ROSALVO RAMOS PATRICIO', 'BEATRIZ CERQUEIRA PATRICIO(IN MEMORIA)', 'ISMARIA FREITAS PATRICIO', '0000-00-00', '', '', '3386-9156', '', 'AV FERREIRA, 47 - TERREO', 'IAPI', 8, '40390150', 'BA', 'SALVADOR', 'ITAGUARACI', 'IGREJA BATISTA FILADELFIA', '', '2005-12-25', 2, 6, '0000-00-00', '', '2011-10-01', 0),
(416, '', 'img_fem.jpg', 'JOELNILCE DOS SANTOS NASCIMENTO', '1983-10-19', 38, 2, 1, '', '', '13483179-90', 23, 'IG.BATISTA FILADELFIA', '33822002', 'JAIME DA SILVA NASCIMENTO', 'ALMIRIA DOS SANTOS NASCIMENTO', '', '0000-00-00', '', 'A+', '98726-5956', '', 'RUA MANOEL DRUMOND, 80, CX DAGUA', 'CX DAGUA', 7, '', 'BA', 'SALVADOR', 'JORGE COUTO', 'IGREJA BATISTA FILADELFIA', '', '2010-12-25', 2, 6, '0000-00-00', '', '2011-10-01', 0),
(417, '', 'img_fem.jpg', 'MARIA DE LOURDES DE UZEDA ', '1947-04-09', 38, 2, 1, '', '', '01545843-12', 39, '', '', 'JOSE BASILIO DE UZEDA LUNA', 'MARIA JOSE DE BRITO', '', '0000-00-00', '', '', '3382-7656', '', 'DESEMB. JULIO DE BRITO, TRAV. DOIS DE JULHO, 1', 'BAIXA DE QUINTAS', 27, '40300375', 'BA', 'SALVADOR', 'ORLANDO PEREIRA CAMPOS', 'IGREJA BATISTA FILADÉLFIA', '', '1988-11-06', 2, 6, '0000-00-00', '', '2011-10-01', 0),
(418, '', 'img_masc.jpg', 'MARCOS VINICIUS SANTOS UZEDA', '1984-08-14', 37, 4, 1, '', '', 'marcosvinicius', 36, '', '', 'ANTONIO DE UZEDA', 'NICELIA MARIA SANTOS UZEDA', '', '0000-00-00', '', '', '3386-0609 / 9257-9068', '', 'R FREITAS HENRIQUE DE CIMA, 121-D', 'CAIXA DAGUA', 7, '40320165', 'BA', 'SALVADOR', '', '', '', '2006-08-06', 2, 6, '0000-00-00', '', '2011-10-01', 0),
(419, '', 'img_masc.jpg', 'DIOGO FERREIRA SOUSA', '1986-11-01', 37, 3, 1, '', '', '0986693545', 35, '', '', 'JULIO AUGUSTO SOUSA', 'JILCEIA DIAS FERREIRA SOUSA', '', '0000-00-00', '', 'O+', '81782663/86123227', '', 'RUA FREITAS HENRIQUE DE CIMA, AV TELES 58-A', 'CAIXA D`AGUA', 7, '40320300', 'BA', 'SALVADOR', 'ITAGUARACY', 'BATISTA FILADELFIA', '33822002', '2003-12-31', 2, 6, '0000-00-00', 'AJUDANTE PRATICO', '2011-10-01', 0),
(420, '', 'img_masc.jpg', 'MARCUS VINICIUS D SANTOS', '1991-03-27', 37, 4, 1, '', '', '1266245502', 36, '', '', 'SAMUEL DE ALMEIDA SANTOS', 'IRACI RAMOS DOMINGUES', '', '0000-00-00', '', 'A-P', '8893-7518-3233-2589', '', 'R SALDANHA MARINHO, 102. CASA 1', 'CAIXA DAGUA', 7, '40323010', 'BA', 'SALVADOR', 'ITAGUARACI', 'IGREJA BATISTA FILADELFIA', '', '2003-05-09', 2, 6, '0000-00-00', '', '2011-10-01', 0),
(421, '', 'img_fem.jpg', 'MARLUCIA MACEDO DOS SANTOS', '1957-02-11', 38, 3, 2, '', '', '159605288', 39, '', '', 'ADEMARIO RODRIGUES MACEDO', 'ABEIR SOUZA MACEDO', 'LUIS ANTONIO CARLOS ASSIS DOS SANTOS', '1982-12-25', 'IGREJA DOS MARES (CATÓLICA)', 'O-', '33864418', '', 'RUA MARQUES DE SOUZA, 32E', 'CAIXA DÁGUA', 7, '40321025', 'BA', 'SALVADOR', 'SILAS ARAUJO MATOS', 'IGREJA BATISTA FILADELFIA', '33822002', '1983-06-24', 2, 6, '0000-00-00', '', '2011-10-01', 0),
(422, '', 'img_fem.jpg', 'ANTONIA ALVES DA CRUZ', '1922-06-13', 38, 9, 5, '', '', 'antonia alves', 25, '', '', 'EMILIANO VIRGILIO DE JESUS', 'MARIA ALVES PINHEIRO', '', '0000-00-00', '', '', '3388-6198', '', 'RUA JUAZEIRO, 51 - FUNDO', 'CAIXA DÁGUA', 7, '40321055', 'BA', 'SALVADOR', 'ANTONIO NASCIMENTO ', 'BATISTA FILADELFIA', '', '1966-04-02', 2, 1, '0000-00-00', '', '2011-10-01', 0),
(423, '', 'img_fem.jpg', 'MARIA FELIPA DOS SANTOS', '1933-05-11', 38, 2, 1, '', '', '02008711-08', 38, '', '', 'PEDRO CELESTINO DOS SANTOS', 'MARIA GUILERMINA DOS SANTOS', '', '0000-00-00', '', '', '81965373', '', 'RUA AUGUSTO GUIMARAES 171,AV LOURDES 22 ', 'SOLEDADE', 9, '40327155', 'BA', 'SALVADOR', 'ITAGUARACY BRITO', 'IGREJA BATISTA FILADÉLFIA', '', '0000-00-00', 2, 1, '2017-03-29', '', '2011-10-01', 0),
(424, '', 'img_fem.jpg', 'JOICE AMORIM DE SOUZA', '1971-08-15', 38, 4, 2, '', '', '0347893082', 51, '', '', 'JESSÉ AMORIM', 'GILCELIA SANTOS AMORIM', 'JOSÉ RAIMUNDO MOREIRA DE SOUZA', '0000-00-00', '', '0+', '3022-0430/9107-5876', '', 'LAD.DO PAIVA-CONJ.ASTECA BL.64 AP203', 'CAIXA DAGUA', 7, '40320710', 'BA', 'SALVADOR', '', 'IGREJA BATISTA FILADELFIA', '', '0000-00-00', 2, 6, '0000-00-00', 'S/ DATA DE ADMISSÃO NA FICHA', '2011-10-01', 0),
(425, '', 'img_fem.jpg', 'MARGARIDA LOPES ANDRADE', '1937-06-15', 38, 2, 5, '', '', '0029895227', 39, '', '', 'FAUSTINO ZEBINO LOPES', 'CRISPINIANA DE LIMA LOPES', '', '0000-00-00', '', 'O +', '3256-3936', '', 'AV. XIQUE-XIQUE, 2ª TRAV., 2', 'IAPI', 8, '40330720', 'BA', 'SALVADOR', 'ORLANO PEREIRA CAMPOS', 'IGREJA BATISTA FILADELFIA', '', '1992-12-31', 2, 6, '0000-00-00', '', '2011-10-01', 0),
(426, '', 'img_fem.jpg', 'MARLY OLIVEIRA MENDES DE ARAÚJO', '1966-02-24', 38, 6, 2, '', '', 'MARLY', 58, 'SALÃO NOEMAR', '32429771', 'ANGELO ANTONIO DE OLIVEIRA', 'DELZA ZITAL DE PINHO OLIVEIRA', 'JOÃO SERGIO MENDES DE ARAUJO', '0000-00-00', '', 'A+', '32435525', '', 'RUA JOSÉ MARIS PINTO, 116', 'CAIXA DÁGUA', 7, '40300180', 'BA', 'SALVADOR', 'ORLANDO', 'IGREJA BATISTA FILADELFIA', '33822002', '1992-12-31', 2, 6, '0000-00-00', '', '2011-10-01', 0),
(427, '', 'img_fem.jpg', 'GILÇA PROENÇA PEREIRA', '1947-05-28', 38, 3, 5, '', '', '571189', 39, '', '', 'MARIO PROENCA', 'ROSALVA CARVALHO PROENCA', 'JOAO EVANGELISTA DE O. PEREIRA', '0000-00-00', '', 'O+', '34891747', '', 'RUA 20 DE AGOSTO 128,2 ANDAR', 'PAU MIUDO', 5, '40310610', 'BA', 'SALVADOR', 'ITAGUARACY', 'BATISTA FILADELFIA', '33822002', '1999-09-12', 2, 6, '0000-00-00', 'NAO INFORMADO O CEP', '2011-10-01', 0),
(428, '', 'img_fem.jpg', 'MARIA ANGELICA DA SILVA S DE OLIVEIRA', '1972-09-05', 38, 4, 2, '', '', '0519572645', 9, 'ESCOLA INTEGRAL FILADELFIA', '', 'MANUEL DOS SANTOS', 'HILDETE DA SILVA SANTOS', 'ANTONIO DOMINGO NOVAIS DE OLIVEIRA', '0000-00-00', '', '', '8160-3593', '', 'R JUAZEIRO, 66-A', 'CAIXA DAGUA', 7, '40321055', 'BA', 'SALVADOR', 'ITAGUARACI', 'IGREJA BATISTA FILADELFIA', '', '2003-12-28', 2, 6, '0000-00-00', 'RAILANE DA S SANTOS, RAIZA DA S ASNTOS (FILHOS)', '2011-10-01', 0),
(429, '', 'img_masc.jpg', 'JORGE COUTO LOPES', '1957-08-07', 37, 4, 2, '', '', '969,565-69', 9, 'iNST.SAUDE S.JUDAS TADEU', '33227926/33220317', 'JOÃO BATISTA LOPES', 'IRACY COUTO LOPES', 'ALIETE CANUTA DA CONCEIÇAO LOPES', '0000-00-00', '', '', '32122978', 'JORCLOP@GMAIL.COM', 'AV. ALIOMAR BALEEIRO,140 RES..S.PAULO BL.14 AP.002', 'JD.NOVA ESPERANÇA', 20, '41370045', 'BA', 'SALVADOR', 'TÁCITO PACHECO MAIA', 'IG. BATISTA DE PLATAFORMA', '', '1985-08-25', 3, 4, '0000-00-00', 'PEDIDO DE CARTA PARA 1ª IGREJA BATISTA EM VILA MAR SOLICITADA EM 28/12/2014 SAIDA EM 05/03/2015', '2011-10-01', 0),
(431, '', 'img_fem.jpg', 'MARIA AUERLINA DA CRUZ', '1967-01-01', 38, 3, 1, '', '', 'amriaaurelina', 38, '', '', 'LAZARO DA CRUZ', 'MARIA JOSÉ BISPO', '', '0000-00-00', '', '', '8893-1067', '', 'R DOMINGOS PEREIRA BAIAO, 12 A', 'BX QUINTAS', 27, '40320080', 'BA', 'SALVADOR', 'SILAS ARAUJO MATOS', 'IGREJA BATISTA FILADELFIA', '', '1983-01-01', 2, 6, '0000-00-00', '', '2011-10-01', 0),
(432, '', 'img_masc.jpg', 'ANTONIO DE UZEDA', '1952-08-28', 37, 3, 2, '', '', '0104136693', 73, 'DAIICHI SANKYO BRASIL', '', 'JOSE BASILIO DE UZEDA', 'MARIA JOSE DE BRITO', 'NICELIA MARIA SANTOS UZEDA', '1975-10-11', 'IG. S. JUDAS TADEU', 'O-', '3386-0609 / 8144-6241', 'antonio.uzeda@hotmail.com', 'RUA FREITAS HENRIQUE DE CIMA, 121 D', 'CAIXA DÁGUA', 7, '40320165', 'BA', 'SALVADOR', 'ORLANDO CAMPOS', 'BATISTA FILADELFIA', '', '1987-12-31', 2, 6, '0000-00-00', '', '2011-10-01', 0),
(433, '', 'img_masc.jpg', 'JORGE DA SILVA', '1949-07-06', 37, 9, 1, '', '', '0331010518', 35, '', '', '', 'ANDRELINA SILVA', '', '0000-00-00', '', '', '33822002', '', 'CASA PASTORAL DA IG.BATISTA FILADELFIA', 'CAIXA DAGUA', 7, '', 'BA', 'SALVADOR', 'JORGE DA PAZ', 'I.BATISTA FILADELFIA', '', '2005-12-16', 2, 6, '0000-00-00', '', '2011-10-01', 0),
(434, '', 'img_fem.jpg', 'MARTA SILVA SANTOS SANTANA', '1984-08-03', 38, 3, 2, '', '', 'MARTA', 72, 'BARBER BEAUTY', '32637400', 'CATARINO RODRIGUES DOS SANTOS', 'MARINALVA SILVA SANTOS', 'TIAGO SILVA SANTANA', '2008-12-06', 'IGREJA BATISTA DE BROTAS', 'A+', '87239053', 'MARTINHATICA@HOTMAIL.COM', 'RUA JOÃO VINTEM, 70', 'COSME DE FARIAS', 45, '40253340', 'BA', 'SALVADOR', 'GERDIVAL CHAVES', 'IGREJA BATISTA DE BROTAS', '', '2008-04-21', 3, 4, '2013-10-04', 'PEDIDO DE TRANSFERENCIA P/ IG. BATISTA DE BROTAS', '2011-10-01', 0),
(435, '', 'img_fem.jpg', 'MARIA CASSIANE SANTANA SANTOS', '1981-04-22', 38, 3, 2, '', '', '0851430651', 38, '', '', 'DANIEL GONCALVES DE SANTANA', 'TEREZINHA SAMPAIO', 'AURINO DA SILVA SANTOS', '0000-00-00', '', 'A +', '8160-3342 / 8458-3995', '', 'R TRASYBULO FERRAZ, 42, CASA 4, AV. SAO JORGE', 'CIDADE NOVA', 83, '40313160', 'BA', 'SALVADOR', 'PR. JORGE DA PAZ', 'IGREJA BATISTA FILADELFIA', '', '2009-08-02', 2, 6, '0000-00-00', '', '2011-10-01', 0),
(436, '', 'img_fem.jpg', 'GILCELMA SILVA DIAS MOTA', '1971-04-21', 38, 7, 2, '', '', 'GILCELMA', 54, 'DISTRI. NACIONAL', '33296767', 'JOAO AVELINO SILVA DIAS', 'ANTONIA BAZILIA SILVA DIAS', 'JOSUE SANTOS MOTA', '0000-00-00', '', '', '3233-4243 / 98665-4558', 'GILCELMASILVA@HOTMAIL.COM', 'RUA FREITAS HENRIQUE DE CIMA, 4, VILA TELES', 'CAIXA D`AGUA', 7, '40320300', 'BA', 'SALVADOR', 'ITAGUARACY', 'BATISTA FILADELFIA', '338220002', '2003-06-01', 2, 6, '0000-00-00', '', '2011-10-01', 0),
(437, '', 'img_fem.jpg', 'MARIA CECILIA NASCIMENTO DOS SANTOS', '1957-11-22', 38, 1, 2, '', '', '01389011037', 38, '', '', 'NAO CONSTA', 'LAUDELINA EVANGELISTA NASCIMETNO', '', '0000-00-00', '', '', '3381-8452', '', 'R MANOEL DRUMONDN 90', 'CAIXA DAGUA', 7, '40320670', 'BA', 'SALVADOR', 'PR JORGE COUTO', 'IGREJA BATISTA FILADELFIA', '', '2010-12-25', 2, 6, '0000-00-00', '', '2011-10-01', 0),
(438, '', 'img_masc.jpg', 'ANTONIO DOMINGOS NOVAES DE OLIVEIRA', '1956-02-10', 37, 2, 2, '', '', '0206285880', 62, 'ATLANDIDA C. AUTOMOTIVO', '', 'ONESIO OLIVEIRA SANTOS', 'HERMINIA RIBEIRO DE NOVAES', 'MARIA ANGELICA DA S. SANTOS', '0000-00-00', '', '', '8160-3594', '', 'RUA JUAZEIRO, 66 A', 'CAIXA DÁGUA', 7, '40321055', 'BA', 'SALVADOR', 'ITAGUARACY BRITO', 'BATISTA FILADELFIA', '', '2004-12-31', 2, 6, '0000-00-00', 'PROFISSÃO: PINTOR DE AUTOMÓVEL', '2011-10-01', 0),
(439, '', 'img_masc.jpg', 'MAURICIO DA SILVA FREITAS', '1991-02-01', 37, 3, 1, '', '', '1163455865', 36, '', '', 'AURISIO MACHADO FREITAS', 'SUELI DA SILVA FREITAS', '', '0000-00-00', '', '', '32550352 / 88518040', 'MARICIO.SFREITAS@YAHOO.COM.BR', 'RUA FREITAS HENRIQUE DE CIMA, 30', 'CAIXA DÁGUA', 7, '40320150', 'BA', 'SALVADOR', 'ITAGUARACY', 'IGREJA BATISTA FILADELFIA', '3', '2004-03-09', 2, 6, '0000-00-00', '', '2011-10-01', 0),
(440, '', 'img_fem.jpg', 'MARIA COSTA MACIEL', '1937-04-09', 38, 1, 5, '', '', '0462317145', 38, '', '', 'HORACIO COSTA DOS SANTOS', 'MARIA SANTANA DOS SANTOS', 'JOSE ALVES MACIEL', '0000-00-00', '', 'A +', '3389-9838', '', 'SEGUNDA MANDICHURIA, 55', 'CAIXA DAGUA', 7, '40320630', 'BA', 'SALVADOR', 'ITAGUARACI', 'IGREJA BATISTA FILADELFIA', '', '0000-00-00', 2, 6, '0000-00-00', '', '2011-10-01', 0),
(441, '', 'img_masc.jpg', 'JORGE HENRIQUE SILVA JESUS', '1977-07-30', 37, 4, 2, '', '', '0607202475', 35, 'MPL INFORMATICA', '', 'ADERBAL HENRIQUE DE JESUS', 'MARIA DAS GRAÇAS DOS SANTOS SILVA', 'ELEN DA PAZ', '0000-00-00', '', '', '3019-3124 / 8766-0657', 'JORGEHENRIQUE5ENATOR@GMAIL.COM', 'AV. NOSSA SENHORA DO RESGATE, 906, COND. SOLAR DAS', ' RESGATE', 24, '41152000', 'BA', 'SALVADOR', 'SERGIO AMADO', 'UNIVERSAL DO REINO DE DEUS', '', '0000-00-00', 1, 6, '0000-00-00', 'ENDEREÇO: AV. NOSSA SENHORA DO RESGATE, 906, COND. SOLAR DAS ARVORES, AP 301', '2011-10-01', 0),
(442, '', 'img_fem.jpg', 'GILCELIA PROENÇA COSTA', '1947-05-28', 38, 3, 2, '', '', 'GILCELIA', 39, '', '', 'MARIO PROENCA', 'ROSALVA CARVALHO PROENCA', 'HERVAL RAMOS COSTA', '0000-00-00', '', 'O+', '', '', '1 MANDICHURIA 16', 'CAIXA D`AGUA', 7, '40320620', 'BA', 'SALVADOR', 'ITAGUARACY', 'BATISTA FILADELFIA', '33822002', '1999-09-12', 2, 6, '0000-00-00', '', '2011-10-01', 0),
(443, '', 'img_masc.jpg', 'ANTONIO VITOR SANTOS UZEDA', '1982-03-20', 37, 7, 2, '', '', '0795342284', 64, 'FINASA', '3270-4517', 'ANTONIO DE UZEDA', 'NICELIA MARIA  SANTOS UZEDA', 'JACIRA BRANDÃO DE SANTANA UZEDA', '0000-00-00', 'BATISTA FILADELFIA', '', '8111-6609', 'avitoruzeda@ibest.com.br', 'R FREITAS HENRIQUE DE CIMA, 121D', 'CAIXA DAGUA', 7, '40320165', 'BA', 'SALVADOR', 'ITAGUARACY BRITO', 'BATISTA FILADELFIA', '', '1999-12-26', 2, 6, '0000-00-00', '', '2011-10-01', 0),
(444, '', 'img_fem.jpg', 'MARIA DA CONCEIÇAO COSTA MACIEL', '1962-06-03', 38, 3, 1, '', '', '415657547', 11, '', '', 'JOSE ALVES MACIEL', 'MARIA COSTA MACIEL', '', '0000-00-00', '', 'A +', '3389-9838', '', 'R 2 MANDICHURIA, 55', 'CAIXA DAGUA', 7, '40320640', 'BA', 'SALVADOR', 'PR SEBASTIAO BARRETO', '1. IGREJA BATISTA EUNAPOLIS', '', '1979-12-31', 1, 6, '0000-00-00', '', '2011-10-01', 0),
(446, '', 'img_masc.jpg', 'JORGE MANUEL DA CONCEIÇÃO', '1961-04-08', 37, 2, 2, '', '', '0223532916', 66, 'C. I. ANISIO TEIXEIRA', '', 'LORIVAL MANUEL DA CONCEIÇÃO', 'GILCELE ANGELA DOS SANTOS', 'ILEANA MARIA DE AZEVEDO LIMA', '2010-08-24', 'FORUM RUI BARBOSA', '', '33266420', '', 'R/ TEODOMIRO DE QUEIROZ 70', 'MACAUBAS', 11, '40300520', 'BA', 'SALVADOR', 'JORGE COUTO', 'I.BATISTA FILADELFIA', '', '2010-12-25', 2, 6, '0000-00-00', '', '2011-10-01', 0),
(447, '', 'img_fem.jpg', 'MERCEDES SILVA DA CONCEIÇÃO', '1935-12-22', 38, 2, 2, '', '', '0361108176', 35, '', '', 'ADERBAL SEZARIO DA SILVA', 'ISOLINA MOURA DA SILVA', 'EDUARDO DA CONCEIÇÃO MERCEDES SILVA CONCEIÇÃO', '0000-00-00', '', '', '33867111', '', 'AV. BOMFIM, 15', 'PERO VAZ', 64, '40340120', 'BA', 'SALVADOR', 'ORLANDO', 'IGREJA BATISTA FILADELFIA', '33822002', '1991-01-31', 2, 6, '0000-00-00', '', '2011-10-01', 0),
(448, '', 'img_masc.jpg', 'ARNALDO ROSA DE CARVALHO FILHO', '1967-07-16', 37, 3, 1, '', '', 'arnaldo', 35, '', '', 'ARNALDO ROSA DE CARVALHO', 'CONSUELO FIGUEIRA ARAUJO', '', '0000-00-00', '', 'O-', '3388-1923', '', 'RUA VITOR SERRA, 68', 'PERO VAZ', 64, '40340290', 'BA', 'SALVADOR', '', 'DA BATISTA SINAI', '', '1995-09-21', 3, 6, '0000-00-00', '', '2011-10-01', 0),
(449, '', 'img_fem.jpg', 'MARIA DAS GRAÇAS S SILVA', '1953-06-23', 38, 4, 1, '', '', '65743946', 9, 'SEC. ESCOLA CLASSE 1', '', 'HAMILTON SANTOS DA SILVA', 'MARIA NILZA SILVA DE AGUIAR', '', '0000-00-00', '', '', '3241-1056', '', 'LAD DO PAIVA, 68, ED SINHÁ LINS, AP 01', 'CAIXA DAGUA', 7, '40323050', 'BA', 'SALVADOR', '', 'IURDE - 2 LEOES', '', '1993-07-13', 1, 6, '0000-00-00', 'SE TORNOU MEMBRO NA ÉPOCA EM QUE NÃO HAVIA PASTOR. ANTES DE ITAGUARACY BRITO', '2011-10-01', 0),
(450, '', 'img_masc.jpg', 'GILSON SOARES MIRANDA', '1966-05-21', 37, 4, 2, '', '', 'GILSON SOARES MIRAND', 4, 'H.G. CAMACARI', '', 'GERSON SOARES DE MIRANDA', 'ANTONIA CATARINA H. MIRANDA', 'IONE LEMOS MIRANDA', '0000-00-00', '', '', '8728-3733 / 9114-0257', '', 'RUA DR ARMANDO TOURINHO 167 B-17, AP 201, ', 'BROTAS', 75, '40286270', 'BA', 'SALVADOR', 'CARLOS ANTONIO', 'BATISTA GERUSALEM', '', '0000-00-00', 3, 6, '0000-00-00', '', '2011-10-01', 0),
(451, '', 'img_fem.jpg', 'AURELINA SOUSA', '1938-09-11', 38, 2, 5, '', '', '00909606', 39, '', '', 'MANOEL SANTOS ', 'LUCIANA SOUSA', '', '0000-00-00', '', 'A-', '8796-6546', '', 'RUA FREITAS HENRIQUE, AV. TELES 58A', 'CAIXA DÁGUA', 7, '40320300', 'BA', 'SALVADOR', 'ANTONIO LUIS', 'DO EVANGELHO QUADRANGULAR', '', '0000-00-00', 1, 6, '0000-00-00', '', '2011-10-01', 0),
(452, '', 'img_fem.jpg', 'MICHELLE SOUSA TEIXEIRA', '1991-08-10', 38, 6, 1, '', '', 'MICHELLE ', 36, '', '', 'EDVALDO TEIXEIRA DOS SANTOS', 'SUELI BISPO DE SOUSA', '', '0000-00-00', '', 'O-', '3326-4192 / 8720-2487', 'MICHELLESOUSA02@HOTMAIL.COM', 'RUA GUAÍBA, 3', 'CAIXA DÁGUA', 7, '40320590', 'BA', 'SALVADOR', 'JORGE DA PAZ', 'IGREJA BATISTA FILADELFIA', '33822002', '0000-00-00', 2, 6, '0000-00-00', '', '2011-10-01', 0),
(453, '', 'img_masc.jpg', 'JORGE VALMIR SANTANA DA PAZ', '1956-04-23', 37, 4, 2, '', '', '856399-31', 39, '', '', 'DIONISIO DA PAZ', 'LUCIENE MARIA LOUREIRO DA PAZ', 'LUCIENE MARIA LOUREIRO DA PAZ', '1981-12-19', 'IGREJA BATISTA FILADELFIA', 'O+', '32401131', 'JVSPAZ@OI.COM.BR', 'AV.MANOEL DIAS DA SILVA 1662 AP.303', 'PITUBA', 29, '41830001', 'BA', 'SALVADOR', 'ANTONIO NASCIMENTO FILHO', 'IGREJA BATISTA FILADELFIA', '', '1970-12-31', 2, 6, '0000-00-00', '', '2011-10-01', 0),
(454, '', 'img_masc.jpg', 'AURINO DA SILVA SANTOS', '1974-09-08', 37, 2, 2, '', '', '0723520437', 11, '', '', 'CARMERINO JOSE DOS SANTOS', 'DAMIANA DA SILVA SANTOS', 'MARIA CASSIANE SANTANA SANTOS', '2004-12-13', 'SUBDISTRITO DO PILAR', 'A+', '8850-7637 / 8203-3268', '', 'RUA TRASIBULO FERRAZ, AV. SAO JORGE, 42 CASA 04', 'CIDADE NOVA', 83, '40313160', 'BA', 'SALVADOR', 'JORGE DA PAZ', 'IGREJA BATISTA FILADELFIA', '', '2009-08-02', 2, 6, '0000-00-00', '', '2011-10-01', 0),
(455, '', 'img_masc.jpg', 'JOSÉ BORGES DOS SANTOS', '1930-09-27', 37, 9, 5, '', '', '37684655', 28, '', '', 'INOCENCIO BORGES DOS SANTOS', 'MARIA FILOMENA DA CONCEIÇÃO', 'TEREZINHA BISPO DOS SANTOS', '0000-00-00', '', '', '3386-1140', '', 'RUA SALDANHA MARINHO 139 B ', 'CAIXA DAGUA', 7, '40323010', 'BA', 'SALVADOR', 'ANTONIO RODRIGUES LOPES', 'I. BATISTA FILADELFIA', '', '1955-05-28', 2, 6, '0000-00-00', '', '2011-10-01', 0),
(456, '', 'img_fem.jpg', 'GISLENE CRISTINA DOS SANTOS', '1981-02-18', 38, 4, 2, '', '', '0735960607', 2, 'SUBWEI', '', 'JOAO MARIO DOS SANTOS', 'LENI MARIA S. E SANTOS', 'ALEX LEITE LIMA', '0000-00-00', '', '', '3386-1966 / 8809-7258', 'GISAWAN@YAHOO.COM.BR', 'RUA FREITAS HENRIQUE DE CIMA 121-D', 'CAIXA D`AGUA', 7, '40320165', 'BA', 'SALVADOR', 'ITAGUARACY', 'BATISTA FILADELFIA', '33822002', '2003-12-31', 2, 6, '0000-00-00', '', '2011-10-01', 0),
(457, '', 'img_fem.jpg', 'MARIA DAS GRAÇAS S DA CRUZ', '1956-06-07', 38, 3, 4, '', '', '7314158', 9, '', '', 'ALBERTINO DA CRUZ', 'FELICIA DA SILVA CRUZ', '', '0000-00-00', '', 'O +', '8734-2797 / 3382-0552', '', 'TRAV SANTA MARGARIDA, 134-E', 'CAIXA DAGUA', 7, '40320310', 'BA', 'SALVADOR', '', 'IGREJA BATISTA FILADELFIA', '', '0000-00-00', 2, 6, '0000-00-00', '', '2011-10-01', 0),
(458, '', 'img_masc.jpg', 'AURISIO MACHADO FREITAS', '1961-06-27', 37, 4, 2, '', '', '139669604', 26, 'TRANSALVADOR', '2109-3703', 'AURINO CAETANO FREITAS', 'IEDA MACHADO FREITAS', 'SUELI DO SILVA FREITAS', '0000-00-00', '', 'O+', '3255-0352', 'aurisio@yahoo.com.br', 'RUA FREITAS HENRIQUE DE CIMA, 30', 'CAIXA DÁGUA', 7, '40320150', 'BA', 'SALVADOR', 'SILAS ARAUJO MATOS', 'BATISTA FILADELFIA', '', '1984-03-25', 2, 6, '0000-00-00', '', '2011-10-01', 0),
(459, '', 'img_masc.jpg', 'JOSE CARLOS EVANGELISTA DOS SANTOS', '1964-10-28', 37, 3, 2, '', '', '017830120', 35, '', '', '', 'MARINA EVANGELISTA DOS SANTOS', 'SUELI SOUSA SANTOS', '2009-07-28', 'FORUM RUI BARBOSA', '', '32264192', '', 'RUA GUAIBA 03', 'CAIXA DAGUA', 7, '40320590', 'BA', 'SALVADOR', 'JORGE DA PAZ', 'I. BATISTA FILADELFIA', '', '2009-08-02', 2, 6, '0000-00-00', '', '2011-10-01', 0),
(460, '', 'img_fem.jpg', 'MIRIAN DE AZEVEDO DA SILVA', '1956-01-24', 38, 2, 2, '', '', 'MIRIAN', 35, '', '', 'FRANCISCO MANOEL DE AZEVEDO', 'ADELAIDE RIBEIRO DE AZEVEDO', '', '0000-00-00', '', '', '', '', 'RUA FREITAS HENRIQUE DE CIMA, 2ª TV. 109A', 'CAIXA DÁGUA', 7, '40320165', 'BA', 'SALVADOR', 'SILAS ARAUJO MATOS', 'IGREJA BATISTA FILADELFIA', '33822002', '1983-12-31', 2, 6, '0000-00-00', 'EXCLUSÃO EM 24.05.1989', '2011-10-01', 0),
(461, '', 'img_fem.jpg', 'MARIA DE AMORIM', '1925-02-17', 38, 2, 5, '', '', 'mariadeamorim', 35, '', '', 'NÃO INFORMADO', 'NÃO INFORMADO', 'JOAO FRANCISCO DE AMORIM', '0000-00-00', '', '', '3233-6755', '', 'R DAS ALMAS, 10', 'CIDADE NOVA', 83, '40313260', 'BA', 'SALVADOR', '', '', '', '0000-00-00', 2, 1, '0000-00-00', 'NÃO FOI INFORMADO O MOTIVO DE ENTRADA NA IGREJA', '2011-10-01', 0),
(462, '', 'img_fem.jpg', 'AZENETE RAQUEL DA SILVA SANTOS', '1965-10-17', 38, 3, 1, '', '', '0228100992', 25, '', '', 'ANTONIO RIBEIRO DOS SANTOS', 'AZENETE DINA DA SILVA SANTOS', '', '0000-00-00', '', 'A+', '8813-4940', 'netecinho2006@hotmail.com', 'RUA NEVES DA ROCHA, 47', 'CAIXA DÁGUA', 7, '40320530', 'BA', 'SALVADOR', 'GERDIVAL CHAVES DA SILVA', 'BATISTA DE BROTAS', '', '1989-10-01', 3, 6, '0000-00-00', '', '2011-10-01', 0),
(463, '', 'img_fem.jpg', 'GLEICE REIS DE JESUS', '1984-04-15', 38, 4, 1, '', '', '0840564600', 43, '', '', 'FLORISVALDO SILVA DE JESUS', 'ELIANA DAS NEVES REIS DE JESUS', '', '0000-00-00', '', 'A+', '33814572 / 99245-0068', 'REIS.GLECE@YAHOO.COM.BR', 'RUA 25 DE DEZEMBRO 84, 2 ANDAR', 'CIDADE NOVA', 83, '40313360', 'BA', 'SALVADOR', 'ITAGUARACY', 'BATISTA FILADELFIA', '33822002', '2004-05-09', 2, 6, '0000-00-00', '', '2011-10-01', 0);
INSERT INTO `membros` (`pk_membro`, `fg_membro`, `te_foto`, `nm_membro`, `dt_nascimento`, `fk_sexo`, `fk_instrucao`, `fk_estado`, `nm_escola`, `nu_tel_escola`, `nu_rg`, `fk_profissao`, `nm_empresa`, `nu_tel_empresa`, `nm_pai`, `nm_mae`, `nm_conjuge`, `dt_casamento`, `nm_local`, `nm_rh`, `nu_tel_casa`, `nm_email`, `nm_logra`, `nm_bairro1`, `fk_bairro`, `nu_cep`, `nm_uf`, `nm_cidade`, `nm_pastor`, `nm_igreja`, `nu_tel_igreja`, `dt_admissao`, `fk_entrada`, `fk_saida`, `dt_saida`, `te_observacao`, `dt_cadastro`, `fk_usuario`) VALUES
(464, '', 'img_fem.jpg', 'MARIA DE FATIMA CRUZ CASAES', '1965-03-24', 38, 3, 4, '', '', '270264930', 60, '', '', 'MARCIO ALVES CASAES', 'MARIA DO CARMO CRUZ CASAES', 'JULBERTO R DE ALMEIDA', '0000-00-00', '', 'O +', '9163-1044', '', 'R MARQUES DE MARICA, 49 AP 08', 'PAU MIUDO', 5, '40320840', 'BA', 'SALVADOR', 'PR ELIEL LOUZEIRO', 'IGREJA BATISTA FILADELFIA', '', '1995-12-31', 2, 6, '0000-00-00', '', '2011-10-01', 0),
(465, '', 'img_masc.jpg', 'GLEIDSON SOUZA DA SILVA', '1987-10-06', 37, 3, 1, 'NAVARRO DE BRITO', '', '0943094256', 36, '', '', 'REGINALDO PEDREIRA DA SILVA', 'RENILDA SOUZA DA SILVA', '', '0000-00-00', '', '', '34943356', 'GUELAOEXTREMO@HOTMAIL.COM', 'RUA DO QUEIMADINHO 48', 'LAPINHA', 33, '40325260', 'BA', 'SALVADOR', 'ITAGUARACY', 'BATISTA FILADELFIA', '33822002', '2003-12-28', 2, 6, '0000-00-00', '', '2011-10-01', 0),
(466, '', 'img_masc.jpg', 'MOISES SANTANA DA PAZ', '1964-06-01', 37, 3, 4, '', '', '1785702', 26, 'SECRETARIA DE JUSTIÇA E DIREITOS HUMANOS', '', 'DIONISIO DA PAZ', 'ZILDETE SANTANA DA PAZ', '', '0000-00-00', '', '', '91854665 / 88504104', '', 'RUA VARANDAS DA SERRA, 97, CND. VARANDAS DO VALE, ', 'NOVO HORIZONTE', 85, '41218168', 'BA', 'SALVADOR', '', 'IGREJA BATISTA SALVADOR (URBANA SALVADOR)', '', '1964-06-21', 3, 6, '0000-00-00', 'SE BATIZOU NA IBF COM PR. NATANAEL QUADROS BARRETO / RUA VARANDAS DA SERRA, 97, CND. VARANDAS DO VALE, BL 8, AP 303', '2011-10-01', 0),
(467, '', 'img_masc.jpg', 'JOSE HENRIQUE SOUSA GABRIEL', '1984-01-05', 37, 3, 4, '', '', 'JOSE HENRIQUE', 41, '', '', 'JOSE DE ALMEIDA GABRIEL', 'JANETE CONCEIÇÃO DE SOUSA', 'IZABELA ', '0000-00-00', '', 'O-', '87895345/88258646', '', 'RUA CONDE DE PORTO ALEGRE 84', 'IAPI', 8, '40330200', 'BA', 'SALVADOR', 'ITAGUARACY B. DOS SANTOS', 'I. BATISTA FILADELFIA', '', '0000-00-00', 2, 6, '0000-00-00', 'S/DATA DE ADMISSÃO -  AFASTADO 2009 -RECONCILIAÇÃO 2009', '2011-10-01', 0),
(468, '', 'img_fem.jpg', 'MARIA DE FATIMA DE JESUS ALMEIDA', '1972-11-03', 38, 3, 1, '', '', '0507824792', 11, '', '', 'FRANCISCO ASSIS DE ALMEIDA', 'MARIA ISABEL DE JESUS GOMES', '', '0000-00-00', '', '', '3386-5350', '', 'R CONDE DE PORTO ALEGRE,', 'IAPI', 8, '40330200', 'BA', 'SALVADOR', 'PR JOÃO BENEDITO SALVADOR', 'IGREJA BATISTA FILADELFIA', '', '0000-00-00', 1, 6, '0000-00-00', '', '2011-10-01', 0),
(469, '', 'img_fem.jpg', 'MARIA GENARIA DE ARAUJO SILVA', '1972-09-26', 38, 2, 2, '', '', '0660908735', 25, '', '', 'LINO GERALDO DE ARAUJO', 'HELENA MARIA DE JESUS', 'EDGLEY PARADELA DA SILVA', '0000-00-00', '', '', '33276018 / 86230177', '', 'RUA EUSEBIO DE QUEIROZ, 2ª TV. 2', 'LIBERDADE', 21, '40325440', 'BA', 'SALVADOR', 'ITAGUARACY', 'IGREJA BATISTA FILADELFIA', '33822002', '0000-00-00', 2, 6, '0000-00-00', 'BATISMO: 2001', '2011-10-01', 0),
(470, '', 'img_fem.jpg', 'MARIA JESUS DOS SANTOS', '1929-12-11', 38, 1, 5, '', '', '0557595', 58, '', '', 'JOAQUIM DE JESUS', 'MARIA CANDIDA DE JESUS', 'LUIZ GOZAGA DOS SANTOS', '0000-00-00', '', '', '3256-5017 / 8668-9566 / 8628-7', '', 'RUA JUAZEIRO, 64, CASA', 'CAIXA DAGUA', 7, '40321055', 'BA', 'SALVADOR', 'PR ANTONIO NASCIMENTO FILHO', 'IGREJA BATISTA FILADELFIA', '', '1964-10-16', 2, 6, '0000-00-00', '', '2011-10-01', 0),
(471, '', 'img_masc.jpg', 'JOSE RAIMUNDO MOREIRA DE SOUZA', '1963-12-06', 37, 3, 2, '', '', '199362815', 14, 'POLICIA MILITARDA BAHIA', '', ' RAIMUNDO NONATO DE SOUZA', 'ALDA MOREIRA DE SOUZA', 'JOICE  AMORIM  DE SOUZA', '0000-00-00', '', 'A+', '3022-0430', 'JRAIMOREIRA@HOTMAIL.COM', 'LAD.DO PAIVA 40 BL.B4 AP.203', 'CAIXA DAGUA', 7, '40320710', 'BA', 'SALVADOR', 'ITAGUARACY B. DOS SANTOS', 'I. BATISTA FILADELFIA', '', '2004-12-31', 2, 6, '0000-00-00', '', '2011-10-01', 0),
(472, '', 'img_masc.jpg', 'NAILTON GUEDES SANTOS', '1966-10-19', 37, 3, 2, '', '', 'anailton guedes', 13, 'PETROBRAS', '', 'NERIVAL AYRES DOS SANTOS', 'MARIA MADALENA G. SANTOS', 'NOELIA BARBARA CARVALHO SANTOS', '0000-00-00', '', 'O+', '3243-5718 / 8896-5718 / 3381-0', '', 'RUA ODILON ALVES, 18 JD. JOANA DARC', 'CAIXA DÁGUA', 7, '40323660', 'BA', 'SALVADOR', 'ITAGUARACY BRITO', 'BATISTA FILADELFIA', '', '1999-12-26', 2, 6, '0000-00-00', '', '2011-10-01', 0),
(473, '', 'img_fem.jpg', 'GLESSE PARADELA DE OLIVEIRA', '1966-05-11', 38, 3, 2, '', '', '2008991', 38, '', '', 'HERMANN CAMPOS PARADELA', 'CLESE DE SOUSA PARADELA', 'EDIVALDO P. DE OLIVEIRA', '2000-04-08', '', 'O+', '3495-6552 / 8649-7829', 'GLESSEPARADELA@HOTMAIL.COM', 'PROF. ARTHUR MACEDO, QD D, 8', 'CAIXA D`AGUA', 7, '40323120', 'BA', 'SALVADOR', 'ITAGUARACY', 'BATISTA FILADELFIA', '33822002', '1998-06-14', 2, 6, '0000-00-00', '', '2011-10-01', 0),
(474, '', 'img_fem.jpg', 'NANCI ALVES DE SOUZA', '1957-04-18', 38, 7, 1, '', '', '0473869675', 52, 'SETE CENTRAL DE ESTERILIZAÇÃO', '', 'DONATO ALVES DE SOUZA', 'ANTONIA SAMPAIO DE SOUZA', '', '0000-00-00', '', 'O+', '3382-3909', '', 'RUA TRASIBULO FERRAZ, 96', 'CIDADE NOVA', 83, '40313700', 'BA', 'SALVADOR', 'JORGE DA PAZ', 'BATISTA FILADELFIA', '', '2008-03-01', 2, 6, '0000-00-00', '', '2011-10-01', 0),
(475, '', 'img_fem.jpg', 'JOSENICE BRANDÃO DE SANTANA', '1977-02-13', 38, 3, 4, '', '', '0504267027', 74, 'CONTABILIT', '', 'JOSUÉ SANTOS DE SANTANA', 'CLEONICE BRANDÃO DE SANTANA', '', '0000-00-00', '', 'O+', '3389-2438  / 8719-1956', 'JOSEBRANDÃO_77@HOTMAIL.COM', 'RUA MADALENA PARAGUASSÚ, 67, 1º ANDAR', 'PAU MIUDO', 5, '40315360', 'BA', 'SALVADOR', 'ITAGUARACY B.SANTOS', 'IGREJA BATISTA FILADELFIA', '', '2000-05-14', 2, 6, '0000-00-00', '', '2011-10-01', 0),
(476, '', 'img_fem.jpg', 'MARIA HELENA BOMFIM BRANDÃO', '1933-11-01', 38, 2, 2, '', '', 'MARIA HELENA', 28, '', '', 'ALVINO RIBEIRO', 'GERTRUDES BOMFIM RIBEIRO', 'JOÃO BRANDÃO NETO', '0000-00-00', '', 'O-', '3386-2113 / 9180-3317', '', 'RUA DR. ODILON MACHADO, JARDIM VERA CRUZ, QD 7, 39E', 'IAPI', 8, '40340590', 'BA', 'SALVADOR', 'ANTONIO NASCIMENTO', 'IGREJA BATISTA FILADELFIA', '33822002', '1966-07-22', 2, 6, '0000-00-00', '', '2011-10-01', 0),
(477, '', 'img_masc.jpg', 'RAFAEL CONCEIÇÃO CARDOSO', '1995-01-15', 37, 2, 1, '', '', 'rafaelconceiao', 36, '', '', 'LEANDRO MENESES CARDOSO', 'CLAUDIA DA CONCEIÇAO', '', '0000-00-00', '', 'A +', '3388-8722', '', 'R OSORIO VILAS BOAS, 38', 'CIDADE NOVA', 83, '40318160', 'BA', 'SALVADOR', 'PR. JORGE DA PAZ', 'IGREJA BATISTA FILADELFIA', '', '0000-00-00', 2, 3, '2016-09-12', 'FREQUENTANDO OUTRA IGREJA - DESLIGADO EM 12/09/2016 APOS REUNIAO DO CAPI NO DIA 11/09/2016', '2011-10-01', 0),
(478, '', 'img_fem.jpg', 'NATALIA OLIVEIRA NASCIMENTO', '1970-12-24', 38, 4, 2, '', '', 'natalia', 9, 'CECIBAF', '', 'ONESIO OLIVEIRA', 'HERMINIA OLIVEIRA', 'GEOVANE BARBOSA NASCIMENTO FILHO', '0000-00-00', '', 'A+', '987826247', 'nonascimento30@hotmail.com', 'RUA MADUREIRA DE PINHO, 70, APTO 101, 1º ANDAR', 'CAIXA DÁGUA', 7, '40323080', 'BA', 'SALVADOR', 'ELIEL MACHADO LOUREIRO', 'BATISTA FILADELFIA', '', '1984-08-21', 2, 6, '0000-00-00', '', '2011-10-01', 0),
(479, '', 'img_fem.jpg', 'GLEYSE MARY SOUZA DA SILVA', '1985-09-03', 38, 4, 1, '', '', '0929732219', 35, '', '', 'REGINALDO PEDREIRA DA SILVA', 'RENILDA SOUZA DA SILVA', '', '0000-00-00', '', 'A+', '9101-6700', 'GLEYSILVA@HOTMAIL.COM', 'RUA DO QUEIMADINHO 48', 'LAPINHA', 33, '40325260', 'BA', 'SALVADOR', 'JORGE DA PAZ', 'BATISTA FILADELFIA', '33822002', '2003-12-28', 2, 6, '0000-00-00', 'PUBLICITARIA', '2011-10-01', 0),
(480, '', 'img_masc.jpg', 'JOSUEL MENEZES', '1972-11-02', 37, 9, 1, '', '', 'JOSUEL', 35, 'AUTONOMO', '', 'JERONIMO M. DOS SANTOS DE ARAUJO', 'SILVANIRA MENEZES DOS SANTOS', '', '0000-00-00', '', '', '8823-4010', '', 'RUA MANOEL DRUMOND 42', 'CAIXA DAGUA', 7, '40320670', 'BA', 'SALVADOR', 'ELIEL MACHADO LOREIRO', 'I.BATISTA FILADELFIA', '', '1995-01-01', 2, 6, '0000-00-00', 'DEFICIENTE FÍSICO  -PROFISSÃO: RELOJOEIRO', '2011-10-01', 0),
(481, '', 'img_masc.jpg', 'RAFAEL MARTINS PARADELLA SILVA', '1981-07-26', 37, 4, 2, '', '', '0597014639', 29, '', '', 'JOSE MARTINS B DA SILVA', 'REJANE P SILVA', 'ELANE MATOS PARADELLA SILVA', '2011-12-01', 'FORUM', 'O +', '3326-2881;8866-5718;9157-8484', 'anjoparadella@hormail.com', 'RUA PROFESOR ARTHUR DE MACEDO, QD D, Nº 8', 'CAIXA D\\\\\\''ÁGUA', 7, '40323120', 'BA', 'SALVADOR', 'PR JOÃO RODRIGUES', 'IGREJA BATISTA FILADELFIA', '', '1999-12-31', 2, 6, '0000-00-00', '', '2011-10-01', 0),
(482, '', 'img_masc.jpg', 'NATANAEL FRANÇA DE SOUZA', '1953-02-27', 37, 2, 2, '', '', 'natanael', 29, 'EMPRESA TRANSPORTE CAPITAL', '', 'NELSON SENA SOUZA', 'NAZIL DE FRANÇA SOUZA', 'ANA MARIA NUNES LOPES', '0000-00-00', '', 'B+', '3037-6203 / 9122-7775', '', 'R. SOSIGENES COSTA, 28, ED. ANGIÓ, AP 001 BL', 'CABULA', 32, '41150460', 'BA', 'SALVADOR', 'ENOQUE REGO', 'BATISTA SINAI', '', '0000-00-00', 3, 6, '0000-00-00', '', '2011-10-01', 0),
(483, '', 'img_fem.jpg', 'MARIA INÊS SAMPAIO SÃO PEDRO', '1965-06-21', 38, 3, 2, '', '', '0326269673', 35, 'ALUMICEL', '33147638', 'CRISTIANO LUIS MOREIRA SAMPAIO', 'DARIA SEBASTIANA BEZERRA', 'GERALDO SILVA DE SÃO PEDRO', '1984-01-28', 'IGREJA DA LAPINHA', 'O+', '33820676', '', 'AV. ATHAYDE, 17E', 'LAPINHA', 33, '40325120', 'BA', 'SALVADOR', 'ITAGUARACY', 'IGREJA BATISTA FILADELFIA', '33822002', '2003-12-28', 2, 6, '0000-00-00', '', '2011-10-01', 0),
(484, '', 'img_fem.jpg', 'RAILANE KELLY SANTANA AVELINA', '1992-06-25', 38, 10, 1, '', '', '1399480588', 36, '', '', 'MARCIO FREITAS AVELINO', 'JOICE DE ALMEIDA SANTANA', '', '0000-00-00', '', '', '3018-3066 / 8804-0079', '', 'RUA SALDANHA MARINHO, AV CONCEICAO, 07', 'CAIXA DAGUA', 7, '40323510', 'BA', 'SALVADOR', 'PR JORGE COUTO', 'IGREJA BATISTA FILADELFIA', '', '2010-12-25', 2, 6, '0000-00-00', '', '2011-10-01', 0),
(485, '', 'img_masc.jpg', 'JOSUÉ SANTOS MOTA', '1967-09-25', 37, 3, 2, '', '', '0401146600', 12, 'CASAS BAHIA', '', 'JORGE DA CONCEIÇÃO MOTA', 'DASDORES SANTOS MOTA', 'GILCELMA SILVA DIAS', '2003-05-22', '', '', '3233-4243 / 8635-6459', 'JOSUEMOTA20082HOTMAIL.COM ', 'AVENIDA TELES 04 FREITAS HENRIQUE', 'CAIXA DAGUA', 7, '40320300', 'BA', 'SALVADOR', 'ITAGUARACY B. DOS SANTOS', 'I. BATISTA FILADELFIA', '', '2003-12-28', 2, 6, '0000-00-00', '', '2011-10-01', 0),
(486, '', 'img_masc.jpg', 'RAIMUNDO BATISTA DE MENESES', '1968-02-05', 37, 3, 2, '', '', '0352291010', 29, 'TAXI', '', 'DOMINGOS BATISTA DE MENESES', 'MARIA JOSE DE MENESES', 'IARA FRANÇA DE MENESES', '0000-00-00', '', '', '3386-4748', '', 'R FREITAS HENRIQUE DE CIMA, 101', 'CAIXA DAGUA', 7, '41320150', 'BA', 'SALVADOR', 'PR SILAS', 'IGREJA BATISTA FILADELFIA', '', '0000-00-00', 2, 6, '0000-00-00', '', '2011-10-01', 0),
(487, '', 'img_fem.jpg', 'NELMA DE ALMEIDA GUALBERTO SANTOS', '1965-03-23', 38, 4, 2, '', '', '201030691', 75, 'SECRETARIA EDUCAÇÃO DO ESTADO BAHIA', '', 'FLORISVALDO GUALBERTO', 'ELIZABETE DE ALMEIDA GUALBERTO', 'GEORGE DOS SANTOS', '1991-09-14', 'SALVADOR', 'O+', '3244-0599', 'nelmagualberto@hotmail.com', '1ª TRAV. S. ROQUE - 29 DE BAIXO', 'CAIXA DÁGUA', 7, '40320290', 'BA', 'SALVADOR', 'IVAN', 'PIB - 1ª IG.BATISTA DO BARSIL', '', '2008-02-21', 1, 6, '0000-00-00', '', '2011-10-01', 0),
(488, '', 'img_fem.jpg', 'MARIA JOSÉ MORAIS', '1928-03-15', 38, 8, 1, '', '', '0026723670', 39, 'FUNCIONARIA MUNICIPAL', '', 'JOAQUIM MORAIS DE ALMEIDA', 'MARIA RITA DE JESUS', '', '0000-00-00', '', '', '33887590', '', 'AV. CONCEIÇÃO, 01', 'CAIXA DAGUA', 7, '40320510', 'BA', 'SALVADOR', 'ANTONIO RODRIGUES LOPES', 'IGREJA BATISTA CRUZ DO COSME (IBF)', '33822002', '1952-12-31', 2, 6, '0000-00-00', '', '2011-10-01', 0),
(489, '', 'img_fem.jpg', 'JUCELIA ARAUJO PEREIRA SOUZA', '1976-05-11', 38, 4, 2, '', '', '0515060500', 42, '', '', 'FERNANDO PEREIRA FILHO', 'MARIA CELIA ARAUJO PEREIRA', 'PAULO CESAR DOS SANTOS SOUZA', '2007-05-05', 'IGREJA BATISTA FILADELFIA', 'A+', '3306-8609 / 8855-1534', 'JUCELIAAP@YAHOO.COM.BR', 'RUA DO QUEIMADO, 48', 'LIBERDADE', 21, '40325260', 'BA', 'SALVADOR', 'FRANCISCO CARLOS DA SILVA', '1ª IG. BATISTA DO CIA', '', '1998-05-31', 2, 6, '0000-00-00', '', '2011-10-01', 0),
(490, '', 'img_fem.jpg', 'GRACY KELLY PAULO DOS SANTOS SILVA MATOS', '1961-07-07', 38, 4, 2, '', '', '141430036', 26, 'ESCOLA MUNICIPAL JULIETA VIANA', '', 'DOMINGOS DA PAIXAO SANTOS', 'AMELIA PAULO DOS SANTOS', 'REINALDO BOMFIM SANTOS MATOS', '0000-00-00', '', 'A+', '32550651', 'GRACYKELLYSORRISO@YAHOO.COM.BR', 'RUA FREITAS HENRIQUE TV 2 DE JULHO 5', 'BAIXA DE QUINTAS', 27, '40320260', 'BA', 'SALVADOR', 'JURANDIR MIGUEL', 'BATISTA LIRIO DOS VALES', '', '0000-00-00', 3, 6, '0000-00-00', '', '2011-10-01', 0),
(491, '', 'img_masc.jpg', 'RAIMUNDO GOMES SILVA', '1924-07-30', 37, 2, 2, '', '', '2525272', 39, '', '', 'FALECIDO', 'RAQUEL GOMES SILVA', 'ESMERALDA MONTEIRO SILVA', '0000-00-00', '', '', '3234-1532', '', 'LADEIRA DO PAIVA, 01', 'CAIXA DAGUA', 7, '40320710', 'BA', 'SALVADOR', 'PR ANTONIO RODRIGUES LOPES', 'B. CRUZ DO COSME', '', '1960-12-31', 2, 4, '0000-00-00', 'PEDIDO DE CARTA PARA IGREJA DE PLATAFORMA EM 04/12/2012 / SAIDA EM 07/12/2012', '2011-10-01', 0),
(492, '', 'img_fem.jpg', 'NICELIA MARIA SANTOS UZEDA', '1954-06-21', 38, 4, 2, '', '', '797148', 76, 'IG. BATISTA FILADELFIA', '', 'SALVADOR DOS SANTOS', 'TEREZINHA MARIA SANTOS UZEDA', 'ANTONIO UZEDA', '1975-10-11', 'IG. S. JUDAS TADEU', '', '3386-0609 / 8331-2067', '', 'RUA FREITAS HENRIQUE DE CIMA, 121 D', 'CAIXA DÁGUA', 7, '40320165', 'BA', 'SALVADOR', 'SILAS ARAUJO MATOS', 'BATISTA FILADELFIA', '', '0000-00-00', 2, 6, '0000-00-00', '', '2011-10-01', 0),
(493, '', 'img_masc.jpg', 'RAINAN DOS SANTOS', '1984-11-10', 37, 2, 1, '', '', '0888485761', 36, '', '', 'NÃO INFORMADO', 'JOVELINA DOS SANTOS', '', '0000-00-00', '', '', '3256-5161', '', 'R JUAZEIRO, 77', 'CAIXA DAGUA', 7, '40325790', 'BA', 'SALVADOR', 'PR ITAGUARACY', 'IGREJA BATISTA FILADELFIA', '', '0000-00-00', 2, 1, '0000-00-00', 'FALECEU EM 15/08/2015', '2011-10-01', 0),
(494, '', 'img_fem.jpg', 'MARIA JULIA ALMEIDA LIMA', '1964-07-13', 38, 3, 2, '', '', '201453908', 46, '', '', '', 'AGDA EVANGELINA DE ALMEIDA', 'CARLOS ALBERTO SANTOS LIMA', '2006-12-20', 'IBF', 'A+', '3388-2115 / 8639-9273', 'JULIA3LIMA@HOTMAIL.COM', 'TV. VIRGINIA, 6', 'CAIXA DÁGUA', 7, '40320220', 'BA', 'SALVADOR', 'LUIS CARLOS', 'IGREJA BATISTA DO ARVOREDO', '', '0000-00-00', 1, 6, '0000-00-00', '', '2011-10-01', 0),
(495, '', 'img_fem.jpg', 'JUDITE RODRIGUES SILVA ALMEIDA', '1948-05-10', 38, 2, 2, '', '', 'JUDITE', 39, '', '', 'PORFÍRIO RODRIGUES DO CARMO', 'MARIA ANGELICA DA SILVA DO CARMO', 'WALDEMAR BARBOSA DE ALMEIDA', '0000-00-00', '', 'AB+', '33274148', '', 'RUA SALDANHA MARINHO 133', 'CAIXA DAGUA', 7, '40323010', 'BA', 'SALVADOR', 'VALDIVIO COELHO', 'IG. BATISTA SIÃO', '', '1993-08-12', 3, 6, '0000-00-00', '', '2011-10-01', 0),
(496, '', 'img_fem.jpg', 'RAQUEL SORIANO DE O. BARRETO', '1937-04-26', 38, 1, 5, '', '', '0940274854', 39, '', '', 'BENTO JOSE DE OLIVEIRA', 'NÃO INFORMADO', '', '0000-00-00', '', '', '3234-2230', '', 'R 24 DE JUNHO, 74', 'CIDADE NOVA', 83, '40313480', 'BA', 'SALVADOR', 'PR ANTONIO R. LOPES', 'IGREJA BATISTA FILADELFIA', '', '1951-06-24', 2, 6, '0000-00-00', '', '2011-10-01', 0),
(497, '', 'img_fem.jpg', 'NILCELINA MENDES DE JESUS TORRES', '1947-09-28', 38, 4, 2, '', '', '0047817402', 9, 'COLEGIO ESTADUAL ANISIO TEIXEIRA', '', 'LUIZ MENDES DE JESUS', 'MARIA VERÍSSIMO DE JESUS', 'JORGE CARLOS DOS SANTOS TORRES', '1983-01-15', '', 'AB+', '3233-1059 / 9985-1862', 'teinatorres@yahoo.com.br', 'RUA BERNARDO SPECTOR, 337, ED VILA VERDE, AP 301', 'VILA LAURA', 34, '40270220', 'BA', 'SALVADOR', 'ANTONIO NASCIMENTO ', 'BATISTA FILADELFIA', '', '1968-11-04', 2, 6, '0000-00-00', 'CPF: 083.189.485-72', '2011-10-01', 0),
(498, '', 'img_fem.jpg', 'REGILAMAR DE OLIVEIRA SOUZA', '1988-10-25', 38, 4, 1, '', '', '1189401630', 36, '', '', 'REGINALDO SANTOS SOUZA', 'REGINA B. O. SOUZA', '', '0000-00-00', '', 'B +', '3382-3246 / 8705-2825', '', 'R MANUEL DRUMOND, 25 CASA 25', 'CAIXA DAGUA', 7, '40320670', 'BA', 'SALVADOR', 'PR. JORGE DA PAZ', 'IGREJA BATISTA FILADELFIA', '', '2000-12-31', 2, 6, '0000-00-00', '', '2011-10-01', 0),
(499, '', 'img_masc.jpg', 'LUCIANO BARBOSA DE SOUZA', '1988-03-20', 37, 2, 1, '', '', '389847861', 69, '', '', 'MIGUEL GALDINO DE SOUZA NETO', 'ANTONIA LUCIA BARBOSA DE SOUZA', '', '0000-00-00', '', '', '33882548/91699442', '', 'AV VALDIR PIRES 15 (MILHO)', 'IAPI', 8, '40330197', 'BA', 'SALVADOR', 'JORGE PEREIRA', 'ASSEMBLEIA DE DEUS', '', '2008-10-01', 1, 6, '0000-00-00', '', '2011-10-01', 0),
(500, '', 'img_fem.jpg', 'JULIANA MARA DA SILVA LIMA ALMEIDA', '1985-10-07', 38, 3, 2, '', '', '0882647504', 68, 'CASAS BAHIA', '', 'MARIO SERGIO DE LIMA', 'IRAILDES SANTOS DA SILVA', 'RICARDO ALMEIDA', '2011-06-04', 'IBF', 'A-', '8669-1751', 'NEGAJU20@HOTMAIL.COM', 'R FREITAS HENRIQUE DE CIMA, 111', 'CX DAGUA', 7, '40320150', 'BA', 'SALVADOR', 'ITAGUARACY B.DOS SANTOS', 'I.BATISTA FILADELFIA', '', '1999-12-19', 2, 6, '0000-00-00', '', '2011-10-01', 0),
(501, '', 'img_fem.jpg', 'MARIA LIMA SOUZA SANTOS', '1931-08-15', 38, 2, 5, '', '', 'MARIA LIMA', 38, '', '', 'ROSALVO LIMA DE SOUZA', 'THEODORA LIMA DE SOUZA', 'JOÃO BATISTA', '0000-00-00', '', '', '3386-7112', '', 'RUA MARQUÊS DE MARICÁ, 41, 2º ANDAR', 'PAU MIUDO', 5, '40310000', 'BA', 'SALVADOR', 'ALFREDO VIANA BARBOSA', '1ª IGREJA BATISTA DA BAHIA', '', '1948-06-20', 3, 6, '0000-00-00', '', '2011-10-01', 0),
(502, '', 'img_fem.jpg', 'NILDELIA ALVES SANTOS', '1973-07-08', 38, 6, 1, '', '', '0577143476', 77, 'DELINIS MERCADOS', '', 'MOACIR DOS SANTOS', 'MARISETE ALVES SANTOS', '', '0000-00-00', '', 'A+', '3244-3017 / 8753-0528', 'nilsempre@hotmail.com', 'RUA TRASIBULO FERRAZ, 92', 'CIDADE NOVA', 83, '40313160', 'BA', 'SALVADOR', 'JORGE DA PAZ', 'BATISTA FILADELFIA', '', '2009-08-09', 2, 6, '0000-00-00', '', '2011-10-01', 0),
(504, '', 'img_fem.jpg', 'JULIANA MONTEIRO PASSINHO', '1973-09-15', 38, 7, 4, '', '', '05681968-48', 26, '', '', 'JUAREZ XAVIER PASSINHO', 'DÉA M. PASSINHO', '', '0000-00-00', '', 'O+', '88528937', 'JUPASSINHO@HOTMAIL.COM', 'AV. STO. ANTONIO 7 ', 'CIDADE NOVA', 83, '40314150', 'BA', 'SALVADOR', 'ITAGUARACY B. DOS SANTOS', 'I.BATISTA FILADELFIA', '', '2002-12-31', 2, 3, '0000-00-00', 'FREQUENTANDO OUTRA IGREJA', '2011-10-01', 0),
(505, '', 'img_fem.jpg', 'MARIA LUCIA LOPES DE OLIVEIRA', '1966-01-12', 38, 3, 2, '', '', '0444216995', 37, 'BASE DE CALCULOS', '', 'ADELINO ALVES DA CONCEIÇÃO (FELESCIDO)', 'FIRMINA LOPES NASCIMENTO', 'MANUEL BOMFIM DE OLIVEIRA', '2006-06-08', 'FORUM RUI BARBOSA', '', '33823393', 'LUCIALPS10@HOTMAIL.COM', 'RUA SALDANHA MARINHO, 62', 'CAIXA DÁGUA', 7, '40323010', 'BA', 'SALVADOR', 'JORGE DA PAZ', 'IGREJA BATISTA FILADELFIA', '33822002', '0000-00-00', 2, 6, '0000-00-00', '', '2011-10-01', 0),
(506, '', 'img_masc.jpg', 'REGINALDO SANTOS SOUZA', '1963-04-05', 37, 4, 2, '', '', '199301190', 78, '', '', 'RAIMUNDO HERMENEGILDO DE SOUZA', 'VALDELICE SOUZA SANTOS', 'REGINA BALTAZAR', '0000-00-00', '', 'A+', '8842-5848 / 3382-3246', 'regssouza@hotmail.com', 'R MANUEL DRUMOND, 25, CJ PARQUE, CASA 25', 'CAIXA DAGUA', 7, '40320670', 'BA', 'SALVADOR', 'PR JOSE LUIZ DE CARVALHO', 'IGREJA BATISTA MORIÁ', '', '0000-00-00', 2, 6, '0000-00-00', '', '2011-10-01', 0),
(507, '', 'img_fem.jpg', 'LUCIENE CARDOSO DA SILVA DOS SANTOS', '1977-11-19', 38, 3, 2, '', '', '0787668427', 35, '', '', 'ANTONIO DOS SANTOS SILVA', 'LUZIA DE JESUS CARDOSO DA SILVA', 'ALEX CONCEI;ÁO DOS SANTOS', '2008-07-06', 'SUBDISTRITO DE HUMILDES FEIRA DE SANTANA', '', '8811-0828', '', 'RUA NELSON MALEIRO, 196 FUNDO', 'CURUZU', 19, '40365050', 'BA', 'SALVADOR', 'JORGE COUTO', 'BATISTA FILADELFIA', '33822002', '2010-12-25', 2, 6, '0000-00-00', '', '2011-10-01', 0),
(508, '', 'img_masc.jpg', 'JULIO AUGUSTO SOUZA', '1961-07-02', 37, 6, 2, '', '', 'JULIO AUGUSTO', 15, 'IG. BATISTA FILADELFIA', '33822002', '', 'AURELINA SOUZA', 'GILCEIA DIAS FERREIRA SOUZA', '0000-00-00', 'IGREJA BATISTA FILADELFIA', '', '', '', 'AV. TELES 58 A', 'CAIXA DAGUA', 7, '40320300', 'BA', 'SALVADOR', 'ITAGUARACY B. DOS SANTOS', 'IGREJA BATISTA FILADELFIA', '', '0000-00-00', 2, 6, '0000-00-00', 'S/ DATA DE ADMISSÃO NA FICHA', '2011-10-01', 0),
(509, '', 'img_fem.jpg', 'MARIA ONISSE REIS', '1962-05-12', 38, 3, 2, '', '', '0313711240', 38, '', '', 'ABELARDO MANUEL DO NASCIMENTO', 'EDITE SENHORINHA', 'REGINALDO TEIXEIRA REIS', '0000-00-00', '', 'O+', '98630-7817', '', 'RUA JUAZEIRO, 60', 'CAIXA DÁGUA', 7, '40321055', 'BA', 'SALVADOR', 'ELIEL MACHADO LOUREIRO', 'IGREJA BATISTA FILADELFIA', '33822002', '1994-09-21', 2, 6, '0000-00-00', '', '2011-10-01', 0),
(510, '', 'img_masc.jpg', 'REGINALDO SANTOS SOUZA FILHO', '1990-06-13', 37, 4, 1, '', '', '11894405', 36, '', '', 'REGINALDO SANTOS SOUZA', 'REGINA B. O. SOUZA', '', '0000-00-00', '', '', '8666-8885;3382-3246', 'reginaldo1990@yahoo.com.br', 'R MANOEL DRUMONDN, 25, CJ PARQ, CASA 9', 'CAIXA DAGUA', 7, '40320670', 'BA', 'SALVADOR', 'PR ITAGUARACY', 'IGREJA BATISTA FILADELFIA', '', '2000-05-14', 2, 6, '0000-00-00', '', '2011-10-01', 0),
(511, '', 'img_fem.jpg', 'REGINA MONTEIRO SOUZA', '1934-04-05', 38, 2, 5, '', '', '262054', 38, '', '', 'TANCREDO MONTEIRO', 'LELIA DANTAS DE SOUZA', 'JOÃO AGRIPINO DE SOUZA', '0000-00-00', '', '', '3386-3341', '', 'RUA 20 DE AGOSTO, 49', 'PAU MIUDO', 5, '40310620', 'BA', 'SALVADOR', 'ANTONIO NASCIMENTO FILHO', 'IGREJA BATISTA FILADELFIA', '', '1965-11-07', 2, 6, '0000-00-00', '', '2011-10-01', 0),
(512, '', 'img_fem.jpg', 'MARIA DE SOUSA SANTOS', '1952-07-30', 38, 3, 1, '', '', '1201924', 25, '', '', 'JOSE DE SOUSA SANTOS', 'MARIA DOS REIS SANTOS', '', '0000-00-00', '', '', '9162-3435', '', 'RUA ASTROZILDO SEPULVEDA 176, ED. ABAÍRA, AP. 102', 'IAPI', 8, '40340765', 'BA', 'SALVADOR', 'SILAS ARAUJO MATOS', 'IGREJA BATISTA FILADELFIA', '33822002', '1983-06-26', 2, 6, '0000-00-00', '', '2011-10-01', 0),
(513, '', 'img_masc.jpg', 'JUNIO DOS SANTOS SANTANA', '1986-12-02', 37, 6, 1, '', '', '1016474253', 12, 'RICARDO ELETRO', '', 'NEILTON CONCEIÇÃO SANTANA', 'ELIANE TELES DOS SANTOS', '', '0000-00-00', '', 'B+', '33812367/88506355', 'JUSS.JUNIO@HOTMAIL.COM', 'FREITAS HENRIQUE DE CIMA 56 /03', 'CAIXA DAGUA', 7, '40320150', 'BA', 'SALVADOR', 'ITAGUARACY B.DOS SANTOS', 'I.BATISTA FILADELFIA', '', '2002-12-31', 2, 6, '0000-00-00', '', '2011-10-01', 0),
(514, '', 'img_fem.jpg', 'LUCIENE MARIA LOUREIRO DA PAZ', '1956-08-21', 38, 3, 2, '', '', '0113071299', 47, '', '', 'LAURO LOUREIRO (FALECIDO)', 'DALILA MACHADO LOUREIRO (FALECIDA)', 'JORGE VALMIR SANTANA DA PAZ', '1981-09-19', 'IG BATISTA FILADELFIA', 'O+', '32401131', 'LU.LPAZ@HOTMAIL.COM', 'AV MANOEL DIAS DA SILVA 1662, ED STRAUSS AP 303', 'PITUBA', 29, '41830001', 'BA', 'SALVADOR', 'SILAS A. MATOS', 'BATISTA FILADELFIA', '33822002', '1989-04-24', 2, 6, '0000-00-00', '', '2011-10-01', 0),
(516, '', 'img_fem.jpg', 'LUCILA LOUREIRO DA PAZ', '1988-04-12', 38, 4, 1, '', '', 'LUCILA', 36, '', '', 'JORGE VALMIR SANTANA DA PAZ', 'LUCIENE MARIA LOUREIRO DA PAZ', '', '0000-00-00', '', 'O+', '32401131', 'LUCILALOUREIRO@HOTMAIL.COM', 'AV MANOEL DIAS DA SILVA 1662, ED STRAUSS AP 303', 'PITUBA', 29, '41830001', 'BA', 'SALVADOR', 'ITAGUARACY', 'BATISTA FILADELFIA', '33822002', '0000-00-00', 2, 3, '2014-08-21', 'SOLICITOU EXCLUSÃO DO ROL DE MEMBROS EM 21/08/2014', '2011-10-01', 0),
(517, '', 'img_fem.jpg', 'JUVECÍLIA MARQUES DOS SANTOS LEMOS', '1939-08-04', 38, 4, 5, '', '', '00276129-70', 9, '', '', 'JUVENAL MARQUES DOS SANTOS', 'CECILIA LAURINDA SANTOS', '', '0000-00-00', '', '', '3389-7138', 'MISSIONARIA JUJU 2HOTMAIL.COM', 'RUA LIDIO DOS SANTOS 76', 'SAN MARTIN', 35, '40355010', 'BA', 'SALVADOR', 'ANTONIO RODRIGUES LOPES', 'IGREJA BATISTA FILADELFIA', '', '1952-12-15', 2, 6, '0000-00-00', '', '2011-10-01', 0),
(518, '', 'img_fem.jpg', 'MARIETA BARBOSA DA SILVA', '1930-09-19', 38, 2, 1, '', '', 'MARIETA', 38, '', '', 'ERNESTO DOS SANTOS BARBOSA', 'ISAURA PEREIRA BARBOSA', '', '0000-00-00', '', 'B+', '32437316', '', 'RUA MADUREIRA DE PINHO, 90A, AP. 22', 'CAIXA DÁGUA', 7, '40230080', 'BA', 'SALVADOR', 'ITAGUARACY', 'IGREJA BATISTA FILADELFIA', '33822002', '2004-12-28', 2, 6, '0000-00-00', '', '2011-10-01', 0),
(519, '', 'img_masc.jpg', 'RENAN OLIVEIRA PEREIRA', '1989-05-02', 37, 3, 4, '', '', '1012475166', 36, '', '', 'ROBERTO DA SILVA PEREIRA', 'DEUZA ALVES OLIVEIRA PEREIRA', '', '0000-00-00', '', 'O +', '9156-2339', '', 'RUA PERICLES CARDOSO, 61', 'PARALELA', 36, '41194035', 'BA', 'SALVADOR', 'PR. JORGE DA PAZ', 'IGREJA BATISTA FILADELFIA', '', '2005-12-25', 2, 6, '0000-00-00', '', '2011-10-01', 0),
(520, '', 'img_fem.jpg', 'KATIA CRISTINA DA SILVA', '1972-02-15', 38, 3, 2, '', '', '381159804', 47, '', '', 'DELVANDRO GOMES DA SILVA', 'MARIA AUGUSTA SACRAMENTO', 'JAILTON BORGES DA SILVA', '1993-09-24', 'FORUM RUI BARBOSA', 'B+', '33894751', '', 'RUA PROF.BATISTA VIEIRA 17', 'PAU MIUDO', 5, '40315430', 'BA', 'SALVADOR', 'JORGE DA PAZ', 'I. BATISTA FILADELFIA', '', '2004-12-28', 2, 6, '0000-00-00', 'AFICHA DE RECADASTRAMENTO CONSTA BATISMO 28122003', '2011-10-01', 0),
(521, '', 'img_fem.jpg', 'MARILIA COSTA DE OLIVEIRA', '1989-07-15', 38, 3, 1, '', '', '0878002766', 36, '', '', 'JOSE GONÇALVES DE OLIVEIRA', 'RENILDA COSTA DE OLIVEIRA', '', '0000-00-00', '', 'O+', '32448130', 'MAI_SPAIK@HOTMAIL.COM', 'RUA DAS ALMAS, 3ª TV., INDIOS DO BRASIL, 46', 'CIDADE NOVA', 83, '40313290', 'BA', 'SALVADOR', 'JORGE DA PAZ', 'IGREJA BATISTA FILADELFIA', '33822002', '2007-08-09', 2, 6, '0000-00-00', '', '2011-10-01', 0),
(522, '', 'img_fem.jpg', 'RENILDA COSTA DE OLIVEIRA', '1956-11-08', 38, 10, 2, 'JOSE GONVALVES OLIVEIRA', '', '0139380965', 38, '', '', 'SALVADOR COSTA', 'NANCY ALMEIDA COSTA', '', '0000-00-00', '', 'O +', '3244-8130 / 9651-3838', '', 'RUA DAS ALMAS, 3 TRAV INDIOS BR,46', 'CIDADE NOVA', 83, '40313290', 'BA', 'SALVADOR', 'PR ITAGUARACY B. DOS SANTOS', 'IGREJA BATISTA FILADELFIA', '', '1997-12-31', 2, 6, '0000-00-00', '', '2011-10-01', 0),
(523, '', 'img_fem.jpg', 'LUCIMARY SOUSA CRUZ DA PAZ', '1964-05-22', 38, 3, 2, '', '', 'LUCIMARY', 11, '', '', 'ALVARO CRUZ (FALECIDO)', 'MARIA DE LOURDES SOUZA CRUZ', 'EDILSON SANTANA DA PAZ', '0000-00-00', '', 'O+', '32426644/99843835', 'LUCIMARY1000@HOTMAIL.COM', '25 DE FEVEREIRO 11-E, 2 ANDAR', 'LAPINHA', 33, '40327375', 'BA', 'SALVADOR', 'NATANAEL QUADROS BARRETO', 'BATISTA FILADELFIA', '33822002', '0000-00-00', 2, 6, '0000-00-00', '', '2011-10-01', 0),
(524, '', 'img_fem.jpg', 'kÁTIA SANTOS CUNHA', '1967-11-29', 38, 3, 2, '', '', '2011410', 47, 'LABCHECAP', '34515520/33456124', 'ODVALDO SANTOS CUNHA', 'RAIMUNDA SANTOS CUNHA', 'CLAUDIO DOS SANTOS MATOS', '0000-00-00', '', 'A+', '32361539/87195294', 'KATHUMATOS2HOTMAIL.COM', 'AV. SÃO TOMÉ 22 1º ANDAR', 'CAIXA DAGUA', 7, '40320410', 'BA', 'SALVADOR', 'ORLANDO PEREIRA CAMPOS', 'I.BATISTA FILADELFIA', '', '1989-12-31', 2, 6, '0000-00-00', '', '2011-10-01', 0),
(525, '', 'img_fem.jpg', 'MARINA DOS SANTOS PIMENTA', '1936-09-18', 38, 3, 5, '', '', '0063037068', 39, '', '', 'JUVENAL MARQUES DOS SANTOS', 'CECICLIA L. M. DOS SANTOS', 'REGINALDO PIMENTA', '0000-00-00', '', '', '', '', 'RUA EMILIO COUTO, EST. SILVANA, AP. 604', 'BROTAS', 75, '', 'BA', 'SALVADOR', 'ANTONIO RODRIGUES LOPES', 'IGREJA BATISTA FILADELFIA', '33822002', '1957-07-05', 2, 6, '0000-00-00', '', '2011-10-01', 0),
(526, '', 'img_fem.jpg', 'RENILDA SOUZA DA SILVA', '1963-02-22', 38, 3, 2, '', '', '0161287530', 20, 'HOSPITAL OTAVIO MANGABEIRA', '', 'ARNALDO DE SOUZA', 'NILZA DOS SANTOS SOUZA', 'REGINALDO PEDREIRA DA SILVA', '0000-00-00', '', 'A +', '3021-1133 / 8877-8494', '', 'RUA DO QUEIMADINHO, 48. 1. ANDAR', 'LIBERDADE', 21, '40325260', 'BA', 'SALVADOR', 'PR ENOCK DANTAS RERE', '2 IGREJA BATISTA DO BRASIL', '', '0000-00-00', 2, 6, '0000-00-00', '', '2011-10-01', 0),
(527, '', 'img_masc.jpg', 'RENILSON RODRIGUES NUNES', '1977-12-23', 37, 10, 2, '', '', '0782717462', 79, 'GERDAU', '', 'ROQUE NUNES', 'CREUSA RODRIGUES NUNES', 'HELENA MARIA SANTOS AMARAL NUNES', '2014-01-10', 'IBF', 'O +', '86279146', '', 'RUA AGOSTINHO SCHIMIDT, Nº 13', 'CX DAGUA', 7, '40323020', 'BA', 'SALVADOR', 'ITAGUARACY BRITO', 'BATISTA FILADELFIA', '', '0000-00-00', 2, 6, '0000-00-00', '', '2011-10-01', 0),
(528, '', 'img_masc.jpg', 'LUIS CLAUDIO SACRAMENTO DA SILVA', '1969-06-18', 37, 3, 2, '', '', '0298931001', 71, '', '', 'DELVANDRO GOMES DA SILVA', 'MARIA AUGUSTA SACRAMENTO', 'FRANCILEIDE GARCIA SILVA', '0000-00-00', '', '', '88898226', 'ANDI.DICA@HOTMAIL.COM', 'RUA BARAO DA VILA DA BARRA AV QUEIROZ 25', 'LAPINHA', 33, '40325040', 'BA', 'SALVADOR', 'ITAGUARACY', 'BATISTA FILADELFIA', '33822002', '2005-05-08', 2, 4, '0000-00-00', 'PEDIDO DE CARTA PARA IGREJA BATISTA SINAI EM 05/08/2014 / SAIDA EM 03/09/2014', '2011-10-01', 0),
(529, '', 'img_masc.jpg', 'RICARDO HENRIQUE ALMEIDA DO CARMO', '1983-01-16', 37, 3, 2, '', '', '742600734', 48, 'FARMACIA PAGUE MENOS', '32357070', 'JOSE FRANCISCO DO CARMO FILHO', 'MARIA CANDIDA ALMEIDA', 'JULIANA MARA', '2011-06-04', 'IBF', 'O+', '87657538', 'R.HENRIQUE27@HOTMAIL.COM', 'RUA FREITAS HENRIQUE DE CIMA, 111', 'CAIXA DAGUA', 7, '40320150', 'BA', 'SALVADOR', 'JORGE DA PAZ', 'IGREJA BATISTA FILADELFIA', '', '2008-12-21', 2, 6, '0000-00-00', '', '2011-10-04', 0),
(530, '', 'img_fem.jpg', 'RITA DE CASSIA PEREIRA PALHA', '1972-01-08', 38, 2, 1, '', '', '07124838-29', 25, '', '', 'EDSON DE OLIVEIRA PAHA', 'MARIA DO ROSARIO FERREIRA PALHA', '', '0000-00-00', '', 'O+', '32338449', '', 'FREITAS HENRIQUE DE CIMA TV.DO PARAISO 05', 'CAIXA DÁGUA', 7, '41225330', 'BA', 'SALVADOR', 'ITAGUARACY B. DOS SANTOS', 'IGREJA BATISTA FILADELFIA', '', '2000-05-14', 2, 3, '2016-04-04', 'DESLIGADO DO ROL DE MEMBROS POR AUSÊNCIA EM 04/04/2016 - FREQUENTANDO A UNIVERSAL', '2011-10-04', 0),
(531, '', 'img_masc.jpg', 'ROGÉRIO FERNANDES DIAS', '1982-12-11', 37, 4, 2, '', '', 'ROGÉRIO', 35, 'DAL SUPPLY CHAIN', '36493813/2827', 'NELSON OLIVEIRA DIAS', 'NEUZA FERNANDES DIAS', 'AMANDA', '0000-00-00', '', '', '87120668', '', 'R/ BENTO SABINO DOS REIS 02 TÉRREO', 'CAIXA DÁGUA', 7, '40320040', 'BA', 'SALVADOR', 'JORGE DA PAZ', 'IGREJA BATISTA FILADELFIA', '', '0000-00-00', 2, 6, '0000-00-00', 'COMPLETAR DADOS', '2011-10-04', 0),
(532, '', 'img_masc.jpg', 'ROGERIO ERNANDES LOPES NUNES', '1980-07-17', 37, 3, 2, '', '', 'ROGERIO', 58, 'ROGERIO COIFFEUR', '', 'TEONES F. NUNES', 'ISABEL LOPPES NUNES', 'JAQUELINE FERREIRA R.NUNES', '1998-12-26', 'IGREJA BATISTA FILADELFIA', '0+', '3386-3011 / 8858-0321', 'ROGERIOCOIFFFEUR@OI.COM.BR', 'AV. FERREIRA, 11', 'IAPI', 8, '40330353', 'BA', 'SALVADOR', 'ITAGUARACY B. DOS SANTOS', 'IGREJA BATISTA FILADELFIA', '', '1998-12-31', 4, 6, '0000-00-00', 'NOVA RECONCILIAÇÃO EM 16/10/2016', '2011-10-04', 0),
(533, '', 'img_fem.jpg', 'ROSALIA  VELOSO MARQUES', '1934-04-10', 38, 8, 5, '', '', '2.234.547', 25, '', '', 'ROSALVO PEREIRA VELOSO', 'ANA SALES DOS SANTOS', '', '0000-00-00', '', 'A+', '3381-5346', '', 'RUA FREITAS HENRIQUE DE CIMA TV.SÃO JOÃO 13', 'CAIXA DÁGUA', 7, '40320150', 'BA', 'SALVADOR', 'NATANAEL QUADROS BARRETO', 'IGREJA BATISTA FILADELFIA', '', '1978-09-09', 2, 6, '0000-00-00', '', '2011-10-04', 0),
(534, '', 'img_fem.jpg', 'ROSANGELA DE SOUZA DA SILVA', '1983-08-14', 38, 4, 2, '', '', '1003561098', 35, 'ANALISTA DE RH - COLUMBIA NORDESTE', '2106-7262', 'REGINALDO MOREIRA DE SOUZA', 'MARIA DE LOURDES SANTOS DE SOUZA', 'EDSON LUIS MOREIRA DA SILVA', '2005-01-08', 'IBF', 'O+', '99932-0037', 'RETORNOU A IGREJA EM 06/03/2016', 'AV. ALIOMAR BALEEIRO, 56B, COND. RESIDENCIAL HILDE', 'CAJAZEIRAS', 57, '41350275', 'BA', 'SALVADOR', 'ITAGUARACY B. DOS SANTOS', 'IGREJA BATISTA FILADELFIA', '', '2001-05-09', 2, 6, '0000-00-00', 'AV. ALIOMAR BALEEIRO, 56B, COND. RESIDENCIAL HILDETE FRANÇA TEIXEIRA LEIFE, AP. 104, BL 17', '2011-10-04', 0),
(535, '', 'img_fem.jpg', 'ROZILEA GOMES MACHADO CERQUEIRA', '1958-12-23', 38, 2, 2, '', '', '415385', 25, '', '', 'REINALDO MACHADO', 'IRENI GOMES MACHADO', 'ANTONIO ROCHA CERQUEIRA', '0000-00-00', '', 'O+', '3383-6828', '', 'RUA FREITAS HENRIQUE DE BAIXO, 2ª TV, 22', 'BX QUINTAS', 27, '40320290', 'BA', 'SALVADOR', 'JOSÉ CARLOS', '1ª IG. BATISTA DE MACAÉ', '', '0000-00-00', 1, 6, '0000-00-00', 'COMPLETAR FICHA- NÃO TEM DATA E MOTIVO DA ADMISSÃO', '2011-10-04', 0),
(536, '', 'img_fem.jpg', 'ROSELIA DA SILVA FERREIRA', '1964-07-20', 38, 4, 1, '', '', '01755685-61', 4, 'HOSP. OTÁVIO MANGABEIRA', '', 'SERGIO FERREIRA DE JESUS', 'MARIA DE LOURDES DA SILVA FERREIRA', '', '0000-00-00', '', 'B+', '33886664', 'ROSALE35@YAHOO.COM.BR', 'VILA ANTONIO BALBINO 167 E', 'IAPI', 8, '40330290', 'BA', 'SALVADOR', 'ORLANDO PEREIRA CAMPOS', 'IGREJA BATISTA FILADELFIA', '', '1988-01-06', 2, 6, '0000-00-00', '', '2011-10-04', 0),
(538, '', 'img_fem.jpg', 'ROSENICE SANTANA DAS NEVES', '1981-04-19', 38, 4, 1, 'FUNDAÇÃO VISCONDE DE CAIRU', '', '075.15823-01', 12, '', '', 'MANOEL ROSALVO DAS NEVES', 'CLEONICE SANTOS SANTANA', '', '0000-00-00', '', '', '3388-9215', 'RSN.UNICA@HOTMAIL.COM', 'R/ MARQUEZ DE MARICÁ, 3ª TRAVESSA, 04', 'PAU MIUDO', 5, '40310000', 'BA', 'SALVADOR', 'ITAGUARACY B. DOS SANTOS', 'IGREJA BATISTA FILADELFIA', '', '1999-09-12', 2, 6, '0000-00-00', '', '2011-10-04', 0),
(539, '', 'img_fem.jpg', 'ROSENILDA DA SILVA FERREIRA DAMASCENO', '1966-10-23', 38, 4, 2, '', '', '0216556937', 42, 'PREFEITURA DE CAMAÇARI', '', 'SERGIO FERREIRA DE JESUS', 'MARIA DE LOURDES DA S. FERREIRA', 'MANOELITO DAMASCENO', '2016-04-30', 'IBF', '', '3388-6664 / 98554-8214', 'ROUSESILVAF@YAHOO.COM.BR', 'R. EDVALDO GALVÃO, QD G, LOTE 22, JD. SANTA MONICA', 'IAPI', 8, '40342650', 'BA', 'SALVADOR', 'ORLANDO PEREIRA CAMPOS', 'IGREJA BATISTA FILADELFIA', '', '1988-03-27', 2, 6, '0000-00-00', 'S/ RG', '2011-10-04', 0),
(540, '', 'img_masc.jpg', 'RUBEM MACEDO DE OLIVEIRA', '1970-05-07', 37, 2, 1, '', '', '4.153.167-15', 36, '', '', 'ALMIR ANTONIO DE OLIVEIRA', 'JULINDA MACEDO DE OLIVEIRA', '', '0000-00-00', '', 'A+', '3388569/338681511', '', 'TRAV. GUAIBA 57 ', 'CAIXA DÁGUA', 7, '40320590', 'BA', 'SALVADOR', 'ENOCK DANTAS', '2ª IGREJA BATISTA DA CAPITAL', '', '1993-06-06', 3, 6, '0000-00-00', '', '2011-10-04', 0),
(541, '', 'img_fem.jpg', 'RUTE DA SILVA SANTOS', '1957-12-04', 38, 4, 1, '', '', '00828926-36', 9, 'PREF.MUN.DE CAMAÇARI', '36211786', 'EDERALDO BISPO DOS SANTOS', 'FRANCISCA FERREIRA DA SILVA SANTOS', '', '0000-00-00', '', 'O+', '3386-4639 / 3022-3382 / 9272-9', '', 'R/ FREITAS HENRIQUE DE CIMA, 111', 'CAIXA DAGUA', 7, '40320150', 'BA', 'SALVADOR', 'HERCÍLIO ARANDAS', 'IGRJA BATISTA FILADELFIA', '', '1974-08-01', 2, 6, '0000-00-00', '', '2011-10-04', 0),
(542, '', 'img_fem.jpg', 'RUTE RÊGO', '1967-02-14', 38, 5, 2, '', '', '02010230', 26, 'UNEB', '', 'JOEL COSTA REGO', 'AUDA TOSTA REGO', 'GERSON DE LIMA REGO', '1995-03-18', 'IG.BATISTA FILADELFIA', 'B-', '3249-6423 / 9932-8786', 'RYTE.REGO1@GMAIL.COM', 'RUA PRINCESA ISABEL, 5', 'ITAPUA', 15, '41610100', 'BA', 'SALVADOR', 'NATANAEL QUADROS BARRETO', '', '', '0000-00-00', 2, 6, '0000-00-00', 'COMPLETAR FICHA', '2011-10-04', 0),
(543, '', 'img_fem.jpg', 'MARINALVA CALDAS SILVA', '1935-03-02', 38, 2, 1, '', '', 'MARINALVA', 25, '', '', 'ANTONIO GOMES DA SILVA', 'TEÓFILO CALDAS SILVA', '', '0000-00-00', '', 'A+', '32332789', '', 'LAD. DO PAIVA 66 AP.102', 'CAIXA DAGUA', 7, '40320710', 'BA', 'SALVADOR', 'JORGE DA PAZ', 'IGRJA BATISTA FILADELFIA', '', '2009-08-02', 2, 6, '0000-00-00', '', '2011-10-04', 0),
(544, '', 'img_fem.jpg', 'MARINALVA LIMA DOS SANTOS', '1957-12-01', 38, 3, 2, '', '', '1.152.405', 46, 'MINISTÉRIO DA SAÚDE/HAN', '31171800', 'LUIZ GONZAGA DOS SANTOS', 'MARIA JESUS DOS SANTOS', 'EDSON CARLOS LIMA S. JUNIOR', '0000-00-00', 'IG.BATISTA FILADELFIA', 'AB+', '3386-0597 / 9966-2967 / 8628-7', '', 'RUA JUAZEIRO, 64', 'CAIXA DAGUA', 7, '40321055', 'BA', 'SALVADOR', 'ANTONIO NASCIMENTO FILHO', 'IGRJA BATISTA FILADELFIA', '', '1970-12-31', 2, 6, '0000-00-00', '', '2011-10-04', 0),
(545, '', 'img_fem.jpg', 'MARINALVA PINHO DE OLIVEIRA', '1961-06-10', 38, 3, 2, '', '', '02.989.077-20', 25, '', '', 'ANGELO ANTONIO DE OLIVEIRA', 'DELZA VITAL DE OLIVEIRA', 'JOÃO CARDOSO DE OLIVEIRA', '0000-00-00', '', 'A+', '32550890', '', 'RUA PADRE. BRAYNER 607 LAD.DO PAIVA', 'CAIXA DAGUA', 7, '40320480', 'BA', 'SALVADOR', '', 'IGRJA BATISTA FILADELFIA', '', '1985-12-31', 2, 6, '0000-00-00', 'COMPLETAR A FICHA', '2011-10-04', 0),
(546, '', 'img_fem.jpg', 'MARIVALDA LESSA ASSIS', '1963-04-05', 38, 4, 2, '', '', '1.425.245', 9, 'GOV.EST.BAHIA/C.E.ANISIO TEIXEIRA', '32444140', 'ERIVALDO DA SILVA LESSA ', 'MARIA FIRMINA PEREIRA', 'CRISTINO DE DEUS ASSIS', '0000-00-00', '', 'O+', '98819-8460', '', 'RUA MADUREIRA DE PINHO, 67, CX DAGUA', 'CAIXA DAGUA', 7, '40323080', 'BA', 'SALVADOR', 'ORLANDO PEREIRA CAMPOS', 'IGREJA BATISTA FILADELFIA', '', '1987-10-04', 2, 6, '0000-00-00', '', '2011-10-04', 0),
(547, '', 'img_fem.jpg', 'MARLENE MONTEIRO DA SILVA', '1955-05-29', 38, 2, 5, '', '', '1.269.576', 25, '', '', 'RAIMUNDO GOMES DA SILVA', 'ESMERALDA M. SILVA', '', '0000-00-00', '', 'A-', '3381-1254', '', 'LADEIRA DO PAIVA 1', 'CAIXA DAGUA', 7, '40320710', 'BA', 'SALVADOR', 'JULIO ROSA DE CERQUEIRA', '2ª IGREJA BATISTA DE VALENÇA', '', '1999-03-13', 3, 4, '2014-02-17', 'PEDIDO DE CARTA DE TRANSFERENCIA NO DIA 12/02/2014 PARA IGREJA BATISTA DE PLATAFORMA. APROVADO E CONCEDIDO NO DIA 17/02/2014', '2011-10-04', 0),
(548, '', 'img_fem.jpg', 'MARLENE PEREIRA DOS SANTOS', '1956-03-30', 38, 2, 1, '', '', '01029281', 25, '', '', 'VENÂNCIO PEREIA DOS SANTOS', 'FORTUNATA AVELINA DOS SANTOS', '', '0000-00-00', '', '', '3244-7683', '', 'RUA DOMINGOS PEREIRA BAIÃO, 34', 'CX DAGUA', 7, '40330130', 'BA', 'SALVADOR', '', '1ª IG. BATISTA DO BRASIL', '', '2009-12-20', 1, 6, '0000-00-00', '', '2011-10-04', 0),
(549, '', 'img_fem.jpg', 'MARLENE SANTOS DE SOUZA', '1948-01-23', 38, 3, 2, '', '', '731317', 39, '', '', 'JOSÉ FERREIRA DOS SANTOS', 'AIAS DA SILVA SANTOS', 'WILSON NASCIMENTO DE SOUZA', '0000-00-00', '', '', '3233-0549', '', 'RUA ARGEU JOSÉ DOS SANTOS, 25', 'BX DE QUINTAS', 27, '40320210', 'BA', 'SALVADOR', 'ONÉSIMO NASCIMENTO', '1ª IG. BATISTA DE GANDÚ', '', '1962-09-30', 3, 4, '2015-05-05', 'SOLICITAÇÃO DE CARTA DE TRANFERENCIA PARA A IG. B. VIDA NO ALTAR EM 23/04/2015 / SAIDA EM 05/05/2015', '2011-10-04', 0),
(550, '', 'img_fem.jpg', 'NERILDA DO AMPARO SENA DAMASCENO', '1946-11-28', 38, 2, 2, '', '', '0081056770', 38, '', '', '', 'ALELUIA SILVA SENA', 'FRANCISCO DAMASCENO', '0000-00-00', '', 'A+', '3638-1167 / 8845-7875', '', 'R. LUIZ ANSELMO, 1044 APT 201 A ', 'LUIZ ANSELMO', 37, '40260475', 'BA', 'SALVADOR ', 'ORLANDO CAMPOS', 'BATISTA FILADELFIA', '', '1992-12-31', 2, 6, '0000-00-00', '', '2011-10-06', 0),
(551, '', 'img_fem.jpg', 'ODETE RAMOS DE LACERDA', '1927-05-30', 38, 6, 2, '', '', '653124', 38, '', '', 'EMILIO THEOBALDO BLACK RAMOS', 'MARIA GOMES BLACK LACERDA', 'FRANCELINO CAVLCANTE DE LACERDA', '0000-00-00', '', '', '3386-9909', '', 'JAIR SNTOS- JD. ELDORADO', 'IAPI', 8, '40330310', 'BA', 'SALVADOR', '', 'BATISTA DOS MARES', '', '1996-09-13', 1, 1, '0000-00-00', 'FOI BATIZADA NA PIB EM 31/12/79 - PR. IVAN MILTON DE SOUZA / FREQUENTANDO IG. CAMINHO DAS ARVORES', '2011-10-06', 0),
(552, '', 'img_fem.jpg', 'OLGA DIAS FERREIRA', '1943-07-12', 38, 2, 2, '', '', '0175950296', 39, '', '', 'ARTHUR DIAS ', 'NATALIA DOS SANTOS DIAS', 'ANTONIO CARLOS FERREIRA', '0000-00-00', '', '', '87194653', '', 'LADEIRA DO PAIVA 39 CASA 17', 'CAIXA DÁGUA', 7, '40320710', 'BA', 'SALVADOR ', 'ITAGUARACY BRITO DOS SANTOS', 'BATISTA FILADELFIA', '', '0000-00-00', 2, 6, '0000-00-00', '', '2011-10-06', 0),
(553, '', 'img_masc.jpg', 'ORLANDO ANDRADE NASCIMENTO', '1987-06-04', 37, 7, 1, '', '', '1016500947', 9, 'FACULDADE DA CIDADE', '', 'BRAULIO DA SILVA NASCIMENTO FILHO', 'CATIA MARIA SOUSA ANDRADE', '', '0000-00-00', '', '', '87430967', '', 'AV. FERREIRA, 51', 'IAPI', 8, '40330720', 'BA', 'SALVADOR', 'ITAGUARACY BRITO E JORGE DA PAZ', 'BATISTA FILADELFIA', '', '2003-12-28', 2, 3, '2015-07-25', 'EXCLUIDO DO ROL DE MEMBROS EM 25/07/2015', '2011-10-06', 0),
(554, '', 'img_masc.jpg', 'OSMAR SANTOS BAPTISTA', '1982-07-23', 37, 3, 1, '', '', '0817305009', 64, 'CREDI CERTO', '', 'ORLANDO SANTIAGO BAPTISTA', 'LUCIA MARIA SANTOS', '', '0000-00-00', '', 'O-', '8817-2899', 'osmarbmh@hotmail.com', 'R. MANOEL DRUMOND, 13', 'CAIXA DÁGUA', 7, '40320670', 'BA', 'SALVADOR', 'GILDENOR OLIVEIRA DO AMARAL', 'PIB MARECHAL RONDON', '', '2008-12-01', 1, 3, '0000-00-00', 'EXCUIDO DO ROL DE MEMBROS - 31/03/2015', '2011-10-06', 0),
(555, '', 'img_masc.jpg', 'OSVALDO JESUS SILVA JUNIOR', '1983-06-11', 37, 7, 2, '', '', '0846948079', 35, '', '', 'OSVALDO JESUS SILVA ', 'LEIDENALVA F. DA SILVA', 'ALINE LOUREIRO DA PAZ', '0000-00-00', 'IG. BATISTA FILADELFIA', '', '99311-2410', '', 'R.MADUREIRA DE PINHO, 24', 'CAIXA DÁGUA', 7, '40323080', 'BA', 'SALVADOR', 'EDSON SANTOS SILVA', 'BATISTA SETE DE SETEMBRO', '', '0000-00-00', 3, 6, '0000-00-00', '', '2011-10-06', 0),
(557, '', 'img_masc.jpg', 'PAULO CESAR DOS SANTOS SOUZA', '1971-06-27', 37, 4, 2, '', '', '298299178', 26, 'IPRAJ', '', 'ARNALDO DE SOUZA', 'NILZA DOS SANTOS SOUZA', 'JUCELIA ARAUJO PEREIRA SOUZA', '2007-05-05', 'IG. BATISTA FILADELFIA', '', '3306-8609 / 8855-1534', 'XXXXXXXXXXXXX', 'RUA DO QUEIMADO, 48', 'LIBERDADE', 21, '40325260', 'BA', 'SALVADOR', 'JORGE DA PAZ', 'BATISTA FILADELFIA', '', '2005-12-25', 2, 6, '0000-00-00', '', '2011-10-06', 0),
(558, '', 'img_masc.jpg', 'SAMUEL CARDOSO DE OLIVEIRA', '1991-03-12', 37, 4, 1, '', '', '1324538007', 36, '', '', 'JOÃO CARDOSO DE OLIVEIRA', 'MARINALVA PINHO DE OLIVEIRA', '', '0000-00-00', '', 'A+', '32550890', 'samuca12032hotmail.com', 'LAD. DO PAIVA, 607', 'CAIXA DÁGUA', 7, '40323050', 'BA', 'SALVADOR', 'ITAGUARACY BRITO DOS SANTOS', 'BATISTA FILADELFIA', '', '2004-05-09', 2, 6, '0000-00-00', '', '2011-10-06', 0),
(559, '', 'img_fem.jpg', 'SANDRA GOMES SILVA SANTOS', '1982-05-21', 38, 3, 2, '', '', 'sandra gomes', 72, 'REIS COMERCIO DE COMERCIO', '', 'NEVITON NASCIMENTO SILVA', 'JACIRA GOMES SILVA', 'LEANDRO TEIXEIRA SANTOS', '2009-08-08', 'IG. BATISTA FILADELFIA', '', '9176-3247', '', 'RUA AGOSTINHO SHIMITT, 24', 'CAIXA DAGUA', 7, '40323020', 'BA', 'SALVADOR', '', '', '', '0000-00-00', 2, 6, '0000-00-00', '', '2011-10-06', 0),
(560, '', 'img_fem.jpg', 'SANDRA SILVA FERREIRA DE SANTANA', '1963-07-17', 38, 3, 2, '', '', '2704059', 35, '', '', 'MANOEL BONFIM FERREIRA', 'DEJANIRA SILVA FERREIRA', 'DENILSON NASCIMENTO DE SANTANA', '0000-00-00', '', 'O+', '3386-2962 / 98721-7717', '', 'PQ. SAN MARTIN - RUA A, 13', 'IAPI', 8, '40360840', 'BA', 'SALVADOR', 'SATURNINO JOSÉ PEREIRA', 'BATISTA FILADELFIA', '', '1982-10-10', 2, 6, '0000-00-00', '', '2011-10-06', 0),
(561, '', 'img_fem.jpg', 'SANDRIELE DA SILVA PESSOA BATISTA', '1990-12-30', 38, 10, 2, '', '', '1330404963', 35, '', '', 'JORGE DE OLIVEIRA PESSOA', 'SANDRA DE JESUS PEREIRA DA SILVA', 'EDILTON BATISTA DA SILVA', '2013-03-19', 'FORUM', '', '9200-5264', 'sandriele_silva@hotmail.com', 'R. ANTONIO BALBINO- AV. SIRIRI, 23A', 'IAPI', 8, '40330190', 'BA', 'SALVADOR', 'JORGE DA PAZ', 'BATISTA FILADELFIA', '', '2009-06-30', 2, 6, '0000-00-00', '', '2011-10-06', 0),
(562, '', 'img_fem.jpg', 'SARA INGRID FERREIRA SANTOS', '1987-01-09', 38, 4, 1, 'CENTRO UNIVERSITÁRIO DA BAHIA - FIB', '', '0965406130', 44, '', '', 'DAVI DE SOUZA SANTOS ', 'SOLANGE FERREIRA SANTOS', '', '0000-00-00', '', 'O+', '3244-9130 / 8835-3397', 'sarinha_ingrid@hotmail.com', 'RUA OTÁVIO ARIANI MACHADO, 75 B', 'CAIXA DÁGUA', 7, '40320475', 'BA', 'SALVADOR', 'ITAGUARACY BRITO DOS SANTOS', 'BATISTA FILADÉLFIA', '', '2003-05-12', 2, 6, '0000-00-00', '', '2011-10-06', 0),
(563, '', 'img_fem.jpg', 'SARAÍ DOS SANTOS SOUZA', '1966-09-17', 38, 4, 1, '', '', '298299410', 26, 'SESAB', '', 'ARNALDO DE SOUZA', 'NILZA DOS SANTOS SOUZA', '', '0000-00-00', '', '', '8125-2200', '', 'RUA DO QUEIMADO, 48', 'LIBERDADE', 21, '40325260', 'BA', 'SALVADOR', 'ADAIR', 'BATISTA CONGREGACIONAL', '', '0000-00-00', 1, 6, '0000-00-00', '', '2011-10-06', 0),
(564, '', 'img_masc.jpg', 'SIDNEY ROBERTO CONCEIÇÃO PEREIRA DE SOUZA', '1979-05-24', 37, 4, 2, '', '', 'sidney', 35, '', '', 'ANTONIO FERNANDO PEREIRA DE SOUZA', 'DALVA CONCEIÇÃO PEREIRA DE SOUZA', 'CISSARA AMARAL DA SILVA SOUZA', '0000-00-00', 'IG. BATISTA FILADELFIA', 'B+', '8829-3188 / 8429-7590', 'sidney_9@hotmail.com', 'RUA CONDE DE PORTO ALEGRE, 84, CASA 09', 'IAPI', 8, '40330200', 'BA', 'SALVADOR', 'ITAGUARACY BRITO E JORGE DA PAZ', 'BATISTA FILADELFIA', '', '2005-12-31', 2, 6, '0000-00-00', '', '2011-10-06', 0),
(565, '', 'img_fem.jpg', 'SILVIA SANTIAGO DOS SANTOS', '1958-07-18', 38, 3, 4, '', '', '103822917', 47, 'SEC. ESTADO BAHIA', '', 'MANOEL CALUDIO DOS SANTOS', 'MARIA CONCEIÇÃO SANTANA SANTIAGO', '', '0000-00-00', '', 'O+', '9961-9261/ 3258-4924', '', 'RUA FREITAS HENRIQUE DE CIMA, 94 CASA 02, 1º ANDAR', 'CAIXA DÁGUA', 7, '40320150', 'BA', 'SALVADOR', 'ANTONIO NASCIMENTO FILHO', 'BATISTA FILADELFIA', '', '1969-12-31', 2, 6, '0000-00-00', '', '2011-10-06', 0),
(566, '', 'img_fem.jpg', 'SIMONE GONÇALVES ALMEIDA', '1967-08-21', 38, 3, 2, '', '', '0271621842', 9, '', '', 'BENEDITO GONÇALVES', 'ANTONIA ROSA DE ALMEIDA', 'JEAN FERREIRA ALMEIDA', '1993-01-23', 'IG. DA LAPINHA', 'A+', '3356-8469', '', 'AV. D. JOÃO VI, 14A APT 301', 'BROTAS', 75, '40290900', 'BA', 'SALVADOR', 'JORGE DA PAZ', 'BATISTA FILADELFIA', '', '2009-08-02', 2, 6, '0000-00-00', '', '2011-10-06', 0),
(567, '', 'img_fem.jpg', 'SOLANGE MACEDO DE OLIVEIRA', '1959-01-20', 38, 3, 1, '', '', '162902085', 35, '', '', 'ALMIR ANTONIO DE OLIVEIRA', 'JULINDA MACEDO DE OLIVEIRA', '', '0000-00-00', '', 'O+', '8725-7090 / 3386-8151', '', 'RUA GUAÍBA, 71', 'CAIXA DÁGUA', 7, '40320590', 'BA', 'SALVADOR', 'SILAS ARAÚJO MATOS', 'BATISTA FILADELFIA', '', '1983-02-27', 2, 6, '0000-00-00', '', '2011-10-06', 0),
(568, '', 'img_fem.jpg', 'SOLANGE VELOSO MARQUES', '1973-11-21', 38, 9, 1, '', '', 'SOLANGE VELOSO', 35, '', '', 'CARLOS ALBERTO MARQUES ', 'ROSALIA VELOSO MARQUES', '', '0000-00-00', '', '', '3381-5346', '', 'RUA FREITAS HENRIQUE DE CIMA- TRAV. S. JOÃO, 13', 'CAIXA DÁGUA', 7, '40320150', 'BA', 'SALVADOR', 'ITAGUARACY BRITO DOS SANTOS', 'BATISTA FILADELFIA', '', '0000-00-00', 2, 6, '0000-00-00', '', '2011-10-06', 0),
(569, '', 'img_fem.jpg', 'SUELI ALMEIDA DE SANTANA', '1968-09-14', 38, 3, 2, '', '', 'SUELI  ALMEIDA', 46, 'PROMEDICA', '33557844', 'WILSON DE OLIVEIRA', 'ZULEIDE ALMEIDA DE OLIVEIRA', 'JOSE LUIS SILVA SANTANA', '2009-05-29', 'IG. BATISTA FILADELFIA', 'A+', '32443013/99624335', 'SUDEALMEIDA1@HOTMAIL.COM', '2ª TV. MANOEL DRUMOND 27', 'CAIXA DÁGUA', 7, '40320690', 'BA', 'SALVADOR', 'ELIEL LOUREIRO', 'IGREJA BATISTA FILADÉLFIA', '', '1995-08-20', 2, 6, '0000-00-00', 'PROFISSÃO: TEC.FISIOTERAPIA', '2011-10-07', 0),
(570, '', 'img_fem.jpg', 'SUELI DA SILVA FREITAS', '1964-03-28', 38, 3, 2, '', '', '0223578070', 12, 'SERTENGE', '33554591', 'JOSÉ BARBOSA DA SILVA', 'VANDERLINA SANTOS DA SILVA', 'AURISIO MACHADO FREITAS', '0000-00-00', '', 'O+', '32550352/88282955', 'SUEFREITAS @IG.COM.BR', 'FREITAS HENRIQUE DE CIMA, 30', 'CX DAGUA', 7, '40320150', 'BA', 'SALVADOR', 'SILAS ARAUJO MATOS', 'IGREJA BATISTA FILADÉLFIA', '', '1984-06-24', 2, 6, '0000-00-00', '', '2011-10-07', 0),
(571, '', 'img_fem.jpg', 'SUELI DA SILVA PINTO', '1965-03-15', 38, 3, 1, '', '', '1.995.959', 66, 'CLINICA ODONTOLÓGICA', '33581576', 'MANOEL ALVES PINTO', 'VALDETE ANGELA DA SILVA PINTO', '', '0000-00-00', '', '', '3388-3269 / 8734-5228', '', 'RUA DIREITA DO PERO VAZ, 174 1ª ANDAR', 'PERO VAZ', 64, '40335000', 'BA', 'SALVADOR', 'JORGE COUTO', 'IGREJA BATISTA FILADÉLFIA', '33822002', '2010-12-25', 2, 6, '0000-00-00', '', '2011-10-07', 0),
(572, '', 'img_fem.jpg', 'SUELI SOUSA SANTOS', '1965-06-14', 38, 3, 2, '', '', '251804879', 35, '', '', 'ELIOTÉRIO BISPO DE SOUSA', 'ANTONIA RIBEIRO DE SOUSA', 'JOSE CARLOS EVANGELISTA DOS SANTOS', '2009-07-28', 'FORUM RUI BARBOSA', '', '3326-4192', 'SUELI.SOUSA@HOTMAIL.COM', 'RUA GUAÍBA, 03', 'CAIXA DÁGUA', 7, '40320590', 'BA', 'SALVADOR', 'JORGE DA PAZ', 'IGREJA BATISTA FILADÉLFIA', '33822002', '2009-08-02', 2, 6, '0000-00-00', '', '2011-10-07', 0),
(573, '', 'img_fem.jpg', 'SUZANE CELESTE SILVA ROLEMBERG DE SOUSA', '1966-06-23', 38, 3, 2, '', '', '0200956868', 20, 'CARDIO PULMONAR', '32032200', 'DELVANDRO GOMES DA SILVA', 'MARIA AUGUSTA SACRAMENTO', 'JAILTON ROSEMBERG DE SOUSA', '0000-00-00', '', 'O+', '33811231 / 81781806', 'SUZY.DAMARIS@HOTMAIL.COM', 'RUA PROFESSOR BATISTA VIEIRA, 23, 2º ANDAR', 'PAU MIUDO', 5, '40315430', 'BA', 'SALVADOR', 'ITAGUARACY / JORGE', 'IGREJA BATISTA FILADÉLFIA', '33822002', '2005-12-26', 2, 6, '0000-00-00', '', '2011-10-07', 0),
(574, '', 'img_masc.jpg', 'LUIS CLAUDIO SOARES UZÊDA', '1973-02-02', 37, 3, 2, '', '', '379677970', 35, '', '', 'ILDEFONSO BORGES UZEDA', 'CRISPINIANA SOARES UZEDA', 'MARIA JOELMA ALMEIDA UZEDA', '1996-12-17', 'FORUM', 'A+', '3431-0930 / 9988-9214', 'LUISUZEDA@HOTMAIL.COM', 'RUA ACAJUTIBA, Q 9, LT 12, 2º SUB SOLO', 'PERNAMBUES', 23, '41120700', 'BA', 'SALVADOR', 'JORGE DA PAZ', 'IGREJA BATISTA FILADÉLFIA', '33822002', '0000-00-00', 2, 6, '0000-00-00', 'TAXISTA', '2011-10-07', 0),
(895, '', 'img_masc.jpg', 'WALTER TERENCIO DA CRUZ', '1926-09-27', 37, 1, 2, '', '', '91288', 39, '', '', 'DEMETRIO ACACIO DA CRUZ', 'MARIA LIDIA DA CRUZ', 'GILDETE DA LUZ CRUZ', '1956-06-20', 'SSA', '', '3381-3443', '', 'R. 7 DE JANEIRO, 112', 'CIDADE NOVA', 83, '40313170', 'BA', 'SALVADOR', 'JORGE CUNHA', 'BATISTA BERLINQUE', '', '2012-06-03', 3, 6, '0000-00-00', 'BATIZADO NA IBF POR ANTONIO NASCIMENTO FILHO EM 02.11.1967', '2012-06-04', 0),
(576, '', 'img_fem.jpg', 'LUZIA ANGELA MENEZES', '1954-12-13', 38, 2, 1, '', '', '0157141365', 35, '', '', 'JOSE BASTOS MENEZES', 'NOEMIA VITORIANA MENEZES', '', '0000-00-00', '', 'O+', '33888722', '', 'RUA OSORIO VILAS BOAS, 38', 'CIDADE NOVA', 83, '40313580', 'BA', 'SALVADOR', 'VICENTE DE PAULA', 'IGREJA BATISTA BIBLICA', '', '2008-02-21', 1, 3, '2016-09-12', 'FREQUENTANDO OUTRA IGREJA - DESLIGADO EM 12/09/2016 APOS REUNIAO DO CAPI NO DIA 11/09/2016', '2011-10-07', 0);
INSERT INTO `membros` (`pk_membro`, `fg_membro`, `te_foto`, `nm_membro`, `dt_nascimento`, `fk_sexo`, `fk_instrucao`, `fk_estado`, `nm_escola`, `nu_tel_escola`, `nu_rg`, `fk_profissao`, `nm_empresa`, `nu_tel_empresa`, `nm_pai`, `nm_mae`, `nm_conjuge`, `dt_casamento`, `nm_local`, `nm_rh`, `nu_tel_casa`, `nm_email`, `nm_logra`, `nm_bairro1`, `fk_bairro`, `nu_cep`, `nm_uf`, `nm_cidade`, `nm_pastor`, `nm_igreja`, `nu_tel_igreja`, `dt_admissao`, `fk_entrada`, `fk_saida`, `dt_saida`, `te_observacao`, `dt_cadastro`, `fk_usuario`) VALUES
(577, '', 'img_fem.jpg', 'LUZIA SENA FERNANDES', '1940-08-08', 38, 3, 5, '', '', '810535', 70, '', '', '', '', 'LUCIANO LUIS DE JORGE Y. FERNANDES', '0000-00-00', '', 'O+', '3388-3868', '', 'RUA PADRE ANTONIO', 'PERO VAZ', 64, '40335150', 'BA', 'SALVADOR', '', 'IGREJA BATISTA FILADÉLFIA', '', '0000-00-00', 2, 6, '0000-00-00', '', '2011-10-07', 0),
(579, '', 'img_fem.jpg', 'TAIS DA PAZ SANTOS UZEDA', '1984-09-30', 38, 4, 2, '', '', '0862168481', 37, 'IG.BATISTA FILADELFIA', '33822002', 'DANIEL DE SOUZA SANTOS', 'DENISE DA PAZ SANTOS', 'EVERTON SANTOS UZEDA', '2015-01-10', 'IBF', '', '8847-3009', 'TAIPAZ@HOTMAIL.COM', 'RUA MANOEL MARIO DE LIMA 21 EDF.FORTES AP.201', 'CAIXA DAGUA', 7, '40323010', 'BA', 'SALVADOR', 'JOÃO ', 'IGREJA BATISTA FILADELFIA', 'SALDANHA', '1998-12-31', 2, 6, '0000-00-00', 'Pr. substituto de Itaguaracy Brito', '2011-10-15', 170),
(959, '', 'img_fem.jpg', 'ISABEL CELINA DA GUIA', '1958-07-08', 38, 3, 5, '', '', '1246909', 46, 'HOSPITAL ANA NERI', '3117-1906', 'NARCISO MANUEL DA GUIA', 'ISAURA CELINA DE OLIVEIRA', '', '0000-00-00', '', '', '8668-7059', '', 'RUA MANOEL DRUMOND, 13', 'CAIXA DAGUA', 7, '40320670', 'BA', 'SSA', 'ORLANDO', 'IBF', '', '1992-12-31', 2, 6, '0000-00-00', '', '2013-06-02', 0),
(960, '', 'img_fem.jpg', 'BENEDITA RAMOS DOS SANTOS', '1956-07-13', 38, 2, 5, '', '', '0185946119', 12, '', '', 'JEOVANE RAMOS FERREIRA', 'DIVA JORGE DOS SANTOS', 'JURACI DOS SANTOS', '0000-00-00', '', '', '3326-5248 / 8846-8279', '', 'RUA GUAIBA, 23', 'CAIXA DAGUA', 7, '40320590', 'BA', 'SALVADOR', 'SILAS DE ARAUJO MATOS', 'IBF', '', '1984-03-25', 2, 6, '0000-00-00', 'CPF: 114.805.215-15', '2013-06-02', 0),
(961, '', 'img_masc.jpg', 'VALDEQUE PEREIRA GOMES', '1959-07-30', 37, 11, 2, '', '', 'VALDEQUE', 35, '', '', '', '', 'ELISABETE GOMES', '0000-00-00', '', '', '3256-9603', '', 'RUA 20 DE AGOSTO, 67', 'PAU MIUDO', 5, '40310105', 'BA', 'SSA', 'JORGE BEZERRA', 'IBF', '', '2013-05-28', 2, 4, '2015-12-30', 'TRANSFERÊNCIA PARA IGREJA BATISTA SINAI EM 30/12/2015', '2013-07-27', 0),
(962, '', 'img_fem.jpg', 'EDNALVA PEREIRA SOUZA CARNEIRO', '1968-06-28', 38, 3, 2, '', '', 'EDNALVA P', 9, '', '', 'PEDRO MARTINS SOUZA', 'ALICE PEREIRA SOUZA', 'RONALDO JOSE DIAS CARNEIRO', '1986-03-01', 'CANDEIAS', '', '8508-5909 / 3386-5023', '', 'ESTRADA DA LIBERDADE, 14, 3º ANDAR, AP. 302', 'LIBERDADE', 21, '40375016', 'BA', 'SSA', 'JORGE BEZERRA', 'IBF', '', '2013-05-28', 2, 6, '0000-00-00', '', '2013-07-27', 0),
(963, '', 'img_masc.jpg', 'RONALDO JOSE DIAS CARNEIRO', '1959-12-14', 37, 11, 2, '', '', '0146878361', 28, 'CHINA MOTO PEÇAS', '8508-5912', 'AGNALDO DIAS CARNEIRO', 'ROMILDA DIAS QUETRES', 'EDNALVA PEREIRA SOUZA CARNEIRO', '1986-03-01', 'CANDEIAS', '', '8508-5912', '', 'ESTRADA DA LIBERDADE, 14, 3º ANDAR, AP. 302', 'LIBERDADE', 21, '40375016', 'BA', 'SSA', 'JORGE BEZERRA', 'IBF', '', '2013-05-28', 2, 6, '0000-00-00', 'CPF: 195.427.045-34', '2013-07-27', 0),
(964, '', 'img_fem.jpg', 'MARIA CELIA SANTOS VIANA', '1955-04-20', 38, 11, 1, '', '', 'MARIA C', 35, '', '', '', '', '', '0000-00-00', '', '', '9933-3156 / 8738-2556', '', 'RUA MADUREIRA DE PINHO, 22, LAD. DO PAIVA', 'CAIXA DAGUA', 7, '40323080', 'BA', 'SSA', 'JORGE BEZERRA', 'IBF', '', '2013-05-28', 2, 6, '0000-00-00', '', '2013-07-27', 0),
(965, '', 'img_fem.jpg', 'ALESSANDRA DE ALMEIDA COSTA SANTOS', '1978-08-12', 38, 11, 2, '', '', 'ALESSANDRA', 35, '', '', '', '', '', '0000-00-00', '', '', '8859-4363', '', 'AV. PEIXE, 90A CASA', 'PERO VAZ', 64, '40335611', 'BA', 'SALVADOR', 'JORGE BEZERRA', '', '', '2013-05-28', 2, 6, '0000-00-00', '', '2013-07-27', 0),
(966, '', 'img_fem.jpg', 'IRACEMA MARIA TEIXEIRA SILVA', '1979-05-04', 38, 3, 2, '', '', '0866284370', 35, 'SABORES DA LALA', '3241-1389', 'BONFIM MANOEL DE JESUS TEIXEIRA', 'ANA LICIA DA SILVA', 'CARLOS ANTONIO SANTOS SILVA', '2013-01-05', 'IBF', '', '8629-9916', 'IRACEMA-AMIGA1@HOTMAIL.COM', 'RUA DIRETA DA GOMEIA, 210', 'SAO CAETANO', 67, '40391320', 'BA', 'SSA', 'JORGE BEZERRA', 'IBF', '', '2013-05-28', 2, 6, '0000-00-00', 'CPF: 013.153.545-51', '2013-07-27', 0),
(967, '', 'img_fem.jpg', 'ILEIANA LIMA DA CONCEIÇAO', '1993-08-23', 38, 11, 1, 'LUIZ CABRAL', '', '1369031181', 36, '', '', 'JORGE MANUEL DA CONCEIÇAO', 'ILEANA MARIA DE AZEVEDO LIMA', '', '0000-00-00', '', '', '99337-7911', 'PRETINHA-1@HOTMAIL.COM', 'RUA THEODOMIRO DE QUEIROZ, 72 FUNDO', 'MACAUBAS', 11, '40302011', 'BA', 'SSA', 'JORGE BEZERRA', 'IBF', '', '2013-05-28', 2, 6, '0000-00-00', '', '2013-07-27', 0),
(968, '', 'img_fem.jpg', 'GABRIELLE MENEZES DOS SANTOS', '1996-04-02', 38, 11, 1, '', '', '1537388630', 36, 'LUIZ CABRAL', '', 'HUMBERTO PINTO DOS SANTOS', 'ELIANA MENEZES DOS SANTOS', '', '0000-00-00', '', '', '98612-7275', 'GABRIELLELINDA30@HOTMAIL.COM', 'RUA FREITAS HENRIQUE DE CIMA, 121', 'CAIXA DAGUA', 7, '40320150', 'BA', 'SSA', 'JORGE BEZERRA', 'IBF', '', '2013-05-28', 2, 6, '0000-00-00', '', '2013-07-27', 0),
(969, '', 'img_masc.jpg', 'LUIS CLAUDIO SANTOS DA SILVA', '1970-12-13', 37, 11, 1, '', '', '0350776547', 35, 'VAS EXPRESS', '', 'JOSE BARBOSA DA SILVA', 'VANDERLINA SANTOS DA SILVA', '', '0000-00-00', '', 'B+', '3382-8799', '', 'RUA FREITAS HENRIQUE DE CIMA, 14', 'CAIXA DAGUA', 7, '40320150', 'BA', 'SSA', 'FERNANDO JORGE', '2ª IG. B. EM DIAS DAVILA', '', '2013-05-05', 3, 6, '0000-00-00', '', '2013-07-27', 0),
(970, '', 'img_masc.jpg', 'JULIO JOSE SANTOS BARBOSA', '1945-11-28', 37, 2, 1, '', '', 'JULIO', 58, 'SALAO PROPRIO EM MATATU', '', 'AUGUSTO JOSE BARBOSA', 'ADELADIA SANTOS BARBOSA', '', '0000-00-00', '', '', '8602-1137', '', 'RUA DA MANDICHURIA, 92, CASA 92', 'CAIXA DAGUA', 7, '40220570', 'BA', 'SSA', 'WALTER BATISTA', 'SIAO', '', '0000-00-00', 3, 6, '0000-00-00', 'AGUARDANDO CARTA DE TRANSFERENCIA', '2013-07-27', 0),
(971, '', 'img_masc.jpg', 'ALEXANDRO ANDRADE DAS VIRGENS', '1977-05-09', 37, 3, 4, '', '', '569854873', 49, 'BRIGADA VERDE LTDA', '3293-7822', 'AGNALDO MORAIS DAS VIRGENS (IN MEMORIAN)', 'MARIA NAZARET DE ANDRADE', '', '0000-00-00', '', '', '9102-5909 / 8660-2775', '', 'RUA MANOEL DRUMOND, 25', 'CAIXA DAGUA', 7, '40320670', 'BA', 'SSA', 'IVAN JORGE LUNA', 'CENTRAL DE PARIPE', '', '2013-03-31', 3, 6, '0000-00-00', 'OK EM 30/04/2013 / BATIZADO EM IBF POR ITAGUARACY', '2013-07-27', 0),
(972, '', 'img_masc.jpg', 'RONALDO DO AMARAL SANTOS', '1963-04-09', 37, 3, 2, '', '', 'RONALDO', 58, 'AUTONOMO', '', 'BASILIO DOS SANTOS', 'IRANY DO AMARAL SANTOS', 'NAIR FARIAS SANTOS', '1989-03-17', '', '', '3382-3150 / 9 8151-9551', '', 'RUA BENJAMIN FRANKLIN, 79', 'PAU MIUDO', 5, '40315530', 'BA', 'SSA', 'FRANCISCO COSME PEREIRA', 'IG. B. ALTO DO CRUZEIRO', '', '2013-06-09', 3, 6, '0000-00-00', 'AGUARDANDO CARTA DE TRANSFERENCIA', '2013-07-27', 0),
(973, '', 'img_fem.jpg', 'NAIR FARIAS SANTOS', '1969-12-28', 38, 3, 2, '', '', 'NAIR', 38, '', '', 'EDVALDO DOS SANTOS FARIAS', 'MARIA ZE', 'RONALDO DO AMARAL SANTOS', '1989-03-17', '', '', '', '', 'RUA BENJAMIN FRANKLIN, 79', 'PAU MIUDO', 5, '40315530', 'BA', 'SSA', 'FRANCISCO COSME PEREIRA', 'IG. B. ALTO DO CRUZEIRO', '', '2013-06-09', 3, 6, '0000-00-00', 'AGUARDANDO CARTA DE TRANSFERENCIA', '2013-07-27', 0),
(974, '', 'img_fem.jpg', 'IRANILDA AMARAL SANTOS', '1961-03-23', 38, 3, 4, '', '', '1630922', 58, 'EMIR CABELEREIROS', '3358-2162 / 3389-0968', 'BASILIO DOS SANTOS', 'IRANY DO AMARAL SANTOS', '', '0000-00-00', '', 'A+', '3382-3150 / 9216-1563 / 8784-2', '', 'RUA BENJAMIN FRANKLIN, 79', 'PAU MIUDO', 5, '40315530', 'BA', 'SSA', 'FRANCISCO COSME PEREIRA', 'IG. B. ALTO DO CRUZEIRO', '3389-0968', '2013-06-09', 3, 6, '0000-00-00', 'AGUARDANDO CARTA DE TRANSFERENCIA', '2013-07-27', 0),
(975, '', 'img_fem.jpg', 'JUCIMARA AMORIM DO BOMFIM', '1988-03-05', 38, 3, 1, '', '', 'JUCIMARA', 35, '', '', 'ROBERVAL CONCEIÇAO DO BOMFIM', 'RITA AMORIM DO BOMFIM', '', '0000-00-00', '', '', '8526-0880', '', 'RUA LAURO DE FREITAS, 16', 'PAU MIUDO', 5, '40310460', 'BA', 'SSA', 'ALEX', 'IG. B. ALTO DO CRUZEIRO', '', '2013-06-09', 3, 6, '0000-00-00', 'AGUARDANDO CARTA DE TRANSFERENCIA', '2013-07-27', 0),
(976, '', 'img_masc.jpg', 'CARLOS VIDAL PEREIRA DE OLIVEIRA', '1978-10-29', 37, 4, 2, 'UFBA', '3283-7144', '0660182939', 35, 'ARQUIVO PUBLICO DA BAHIA', '3116-1260', 'VIDAL HEMETERIO DE OLIVEIRA FILHO', 'CREUSA PEREIRA DO CARMO', 'ANGELA VALVERDE SANTOS DE OLIVEIRA', '2002-03-28', 'IG. B. SHALON ADONAI', 'O+', '4101-3711', '', 'RUA FREITAS HENRIQUE DE CIMA, 50, AP 02', 'CAIXA DAGUA', 7, '40320150', 'BA', 'SSA', 'JOSERRISE DE BARROS NASCIMENTO', 'IG. B. SHALON ADONAI', '3381-7768', '2013-03-03', 3, 6, '0000-00-00', 'AGUARDANDO CARTA DE TRANSFERENCIA', '2013-07-27', 0),
(977, '', 'img_fem.jpg', 'ANGELA VALVERDE SANTOS DE OLIVEIRA', '1976-08-18', 38, 8, 2, '', '', '0880970561', 35, '', '', 'JOSE HAMBELINO DOS SANTOS', 'AMENAIDE MARIA VALVERDE SANTOS', 'CARLOS VIDAL PEREIRA DE OLIVEIRA', '2002-03-28', 'IG. B. SHALON ADONAI', '', '4101-3711', '', 'RUA FREITAS HENRIQUE DE CIMA, 50, AP 02', 'CAIXA DAGUA', 7, '40320150', 'BA', 'SSA', 'JOSERRISE DE BARROS NASCIMENTO', 'IG. B. SHALON ADONAI', '3381-7768', '2013-03-03', 3, 6, '0000-00-00', 'AGUARDANDO CARTA DE TRANSFERENCIA', '2013-07-27', 0),
(978, '', 'img_masc.jpg', 'AILTON DOS ANJOS SOUSA', '1971-03-13', 37, 3, 2, '', '', 'AILTON', 61, 'AUTONOMO', '3381-7958 / 8801-3703', 'ALVINO SOUSA', 'MARIA DE LOURDES DOS ANJOS SOUSA', 'DEISE  COSTA DE PAULA SOUSA', '1995-12-02', 'SSA', '', '8801-3703', '', 'RUA DR. GENESIO SALES, 575, AP 304', 'VILA LAURA', 34, '40270240', 'BA', 'SSA', 'GILBERTO CARNEIRO', 'IG. B. HEBROM', '', '2012-12-02', 3, 6, '0000-00-00', 'OK EM 14/12/2012', '2013-07-27', 0),
(979, '', 'img_fem.jpg', 'JOVECI COSTA BORGES', '1950-07-28', 38, 3, 5, '', '', '93082029', 39, 'ESCOLA KATE WHITE', '3329-5679', 'JOSE COSTA PEREIRA (IN MEMORIAN)', 'JOSEFA FERNANDES DA CONCEIÇAO (IN MEMORIAN)', 'ANTONIO CARLOS BORGES', '0000-00-00', '', 'AB+', '3382-7288 / 8632-6641', '', 'AV. SAO ROQUE, 1ª TV. 37', 'CAIXA DAGUA', 7, '40320120', 'BA', 'SSA', 'ITAGUARACY', 'IBF', '', '0000-00-00', 2, 6, '0000-00-00', 'CPF: 061.951.055-20', '2013-07-28', 0),
(980, '', 'img_fem.jpg', 'NILCELINA MENDES DE JESUS TORRES', '1947-09-28', 38, 4, 2, '', '', '47817402', 9, 'SEC (CEEPSAT)', '3244-4140', 'LUIZ MENDES DE JESUS (IN MEMORIAN)', 'MARIA VERISSIMO DE JESUS (IN MEMORIAN)', 'JORGE CARLOS DOS SANTOS TORRES', '1983-01-15', 'IBF', 'AB+', '3233-1059', '', 'RUA BERNARDO SPECTOR, 337, ED. VILA VERDE, AP 301', 'VILA LAURA', 34, '40270220', 'BA', 'SSA', 'ANTONIO NASCIMENTO FILHO', 'IBF', '', '0000-00-00', 2, 3, '0000-00-00', 'CPF: 083.189.485-72', '2013-07-28', 0),
(981, '', 'img_masc.jpg', 'SERGIO GUSTAVO DA SILVA LIMA', '1978-08-20', 37, 7, 2, '', '', '0564989266', 5, 'AUTONOMO', '8714-5114 / 9242-6834', 'MARIO SERGIO DE LIMA', 'IRAILDES SANTOS DA SILVA', 'JULIANA COSTA DE FRANÇA LIMA', '2011-03-26', 'IBF', '', '3022-6468', '', 'RUA FREITAS HENRIQUE DE CIMA, 100', 'CAIXA DAGUA', 7, '40320150', 'BA', 'SSA', 'ELIEL LOUREIRO', 'IBF', '', '0000-00-00', 2, 6, '0000-00-00', '', '2013-07-28', 0),
(982, '', 'img_masc.jpg', 'HEITOR SANTANA DE JESUS', '1996-04-01', 37, 11, 1, 'CLASSE IV', '', 'HEITOR', 36, '', '', 'ROBSON LUIS PINHO DE JESUS', '...', '', '0000-00-00', '', '', '3234-0987', '', 'RUA 1º DEZEMBRO, 44', 'PAU MIUDO', 5, '40313590', 'BA', 'SSA', '', 'IG. B. MANANCIAL', '', '2013-06-09', 4, 3, '2016-04-04', 'IGREJA AO QUAL FREQUENTAVA / DESLIGADO DO ROL DE MEMBROS POR AUSÊNCIA EM 04/04/2016', '2013-07-28', 0),
(983, '', 'img_fem.jpg', 'ELIANE PEREIRA BORGES BATISTA', '1979-08-30', 38, 3, 2, '', '', '0660012502', 66, 'LOSANGO PROMOÇOES VENDAS', '3525-6044', 'ELIEZER BORGES', 'ELISA PEREIRA SANTANA', 'ORLANDO JONATAS DOS SANTOS BATISTA', '2007-04-12', 'CARTORIO', '', '8713-5327', '', 'RUA NEVES DA ROCHA, 3 TERREO', 'CAIXA DAGUA', 7, '40320530', 'BA', 'SSA', 'JOAO PINHEIRO', '1ª IG. B. PIRAJA', '', '2013-04-16', 1, 6, '0000-00-00', '', '2013-07-28', 0),
(984, '', 'img_fem.jpg', 'EDNA SOUSA NASCIMENTO', '1956-04-06', 38, 3, 4, '', '', '0092335047', 26, 'CORREIOS', '3346-2713', '(IN MEMORIAN)', '(IN MEMORIAN)', '', '0000-00-00', '', 'A+', '3382-9432 / 8650-0483', '', '1ª TRAVESSA DA MANDICHURIA, 39, 1º ANDAR', 'CAIXA DAGUA', 7, '40320570', 'BA', 'SSA', 'SERGIO', 'I CONGREGACIONAL SALVADOR', '', '2013-04-07', 1, 6, '0000-00-00', '', '2013-07-28', 0),
(985, '', 'img_masc.jpg', 'JAIRO MAGNO DOS SANTOS', '1993-06-19', 37, 10, 1, 'SENAI - DENDENZEIROS', '', '1000150690', 43, 'TECNICO EM EDIFICAÇOES', '', 'JAIME ROMUALDO DOS SANTOS', 'RAIMUNDA BONFIM MAGNO DOS SANTOS', '', '0000-00-00', '', '', '9230-3287', '', 'RUA FREITAS HENRIQUE, 21', 'CAIXA DAGUA', 7, '40320150', 'BA', 'SSA', 'ADEMILSON PINHO', 'IG. B. NACIONAL BOAS NOVAS', '', '2013-04-07', 1, 6, '0000-00-00', '', '2013-07-28', 0),
(986, '', 'img_masc.jpg', 'MARCIO ARAUJO DA SILVA', '1972-08-04', 37, 3, 2, '', '', '0396698824', 54, 'PROJETO EDUCAR', '', 'MANOEL GUTEMBERG DA SILVA', 'LICIA MARIA ARAUJO DA SILVA', 'MONICA DE JESUS DAMASCENO DA SILVA', '2000-06-10', 'QUADRANGULAR', '', '8746-7206 / 3382-5211', '', 'AV. TELES, 08', 'CAIXA DAGUA', 7, '40320300', 'BA', 'SSA', 'WILSON MARQUES', 'IG. QUADRANGULAR', '', '2013-06-09', 1, 3, '2016-04-04', 'DESLIGADO DO ROL DE MEMBROS POR AUSÊNCIA EM 04/04/2016 - FREQUENTANDO A QUADRANGULAR', '2013-07-28', 0),
(987, '', 'img_masc.jpg', 'MARCOS VINICIUS SOLON COSTA', '1999-11-01', 37, 2, 1, 'PEQUENA LUZ', '', '1334427569', 36, '', '', 'ANDRE LUIS DE SOUZA COSTA', 'VALDINEIA SOLON COSTA', '', '0000-00-00', '', 'O+', '3258-0809', '', 'RUA DO PARQUE', 'CAIXA DAGUA', 7, '40320460', 'BA', 'SSA', '', 'UNIVERSAL', '', '2013-05-05', 1, 6, '0000-00-00', '', '2013-07-28', 0),
(988, '', 'img_fem.jpg', 'QUEILA BORGES BASTOS', '1983-07-29', 38, 7, 1, 'FACULDADE BATISTA BRASILEIRA', '', '0833862030', 51, 'AGUA DE CHEIRO', '', 'JOAO EVANGELISTA SANTOS BASTOS', 'MARISETE BORGES', '', '0000-00-00', '', '', '8651-9908', '', 'RUA ELMANO SILVEIRA COSTA, 21B', 'IAPI', 8, '40323215', 'BA', 'SSA', '', 'UNIVERSAL', '', '2013-05-05', 1, 6, '0000-00-00', '', '2013-07-28', 0),
(989, '', 'img_fem.jpg', 'VALDINEA SOLON COSTA', '1971-06-15', 38, 2, 6, '', '', '475882253', 58, 'AUTONOMA', '8893-0400', 'MAXIMILIANO COSTA', 'HILDETE BARBOSA SOLON', '', '0000-00-00', '', '', '8893-0400', '', 'RUA DO PARQUE, 21, 1º ANDAR', 'CAIXA DAGUA', 7, '40320460', 'BA', 'SSA', 'ANDRE', 'UNIVERSAL', '', '2013-05-05', 1, 6, '0000-00-00', '', '2013-07-28', 0),
(991, '', 'img_masc.jpg', 'ELIEL DO NASCIMENTO SUEIRA', '1966-09-17', 37, 3, 2, '', '', '0204763029', 4, '', '', 'FRANCINO GOMES SUEIRA', 'IRACEMA DO NASCIMENTO SUEIRA', 'PATRICIA CRISTINA PEREIRA DE SOUZA SUEIRA', '0000-00-00', '', '', '98712-4878 / 99118-8493', '', 'RUA DIRETA DAS PITANGUEIRAS, 78, CASA, 1º ANDAR', 'FAZENDA GRANDE DO RETIRO', 54, '40353150', 'BA', 'SSA', 'FERNANDO TEIXEIRA', '1ª IG. B. DA FAZENDA GRANDE', '', '2013-05-05', 1, 6, '0000-00-00', '', '2013-07-28', 0),
(992, '', 'img_masc.jpg', 'ANDRE LUIZ DE SOUZA COSTA', '1962-09-18', 37, 3, 6, '', '', '160123305', 35, 'AUXILIAR ADM - QTRANS - TRANSPORTE RODOVIARIO', '4117-1076', 'JOEL ANTONIO COSTA', 'AURELINA DE SOUZA COSTA', '', '0000-00-00', '', 'O+', '8758-8216', '', 'RUA DO PARQUE, 21, 1º ANDAR', 'CAIXA DAGUA', 7, '40320460', 'BA', 'SSA', 'DENILSON', 'BATISTA MUNDIAL', '', '2013-05-05', 1, 6, '0000-00-00', 'RECONCILIAÇAO EM 14/04/2013', '2013-07-28', 0),
(993, '', 'img_fem.jpg', 'EVELIM BEATRIZ F. DE ANDRADE', '1995-06-19', 38, 3, 1, 'ANISIO TEIXEIRA', '3233-6895 / 3382-876', 'EVELIM', 36, '', '', 'ADILSON ROQUE ANDRADE', 'EDELZUITA F. ANDRADE', '', '0000-00-00', '', '', '8710-6852', '', 'TV. QUINTA DOS LAZAROS', 'CIDADE NOVA', 83, '', 'BA', 'SSA', 'JOSE VIEIRA', 'QUADRANGULAR', '', '2013-04-07', 1, 6, '0000-00-00', '', '2013-07-28', 0),
(994, '', 'img_fem.jpg', 'LARISSA DOS SANTOS SILVA MATOS', '1986-03-25', 38, 7, 1, '', '', '0875567312', 9, '', '', 'REINALDO BONFIM SANTOS MATOS', 'GRACY KELLY PAULO DOS SANTOS SILVA MATOS', '', '0000-00-00', '', 'A+', '9117-7805', '', 'CONJ. ARVOREDO, 73, COND. VALE DO SOL ED. CARDEAL, AP 003', 'TANCREDO NEVES', 87, '41205255', 'BA', 'SSA', 'JARBAS', 'RENASCER EM CRISTO', '', '2013-04-07', 1, 3, '0000-00-00', 'CASOU-SE E SISTEMA NÃO ESTÁ EXCLUINDO. JÁ EXISTE NOVO CADASTRO', '2013-07-28', 0),
(995, '', 'img_masc.jpg', 'ANTONIO PEDREIRA NETO', '1965-10-21', 37, 11, 4, '', '', '0388018259', 35, '', '', 'JORGELIDES DE ARAGAO PEDREIRA', 'REGINA DA CONCEIÇÃO', '', '0000-00-00', '', 'O+', '3234-2411', '', 'TV. JOANA DARC, 10', 'CAIXA DAGUA', 7, '40320650', 'BA', 'SSA', 'JORGE BEZERRA', 'IBF', '', '2013-08-18', 2, 3, '2016-04-04', 'DESLIGADO DO ROL DE MEMBROS POR AUSÊNCIA EM 04/04/2016', '2013-08-21', 0),
(996, '', 'img_fem.jpg', 'ANDRESA RAIMUNDA GUERREIRO', '1977-06-09', 38, 11, 2, '', '', 'ANDRESA', 35, '', '', 'JOSE DA SILVA GUERREIRO', 'ANA MARIA DA CRUZ GUERREIRO', 'EDNEI', '0000-00-00', '', '', '8179-3691 / 8613-4355', '', 'R. PROF. ITAZIL BENICIO, ED. STO AGOSTINHO, AP 101', 'MATA ESCURA', 39, '41219060', 'BA', 'SSA', 'JORGE BEZERRA', 'IBF', '', '2013-08-18', 2, 6, '0000-00-00', '', '2013-08-21', 0),
(997, '', 'img_fem.jpg', 'DANIELA CRISTINA CRUZ GUERREIRO', '1979-07-19', 38, 11, 1, '', '', '0701882891', 35, '', '', 'JOSE DA SILVA GUERREIRO', 'ANA MARIA DA CRUZ GUERREIRO', '', '0000-00-00', '', 'O+', '8181-3983', '', 'CONJ. CHACARA DO CABULA, BL 20, AP 301', 'CABULA', 32, '41150030', 'BA', 'SSA', 'JORGE BEZERRA', 'IBF', '', '2013-08-18', 2, 6, '0000-00-00', '', '2013-08-21', 0),
(998, '', 'img_fem.jpg', 'ODETE LARA CRUZ GUERREIRO DOS SANTOS', '1998-09-21', 38, 11, 1, '', '', 'ODETE', 36, '', '', 'ANDRE BARROS DOS SANTOS', 'DANIELA CRISTINA CRUZ GUERREIRO', '', '0000-00-00', '', 'O+', '8371-6848', '', 'PÇ. JOAO GUILHERME DE BARROS ROCHA, 14', 'CAIXA DAGUA', 7, '40321010', 'BA', 'SSA', 'JORGE BEZERRA', 'IBF', '', '2013-08-18', 2, 6, '0000-00-00', '', '2013-08-21', 0),
(999, '', 'img_fem.jpg', 'VANILDES MELO PAES COELHO GUERREIRO', '1983-12-20', 38, 11, 2, '', '', 'VANILDES', 35, '', '', 'VALTER MARTINS PAES COELHO', 'RENILDES MELO PAES COELHO', 'JORGE LUIZ CRUZ GUERREIRO', '2006-07-21', 'MOSSORO-RN', '', '98888-0884 / 99145-6673', '', 'RUA ABAIRA, S/N, COND. SOLAR DAS ARVORES, BL 62, A', 'RESGATE', 24, '41152105', 'BA', 'SSA', 'JORGE BEZERRA', 'IBF', '', '2013-08-18', 2, 3, '2016-08-08', 'RUA ABAIRA, S/N, COND. SOLAR DAS ARVORES, BL 62, AP 302 / SOLICITOU TRANSFERENCIA PARA IGREJA BATISTA DA GRAÇA', '2013-08-21', 0),
(1000, '', 'img_fem.jpg', 'LYZ KATHARINA COELHO GUERREIRO', '2002-03-27', 38, 11, 1, '', '', 'LYZ', 36, '', '', 'JORGE LUIZ CRUZ GUERREIRO', 'VANILDES MELO PAES COELHO GUERREIRO', '', '0000-00-00', '', '', '3306-0699 / 98739-8048', '', 'RUA ABAIRA, S/N, COND. SOLAR DAS ARVORES, BL 62, A', 'CABULA', 32, '42152105', 'BA', 'SSA', 'JORGE BEZERRA', 'IBF', '', '2013-08-18', 2, 3, '2016-08-08', 'RUA ABAIRA, S/N, COND. SOLAR DAS ARVORES, BL 62, AP 302 / SOLICITOU TRANSFERENCIA PARA IGREJA BATISTA DA GRAÇA', '2013-08-21', 0),
(1001, '', 'img_fem.jpg', 'VERA LUCIA BACELAR DE JESUS', '1959-05-27', 38, 11, 2, '', '', 'VERA', 35, '', '', 'VALDIR BACELAR', 'FORTUNATA DOS SANTOS', 'GILDASIO SOUZA DE JESUS', '0000-00-00', '', 'O+', '3382-4348', '', '2ª TRAV. MANOEL DRUMOND, 11', 'CAIXA DAGUA', 7, '40320195', 'BA', 'SSA', 'JORGE BEZERRA', 'IBF', '', '2013-08-18', 2, 3, '2016-04-04', 'DESLIGADO DO ROL DE MEMBROS POR AUSÊNCIA EM 04/04/2016 - FREQUENTANDO A IGREJA ADVENTISTA', '2013-08-21', 0),
(1002, '', 'img_fem.jpg', 'BRUNA SANTOS DOS SANTOS', '1994-05-31', 38, 3, 1, '', '', 'BRUNA', 35, '', '', 'ADELMO PEREIRA DOS SANTOS', 'CLAUDIA SANTOS', '', '0000-00-00', '', '', '8627-1322', '', 'RUA NOVA DIVINEIA, 2E', 'IAPI', 8, '40323320', 'BA', 'SSA', 'JORGE BEZERRA', 'IBF', '', '2013-08-18', 2, 6, '0000-00-00', '', '2013-08-21', 0),
(1003, '', 'img_fem.jpg', 'ROSILENE NUNES DA SILVA', '1966-12-22', 38, 11, 1, '', '', 'ROSILENE', 35, '', '', 'IGNORADO', 'ROSA NUNES DA SILVA', '', '0000-00-00', '', '', '3233-4509', '', 'RUA 20 DE AGOSTO, AV. IPÊ, 119', 'PAU MIUDO', 5, '40310610', 'BA', 'SSA', 'JORGE BEZERRA', 'IBF', '', '2013-08-18', 2, 6, '0000-00-00', '', '2013-08-21', 0),
(1004, '', 'img_fem.jpg', 'CAMILA COSTA MACIEL', '1998-08-24', 38, 11, 1, '', '', 'CAMILA', 36, '', '', 'VALBER DA SILVA PINTO', 'MARIA CONCEIÇÃO COSTA MACIEL', '', '0000-00-00', '', 'A+', '3389-9838', '', 'RUA 2ª MANDICHURIA, 55', 'CAIXA DAGUA', 7, '40320630', 'BA', 'SSA', 'JORGE BEZERRA', 'IBF', '', '2013-08-18', 2, 6, '0000-00-00', '', '2013-08-21', 0),
(1005, '', 'img_fem.jpg', 'MARI DE SOUSA DULTRA', '1962-05-03', 38, 11, 2, '', '', '142496421', 35, '', '', 'PERCILIANO DE SOUSA', 'ESMERALDA NASCIMENTO DE SOUSA', 'ELIEZER FERREIRA DULTRA', '1986-01-11', '', 'O+', '3258-5985', '', '2ª TRAV. MANDICHURIA, 28', 'CAIXA DAGUA', 7, '40320185', 'BA', 'SSA', 'JORGE BEZERRA', 'IBF', '', '2013-08-18', 2, 6, '0000-00-00', '', '2013-08-21', 0),
(1006, '', 'img_masc.jpg', 'JONATAS SOUSA SILVA PEREIRA', '1993-04-11', 37, 7, 1, 'UNIFACS / UFBA', '', 'JONATAS', 36, '', '', 'ARNALDO DE JESUS PEREIRA FILHO', 'CRISTIANE DE SOUSA SILVA PEREIRA', '', '0000-00-00', '', '', '8718-6355 / 3234-5867', '', 'RUA 2 DE FEVEREIRO, 39A', 'CIDADE NOVA', 83, '40314150', 'BA', 'Salvador', 'FELIX', 'IG. B. DO SALVADOR', '', '2013-08-04', 3, 6, '0000-00-00', '', '2013-08-28', 0),
(1007, '', 'img_masc.jpg', 'LEANDRO VINICIUS OLIVEIRA FREIRE', '1995-08-19', 37, 11, 1, '', '', '1513667483', 36, '', '', 'LEADINO PEREIRA FREIRE', 'CRISTINA AGAPITO', '', '0000-00-00', '', '', '', '', 'RUA 3 DE NOVEMBRO, 43', 'PAU MIUDO', 5, '40315470', 'BA', 'Salvador', 'JULIVAL', 'ALTO DO CRUZEIRO', '', '2013-08-04', 3, 6, '0000-00-00', '', '2013-08-28', 0),
(1008, '', 'img_fem.jpg', 'JOELE CORREA DA ANUNCIAÇÃO', '1987-05-02', 38, 4, 1, '', '', '0925986330', 108, '', '', 'JOEL RODRIGUES DA ANUNCIAÇÃO', 'LENICE CORREA DA ANUNCIAÇÃO', '', '0000-00-00', '', 'A+', '8633-8486 / 9179-4312', '', 'RUA DOMINGOS SAVIO, ED. CARLITO, 66, APTO 301', 'NAZARE', 40, '40050520', 'BA', 'SSA', '', 'BATISTA DO SALVADOR', '', '2013-09-22', 3, 6, '0000-00-00', '', '2013-10-10', 0),
(1009, '', 'img_fem.jpg', 'JACIRA DA ROCHA LIMA', '1944-06-21', 38, 4, 5, '', '', '818063', 39, '', '', 'DOMINGOS JOSE DA SILVA', 'MARIA MADALENA DA ROCHA SILVA', '', '0000-00-00', '', '', '3356-6085 / 8624-9082 / 3386-5', '', '1ª TRAVESSA SÃO TOMÉ, 8, 1º ANDAR', 'CAIXA DAGUA', 7, '40320125', 'BA', 'SSA', 'RICARDO BUCK', 'BATISTA REGULAR DO CIA', '', '2013-09-22', 1, 6, '0000-00-00', 'NA IDENTIDADE A DATA DE NASCIMENTO É 21/07/1943', '2013-10-10', 0),
(1010, '', 'img_fem.jpg', 'ELOINA ARAUJO PEREIRA', '1979-02-19', 38, 3, 1, '', '', '0662827805', 35, '', '', 'ANTONIO APOLONIO PEREIRA', 'IRACY ARAUJO PEREIRA', '', '0000-00-00', '', '', '8253-3566', 'ELOINA_ARAUJO@HOTMAIL.COM', 'AV. WALTER CAJAZEIRA, 90', 'CAIXA DAGUA', 7, '40320450', 'BA', 'SS', 'ARILTON', '1ª IGREJA BATISTA', '', '2013-11-10', 1, 6, '0000-00-00', '', '2013-11-19', 0),
(1011, '', 'img_fem.jpg', 'ROSENI SANTOS DA PAIXAO', '1968-07-28', 38, 2, 5, '', '', '0569544416', 35, '', '', 'VALDEMIRO SANTOS', 'TEONILA ROSA RIBEIRO', 'EDSON CLOVIS DA PAIXAO', '0000-00-00', 'IBF', '', '8676-6039', '', 'RUA MANOEL DRUMOND, 80', 'CAIXA DAGUA', 7, '40320670', 'BA', 'SALVADOR', 'SILAS ARAUJO MATOS', 'IBF', '', '2013-11-10', 4, 1, '0000-00-00', 'BATISMO EM 1983 / FALECIDA EM 08/05/2016', '2013-11-19', 0),
(1012, '', 'img_masc.jpg', 'ANTONIO PAIM ROCHA', '1959-12-19', 37, 3, 1, '', '', '128706848', 35, 'GARÇOM', '', 'NAPOLEAO SAMPAIO ROCHA', 'MARIA DAS MERCES PAIM ROCHA', '', '0000-00-00', '', 'O+', '8602-9769 / 9371-6889', '', 'RUA MANOEL DRUMOND, 51', 'CAIXA DAGUA', 7, '40320700', 'BA', 'SALVADOR', 'GONÇALVES', 'INTERNACIONAL DA GRAÇA', '', '2013-11-10', 1, 6, '0000-00-00', '', '2013-11-19', 0),
(1013, '', 'img_masc.jpg', 'ELTON CARRILHO VILAS BOAS', '1987-10-08', 37, 7, 1, '', '', 'ELTON', 36, 'ESTAGIO HSR', '', 'OSVALDO DE JESUS VILAS BOAS', 'JUREMA SANTOS CARRILHO', '', '0000-00-00', '', '', '8664-9073 / 9303-4051 / 3276-0', '', 'RUA PAULO AFONSO, 176', 'CANDEAL', 41, '40296340', 'BA', 'SALVADOR', '', 'BEREANOS', '', '2013-10-13', 1, 3, '2016-09-12', 'BATIZADO EM 2006 / DESLIGADO EM 12/09/2016 APOS REUNIAO DO CAPI NO DIA 11/09/2016', '2013-11-19', 0),
(1014, '', 'img_fem.jpg', 'ADRIANA SANTOS VIANA', '1972-05-16', 38, 11, 1, '', '', '0489790828', 35, '', '', 'ANTONIO CRUZ VIANA', 'MARIA CELIA SANTOS VIANA', '', '0000-00-00', '', '', '8753-6534', '', 'RUA MADUREIRA DE PINHO, 22', 'CAIXA DAGUA', 7, '40323080', 'BA', 'SALVADOR', 'JORGE BEZERRA', '', '', '2013-12-01', 2, 6, '0000-00-00', '', '2014-01-01', 0),
(1015, '', 'img_masc.jpg', 'AILTON DO ESPIRITO SANTO', '1956-01-15', 37, 3, 2, '', '', '854051', 73, '', '', 'AMAURIO DO ESPIRITO SANTOS', 'ANTONIETA DOS SANTOS', 'NOEMIA SAMPAIO BISPO', '0000-00-00', '', '', '99352-4388 / 98779-5817', '', 'RUA BRASILIA, 190, 1º ANDAR SUAPE', 'SUEPE', 89, '', 'BA', 'MADRE DE DEUS', 'JORGE BEZERRA', '', '', '2013-12-01', 2, 6, '0000-00-00', 'ATUALIZAÇAO EM 25/08/2017', '2014-01-01', 0),
(1016, '', 'img_masc.jpg', 'PAULO EMMANUEL CARVALHO DA SILVA', '1999-10-13', 37, 3, 1, 'BATISTA RIBEIRO', '', '1411283562', 36, '', '', 'PAULO BORGES DA SILVA', 'SUELY CARVALHO ARGOLO DA SILVA', '', '0000-00-00', '', 'A+', '3244-2759', '', 'RUA AURELIO RODRIGUES DA SILVA, 18', 'CAIXA DAGUA', 7, '40320050', 'BA', 'SALVADOR', 'JORGE BEZERRA', '', '', '2013-12-01', 2, 6, '0000-00-00', '', '2014-01-01', 0),
(1017, '', 'img_fem.jpg', 'ARLINDA DE SOUZA SANTOS', '1982-10-30', 38, 1, 2, '', '', '0826298389', 38, '', '', 'ANTONIO DIONIZIO DE SOUZA', 'JULIA DE JESUS SANTOS', 'LAZARO MANUEL SANTANA SANTOS', '2008-10-09', 'FORUM RUY BARBOSA', '', '8658-9682', '', 'AV. LEITE, 26 CASA', 'CAIXA DAGUA', 7, '40320395', 'BA', 'SALVADOR', 'JORGE BEZERRA', '', '', '2013-12-01', 2, 6, '0000-00-00', '', '2014-01-01', 0),
(1018, '', 'img_fem.jpg', 'GISLENE LEFUNDES MENDES', '1979-03-01', 38, 7, 4, 'FACULDADE DOM PEDRO I', '', '0790677350', 35, 'MINAS SUPERMERCADO', '3388-2000', 'RAIMUNDO SANTANA MENDES', 'VANISE LEFUNDES MENDES', '', '0000-00-00', '', 'O+', '3256-3781', '', 'RUA PEDRO IVO, 7', 'CAIXA DAGUA', 7, '40320010', 'BA', 'SALVADOR', 'JORGE BEZERRA', '', '', '2013-12-01', 2, 6, '0000-00-00', '', '2014-01-01', 0),
(1028, '', 'img_fem.jpg', 'MARIA CLÁUDIA RODRIGUES DOS SANTOS', '1978-10-05', 38, 4, 1, '', '', '00000000000', 9, '', '', 'ANTONIO RODRIGUES DOS SANTOS', 'RITA MARIA DOS SANTOS', '', '0000-00-00', '', 'O+', '3386-6872 / 82758515', 'marymissionaria7@hotmail.com', 'AVENIDA BOMFIM Nº 17', 'PERO VAZ', 64, '40340120', 'BA', 'SALVADOR', 'ITAGUARACY BRITO', 'IGREJA BATISTA FILADELFIA', '', '0000-00-00', 2, 6, '0000-00-00', '', '2014-01-29', 0),
(1020, '', 'img_fem.jpg', 'CREUSA RODRIGUES DE ALMEIDA CARVALHO', '1955-11-03', 38, 3, 2, '', '', '85114707', 9, '', '', 'WALDEMAR BARBOSA DE ALMEIDA', 'JUDITE RODRIGUES DA SILVA ALMEIDA', 'ROGERIO CARLOS SOUZA DE CARVALHO', '1977-12-10', 'IGREJA SANTO ANTONIO ALEM DO CARMO', 'B-', '3386-3617', '', 'RUA SALDANHA MARINHO 133', 'CAIXA DAGUA', 7, '40323010', 'BA', 'SALVADOR', 'JORGE BEZERRA', '', '', '2013-12-01', 2, 6, '0000-00-00', '', '2014-01-01', 0),
(1021, '', 'img_fem.jpg', 'BEATRIZ LEFUNDES M. DA CONCEIÇAO', '2000-08-07', 38, 1, 1, 'ANTONIO DE PADUA', '3021-0357', 'BEATRIZ', 36, '', '', 'ELIZEU OLIVEIRA DA CONCEIÇAO', 'GISLENE LEFUNDES MENDES', '', '0000-00-00', '', 'O+', '3256-3781 /9715-5062', '', 'RUA PEDRO IVO, 7', 'CAIXA DAGUA', 7, '40320010', 'BA', 'SALVADOR', 'JORGE BEZERRA', '', '', '2013-12-01', 2, 6, '0000-00-00', '', '2014-01-01', 0),
(1022, '', 'img_masc.jpg', 'LAZARO MANUEL SANTANA SANTOS', '1963-08-19', 37, 1, 2, '', '', '179477404', 35, 'MF SEGURANÇA PATRIMONIAL LTDA', '2108-2640', 'JAIME FRANCISCO DOS SANTOS', 'ANTONIETA MARQUES SANTANA', 'ARLINDA DE SOUZA SANTOS', '2008-10-09', 'FORUM RUY BARBOSA', '', '8658-9682', '', 'AV. LEITE, 26 CASA', 'CAIXA DAGUA', 7, '40320395', 'BA', 'SALVADOR', 'JORGE BEZERRA', '', '', '2013-12-01', 2, 6, '0000-00-00', '', '2014-01-01', 0),
(1023, '', 'img_fem.jpg', 'NATAIANE NASCIMENTO BARBOSA', '1991-12-25', 38, 3, 1, '', '', '1486471897', 66, '', '', 'PAULO JOSE GONÇALVES BARBOSA', 'MARIA JOSE DA SILVA NASCIMENTO', '', '0000-00-00', '', '', '8843-9885', '', 'RUA 19 DE MAIO, TV. SAO LUIS, 15', 'BROTAS', 75, '40285870', 'BA', 'SALVADOR', 'JORGE BEZERRA', '', '', '2013-12-01', 2, 6, '0000-00-00', '', '2014-01-01', 0),
(1024, '', 'img_fem.jpg', 'RITA DE CASSIA DOS SANTOS', '1983-01-20', 38, 7, 2, 'ESTACIO DE SA - FIB', '', '0988104059', 35, 'BISPO COSTA ADVOGADOS ASSOCIADOS', '', 'ANTONIO MANOEL DOS SANTOS', 'MARIA ELIZABETE RAMOS DA SILVA SANTOS', 'ELTON CONCEIÇAO SANTOS', '2013-08-07', 'FORUM RUY BARBOSA', '', '8708-4844', '', 'AV. SETE DE SETEMBRO, 2141', 'VITORIA', 88, '40080002', 'BA', 'SALVADOR', 'JORGE BEZERRA', '', '', '2013-12-01', 2, 3, '2016-09-12', 'DESLIGADO EM 12/09/2016 APOS REUNIAO DO CAPI NO DIA 11/09/2016', '2014-01-01', 0),
(1025, '', 'img_fem.jpg', 'VANESSA EMILY DA CRUZ', '1993-12-18', 38, 3, 1, '', '', '14857169170', 35, '', '', '', 'VANIA DA LUZ CRUZ', '', '0000-00-00', '', '', '3381-3443', '', 'RUA 07 DE JANEIRO, 112', 'CIDADE NOVA', 83, '40313170', 'BA', 'SALVADOR', 'LUIS', 'UNIVERSAL DO REINO DE DEUS', '', '2013-12-01', 1, 6, '0000-00-00', '', '2014-01-01', 0),
(1026, '', 'img_fem.jpg', 'MARCIA FREITAS DOS SANTOS', '1919-05-19', 38, 7, 1, '', '', '5080956', 47, 'HOSPITAL ANA NERY', '', 'AUGUSTO BISPO DOS SANTOS', 'MARIA DO CARMO F. DE FREITAS', '', '0000-00-00', '', 'O+', '8782-9434', '', 'RUA MANOEL DRUMOND, 31 TERREO', 'CAIXA DAGUA', 7, '40320670', 'BA', 'SALVADOR', 'FELIX', 'BATISTA DO SALVADOR', '', '2011-11-24', 3, 6, '0000-00-00', '', '2014-01-01', 0),
(1027, '', 'img_fem.jpg', 'FLAVIA DANIELE NASCIMENTO DA HORA', '1986-05-12', 38, 4, 1, '', '', '0998119954', 35, '', '', 'LEONIDAS MOREIRA DA HORA', 'EDNA SOUSA NASCIMENTO', '', '0000-00-00', '', '', '8844-6427 / 9305-8112', '', 'TV. 1ª MANDICHURIA, 39, 1º ANDAR', 'CAIXA DAGUA', 7, '40320085', 'BA', 'SALVADOR', 'LEONEIR', 'CONGREGACIONAL DE SALVADOR', '3326-2493', '0000-00-00', 1, 6, '0000-00-00', '', '2014-01-01', 0),
(1029, '', 'img_fem.jpg', 'MARIA DAS GRAÇAS QUERINO SANTANA', '1961-04-25', 38, 3, 2, '', '', '0127856102', 11, 'REVENDEDORA BOTICARIO', '', 'VIVALDO DIAS QUERINO', 'JOSELITA RIBEIRO QUERINO', 'JEBNIEL SANTANA', '1982-12-29', 'FORUM IAPI', '', '8627-6813', '', 'RUA FREITAS HENRIQUE DE CIMA, 97', 'CAIXA DAGUA', 7, '40320165', 'BA', 'SALVADOR', 'ZORAIDE', 'DEUS É AMOR', '', '2013-12-31', 1, 6, '0000-00-00', '', '2014-02-07', 0),
(1030, '', 'img_fem.jpg', 'NOEMIA SAMPAIO BISPO', '1962-01-08', 38, 3, 2, '', '', '157849830', 39, '', '', 'DOMINGOS FERREIRA BISPO', 'JANICE SAMPAIO BISPO', 'AILTON DO ESPIRITO SANTO', '2013-09-29', '', '', '99352-4388 / 98779-5817', '', 'RUA BRASILIA, 190, 1º ANDAR SUAPE', 'SUAPE', 89, '', 'BA', 'MADRE DE DEUS', 'MISAEL SENA E SILVA', '1ª IG. BATISTA DE AMARGOSA', '', '2013-12-31', 1, 6, '0000-00-00', 'ATUALIZAÇAO EM 25/08/2017', '2014-02-07', 0),
(1031, '', 'img_masc.jpg', 'JEBNIEL SANTANA', '1960-10-22', 37, 3, 2, '', '', '01269771', 35, 'VIGILANTE / PINTOR', '', 'JOAO SANTANA', 'JOANA SANTANA', 'MARIA DAS GRAÇAS QUERINO SANTANA', '1982-12-29', 'FORUM IAPI', '', '8646-2809', '', 'RUA FREITAS HENRIQUE DE CIMA, 97', 'CAIXA DAGUA', 7, '40320165', 'BA', 'SALVADOR', 'ADIMILSON', 'BATISTA NACIONAL BOAS NOVAS', '', '2013-12-31', 1, 6, '0000-00-00', '', '2014-02-07', 0),
(1032, '', 'img_masc.jpg', 'MARCELO VIANA MENEZES', '1968-10-17', 37, 3, 2, 'ICEIA', '', '0299649970', 2, 'ICIBRASILMAQUINAS', '3389-7352', 'MARTINHO MENEZES FILHO', 'LICIA MARIA VIANA MENEZES', 'RITA DE CASSIA SILVEIRA BARRETO MENEZES', '1992-10-31', 'IGREJA SANTO ANTONIO', '', '3241-3934', '', 'RUA DOS PERDÕES, 58', 'SANTO ANTONIO', 86, '40301516', 'BA', 'SALVADOR', 'PAULO LINO', 'BATISTA SINAI', '', '2014-02-09', 3, 6, '0000-00-00', '', '2014-02-12', 0),
(1033, '', 'img_fem.jpg', 'LIDIANE CRISTINA SILVA SANTOS', '1982-11-29', 38, 4, 1, '', '', 'LIDIANE', 2, 'CONSTRUTORA MONTE CRISTO', '3878-9802', 'ELENILSON JOSE DOS SANTOS', 'ALDENIRA ALMEIDA SILVA SANTOS', '', '0000-00-00', '', '', '9155-9522', '', 'AV. CANDEIAS, 72', 'LIBERDADE', 21, '40325141', 'BA', 'SALVADOR', 'LUIZ CARLOS ANDRADE', 'BATISTA BELEM', '', '2014-02-09', 1, 6, '0000-00-00', '', '2014-02-12', 0),
(1034, '', 'img_fem.jpg', 'DAISI CRISTIANE DA SILVA DOS SANTOS', '1982-05-26', 38, 4, 1, '', '', 'DAISI', 4, '', '', 'DIJALMO DOS SANTOS', 'IRANILDES GOMES DA SILVA DOS SANTOS', '', '0000-00-00', '', '', '8775-4904', '', 'AV. SAO JORGE, 10', 'FAZENDA GRANDE', 54, '40350090', 'BA', 'SALVADOR', 'JUDSON ROCHA', 'BATISTA REDENÇAO', '', '2014-02-09', 1, 6, '0000-00-00', '', '2014-02-12', 0),
(1035, '', 'img_fem.jpg', 'THAISE CARVALHO COSTA', '1989-09-07', 38, 4, 1, '', '', '1195220634', 99, 'CW FISIOTERAPIA', '', 'GILSON DOS SANTOS COSTA', 'MARIA DAS GRAÇAS CARVALHO COSTA', '', '0000-00-00', '', 'B-', '9133-3385', '', 'RUA MANOEL DRUMOND, 112', 'CAIXA DAGUA', 7, '40320670', 'BA', 'SALVADOR', 'LUIS', 'BATISTA TEOCRATICA ALIANÇA DOS BUSCADORES', '', '2011-07-00', 1, 6, '0000-00-00', 'PEDIDO DE CARTA PARA 1ª IGREJA BATISTA DE RUY BARBOSA / SAIDA EM 10/10/2012 / RETORNO EM 21/10/2016 - 1ª IGREJA BATISTA DE RUY BARBOSA', '2014-02-26', 0),
(1036, '', 'img_fem.jpg', 'ABIDJAN MARCELO SANTOS', '1988-01-11', 38, 7, 1, 'UNIME', '', '0999156772', 85, 'TEL TELEMATICA', '', 'EDUARDO JOSE DOS SANTOS', 'EDVALDINA DA SILVA MARCELO UGARTE', '', '0000-00-00', '', '', '8650-1758', '', 'RUA DR. RAIMUNDO MESQUITA, 118', 'LIBERDADE', 21, '40375000', 'BA', 'SALVADOR', 'ISAIAS LINS', 'BATISTA DOS MARES', '', '2014-03-23', 3, 4, '2016-03-30', 'PEDIDO DE CARTA PARA IGREJA BATISTA METROPOLITANA EM 30/03/2016', '2014-04-04', 0),
(1037, '', 'img_fem.jpg', 'CRISTINA MARIA LOPES BOMFIM', '1957-05-22', 38, 3, 4, '', '', '0165620030', 81, 'HOSPITAL OTAVIO MANGABEIRA', '3117-1762', 'LELIVALDO BISPO BOMFIM', 'AQUILINA LOPES', '', '0000-00-00', '', '', '8719-7064 / 9170-6648', '', 'RUA MANOEL DRUMOND, 19A', 'CX DAGUA', 7, '40320670', 'BA', 'SALVADOR', 'JOAO MARIA', 'BATISTA BELEM - ALAGOINHAS-BA', '', '2014-03-23', 1, 6, '0000-00-00', '', '2014-04-04', 0),
(1038, '', 'img_masc.jpg', 'VALTERCIO DOS SANTOS SANTANA', '1971-07-17', 37, 3, 1, '', '', '433130512', 29, '', '', 'WALTER SANTANA', 'EDELZUITA DOS SANTOS SANTANA', '', '0000-00-00', '', '', '3482-8247 / 8875-8208', '', 'RUA DO QUEIMADO, 36', 'LAPINHA', 33, '40325260', 'BA', 'SALVADOR', 'JORGE BEZERRA', 'IBF', '', '2014-03-30', 2, 6, '0000-00-00', '', '2014-04-04', 0),
(1039, '', 'img_masc.jpg', 'LEANDRO NUNES DOS SANTOS', '1984-06-13', 37, 3, 6, '', '', '0869827537', 67, 'LA SERENISSIMA', '', 'SALVADOR DIAS DOS SANTOS', 'MARIA ISABEL NUNES DOS SANTOS', 'MARISOL T. BITENCOURT', '0000-00-00', '', '', '8722-4156', '', 'RUA ESPERANÇA DE VIVER, 13', 'CIDADE NOVA', 83, '40313440', 'BA', 'SALVADOR', 'JORGE BEZERRA', 'IGREJA BATISTA FILADELFIA', '', '2014-03-30', 2, 6, '0000-00-00', '', '2014-04-04', 0),
(1040, '', 'img_fem.jpg', 'CLEUSA RIBEIRO SANTANA DE ALMEIDA', '1978-04-24', 38, 11, 2, '', '', 'CLEUSA', 35, '', '', 'ANTONIO COSME BATISTA DE SANTANA', 'MARIA RITA RIBEIRO DE ALMEIDA', 'ALEXNEI ROSA ALMEIDA', '2013-12-03', 'FORUM RUY BARBOSA', '', '3386-2576', '', 'AV. PEIXE, 23', 'PERO VAZ', 64, '40335611', 'BA', 'SALVADOR', 'JORGE BEZERRA', 'IGREJA BATISTA FILADELFIA', '', '2014-03-30', 2, 6, '0000-00-00', '', '2014-04-04', 0),
(1041, '', 'img_fem.jpg', 'ALICIA SANTANA DE ALMEIDA', '1998-05-18', 38, 11, 1, '', '', 'ALICIA', 35, '', '', 'ALEXNEI ROSA DE ALMEIDA', 'CLEUSA RIBEIRO SANTANA DE ALMEIDA', '', '0000-00-00', '', '', '3386-2576', '', 'AV. PEIXE, 23', 'PERO VAZ', 64, '40335611', 'BA', 'SALVADOR', 'JORGE BEZERRA', 'IGREJA BATISTA FILADELFIA', '', '2014-03-30', 2, 6, '0000-00-00', '', '2014-04-04', 0),
(1042, '', 'img_masc.jpg', 'ALEXNEI ROSA DE ALMEIDA', '1973-07-09', 37, 11, 2, '', '', 'ALEXNEI', 35, '', '', 'FRANCISCO ROSA DE ALMEIDA', 'CECILIA', 'CLEUSA RIBEIRO SANTANA DE ALMEIDA', '2013-12-03', 'FORUM RUY BARBOSA', '', '3386-2576', '', 'AV. PEIXE, 23', 'PERO VAZ', 64, '40335611', 'BA', 'SALVADOR', 'JORGE BEZERRA', 'IGREJA BATISTA FILADELFIA', '', '2014-03-30', 2, 6, '0000-00-00', '', '2014-04-04', 0),
(1043, '', 'img_fem.jpg', 'ELISANGELA DO NASCIMENTO COPQUE', '1973-11-29', 38, 4, 2, '', '', '414051106', 37, 'ARCA CORRETORA DE SEGUROS', '3418-9677', '', 'ELIONÊ MARIA DO NASCIMENTO', 'EDUARDO TORRES COPQUE FILHO', '2007-08-09', 'CARTORIO', '', '3327-3458', '', 'RUA MADUREIRA DE PINHO, 90A, AP 11', 'CX DAGUA', 7, '40323080', 'BA', 'SALVADOR', 'JORGE BEZERRA', 'IGREJA BATISTA FILADELFIA', '', '2014-03-30', 2, 6, '0000-00-00', '', '2014-04-04', 0),
(1044, '', 'img_fem.jpg', 'MARISANGELA SANTOS RAMOS', '1981-06-09', 38, 7, 1, '', '', '0720307201', 68, 'MITCHELL', '3328-3035', 'ADALBERTO FERNANDES RAMOS', 'ALBERTINA JOSEFA DOS SANTOS', '', '0000-00-00', '', '', '3499-3376', '', 'JD. VERA CRUZ, QD 5, LT 37, AP 21', 'IAPI', 8, '40340590', 'BA', 'SALVADOR', '', 'INTERNACIONAL DA GRAÇA', '', '2014-04-06', 1, 6, '0000-00-00', '', '2014-04-07', 0),
(1045, '', 'img_fem.jpg', 'JUREMA SANTOS CARRILHO', '1965-12-29', 38, 4, 4, '', '', '0231868871', 47, 'FIOCRUZ - SERVIDORA PUBLICA', '3176-2246', 'ALTAMIRO ALVES CARRILHO', 'AIDA SANTOS CARRILHO', '', '0000-00-00', '', '', '3276-0335', '', 'RUA PAULO AFONSO, 176', 'BROTAS', 75, '40296340', 'BA', 'SALVADOR', '', 'SEM DENOMINAÇÃO', '', '2014-04-06', 1, 3, '2016-09-12', 'DESLIGADO EM 12/09/2016 APOS REUNIAO DO CAPI NO DIA 11/09/2016', '2014-04-07', 0),
(1046, '', 'img_fem.jpg', 'ALBERTINA JOSEFA DOS SANTOS RAMOS', '1953-04-08', 38, 3, 2, '', '', 'ALBERTINA', 35, 'COPEIRA - VERBO ENGENHARIA', '', 'ANTONIO ALBERTO DOS SANTOS', 'JOSEFA IZABEL DOS SANTOS', 'ADALBERTO FERNANDES RAMOS', '0000-00-00', '', '', '3499-3376', '', 'JD. VERA CRUZ, QD 5, LT 37, AP 21', 'IAPI', 8, '40340590', 'BA', 'SALVADOR', '', 'INTERNACIONAL DA GRAÇA', '', '2014-04-06', 1, 6, '0000-00-00', '', '2014-04-07', 0),
(1047, '', 'img_fem.jpg', 'CLAUDIA LUANA OLIVEIRA BARBOSA', '1992-03-02', 38, 4, 1, '', '', '1284650260', 36, '', '', 'CLAUDIO BARBOSA DOS SANTOS', 'VANDETE OLIVEIRA BARBOSA', '', '0000-00-00', '', 'O+', '3304-6153 / 9220-3755', '', 'RUA PROF. AGRIPINIANO DE BARROS, 36', 'CX DAGUA', 7, '40323000', 'BA', 'SSA', 'ITAGUARACY BRITO', 'IBF', '', '2005-12-25', 2, 6, '0000-00-00', '', '2014-05-12', 0),
(1048, '', 'img_fem.jpg', 'LARISSA MATOS CERQUEIRA', '1986-03-25', 38, 4, 2, '', '', '0875567312', 42, 'ESCOLA SONHO DE APRENDER', '', 'REINALDO BONFIM SANTOS MATOS', 'GRACY KELLY PAULO DOS SANTOS SILVA MATOS', 'CAIOU DOS SANTOS CERQUEIRA', '2013-12-17', 'FORUM RUY BARBOSA', 'A+', '9202-2038', '', 'RUA GONÇALO MUNIZ, 2A', 'BX QUINTAS', 27, '40320070', 'BA', 'SSA', 'JARBAS', 'RENASCER EM CRISTO', '', '2013-04-07', 1, 6, '0000-00-00', '', '2014-05-12', 0),
(1049, '', 'img_masc.jpg', 'ADELMO BARBOSA OLIVEIRA', '1978-01-24', 37, 7, 2, '', '', '061532104', 35, 'ELETROTECNICO - BRASIL RENTAL', '08007098000', 'ADALBERTO MOTA DE OLIVEIRA', 'MARTA BARBOSA OLIVEIRA', 'KARINA SILVA RODRIGUES OLIVEIRA', '2011-10-22', 'IGREJA DA ORDEM 3ª DO SAO FRANCISCO', '', '9905-3573 / 8627-5256', '', 'RUA GUILHERME MARBACK, 12', 'BOMFIM', 42, '40415160', 'BA', 'SALVADOR ', 'MAURO GALDINO', 'BATISTA DO CIA', '', '2014-06-08', 1, 6, '0000-00-00', '', '2014-06-10', 0),
(1050, '', 'img_fem.jpg', 'ALDEMIRA ALMEIDA SILVA SANTOS', '1959-06-04', 38, 4, 2, 'FACULDADE UNIFACS', '', 'ALDEMIRA', 36, '', '', 'ELPIDIO ALMEIDA SILVA', 'MARIA FRANCISCA ALMEIDA SILVA', 'ELENILSON JOSE DOS SANTOS', '1979-12-23', '', '', '3243-7361 / 8710-8742', '', 'AV. CANDEIAS, 72', 'LIBERDADE', 21, '40325141', 'BA', 'SALVADOR ', 'Israel Alves Ferreira', 'ASSEMBLEIA DE DEUS', '', '2014-06-06', 1, 6, '0000-00-00', '', '2014-06-10', 0),
(1051, '', 'img_masc.jpg', 'JOEL FERREIRA DA HORA', '1956-12-27', 37, 7, 5, '', '', '105126756', 35, 'MARINHEIRO MAQUINAS - HIDROCLEN', '3602-7234', 'JOAQUIM BISPO DA HORA - IN MEMORIAN', 'JOANA FERREIRA RAMOS', '', '0000-00-00', '', 'O+', '9366-9555', '', 'RUA RODRIGO DE MENEZES, 35', 'PAU MIUDO', 5, '40315507', 'BA', 'SALVADOR', '', '1ª IG. BAT. EM MADRE DE DEUS', '', '2014-07-06', 3, 6, '0000-00-00', '', '2014-07-09', 0),
(1052, '', 'img_masc.jpg', 'JONATA RODRIGUES MASCARENHAS', '1988-02-07', 37, 11, 1, '', '', 'JONATA', 35, '', '', 'JOSUE DE SOUZA MASCARENHAS', 'CELIDALVA RODRIGUES', '', '0000-00-00', '', '', '9201-5087', '', 'NOSSA SRA GRAÇAS, 44', 'LIBERDADE', 21, '40327470', 'BA', 'SALVADOR', '', '', '', '2014-06-22', 4, 6, '0000-00-00', '', '2014-07-09', 0),
(1053, '', 'img_fem.jpg', 'ANDREIA BRITO DE ALMEIDA', '1972-04-14', 38, 4, 2, '', '', 'ANDREIA', 2, 'AUTONOMA / REPRESENTANTE COMERCIAL', '', 'ANTONIO LOPES DE ALMEIDA', 'ALTAMIRANDA BRITO DE ALMEIDA', 'EVERTON FRAGA AZEVEDO', '2011-08-03', 'FORUM RUY BARBOSA', '', '98704-5998', '', 'AV. PASSOS, 22', 'CIDADE NOVA', 83, '40313010', 'BA', 'SALVADOR', '', 'ASSEMBLEIA DE DEUS', '', '2014-06-22', 1, 6, '0000-00-00', 'RECONCILIAÇÃO E ACLAMAÇÃO', '2014-07-09', 0),
(1054, '', 'img_fem.jpg', 'JEANE QUERINO SANTANA', '1983-06-01', 38, 4, 1, 'UFBA', '', '0917055926', 9, 'E PSICOLOGA', '', 'JEBNIEL SANTANA', 'MARIA DAS GRAÇAS QUERINO SANTANA', '', '0000-00-00', '', 'A+', '9288-9178', '', 'RUA FREITAS HENRIQUE DE CIMA, 95, casa 03', 'CAIXA DÁGUA', 7, '40320150', 'BA', 'SALVADOR', 'EDMILSON', 'BATISTA NACIONAL BOAS NOVAS', '', '2014-07-06', 1, 6, '0000-00-00', '', '2014-07-09', 0),
(1055, '', 'img_masc.jpg', 'MATEUS BARBOSA FERNANDES DA CRUZ', '1996-07-14', 37, 6, 1, 'TEIXEIRA DE FREITAS', '', '1532008392', 36, '', '', 'JUAREZ FERNANDES DA CRUZ', 'MARCIA DE SOUZA BARBOSA', '', '0000-00-00', '', '', '9339-6751', '', 'RUA MANOEL DRUMOND, 23, CJ. PARQUE', 'CAIXA DÁGUA', 7, '40320670', 'BA', 'SALVADOR', 'VALDIR', 'CASA DE ORAÇAO', '', '2014-07-06', 1, 6, '0000-00-00', '', '2014-07-09', 0),
(1056, '', 'img_masc.jpg', 'MARCOS MUNIZ BRAGA', '1973-06-06', 37, 3, 2, '', '', 'MARCOS', 12, '', '', 'IDAMAR CORREIA BRAGA', 'MARINA MUNIZ BRAGA', 'CRISTIANE CAMARGO DE JESUS BRAGA', '0000-00-00', '', '', '8898-5002 / 9300-4119 / 8805-5', '', 'TV. CAMPOS FRANÇA, 12A, AP. 101', 'LAPINHA', 33, '40325210', 'BA', 'SALVADOR', 'JORGE BEZERRA', '', '', '2014-07-27', 2, 6, '0000-00-00', '', '2014-08-13', 0),
(1057, '', 'img_masc.jpg', 'CLEBSON SANTOS SILVA', '1978-04-07', 37, 4, 1, '', '', 'CLEBSON', 35, 'INSTRUTOR DE TRANSITO E ASSESSOR PARLAMENTAR ', '', 'GETULIO DE JESUS SILVA', 'MARIA DA CONCEIÇAO JESUS DOS SANTOS', '', '0000-00-00', '', 'O+', '8601-0060', '', 'RUA APUCARANA, 82', 'COSME DE FARIAS', 45, '40250520', 'BA', 'SALVADOR', 'JORGE BEZERRA', '', '', '2014-07-27', 2, 6, '0000-00-00', '', '2014-08-13', 0),
(1058, '', 'img_fem.jpg', 'KARINA SILVA RODRIGUES OLIVEIRA', '1978-04-08', 38, 4, 2, '', '', 'KARINA', 35, 'RELAÇOES PUBLICAS', '', 'JOSE CALDAS RODRIGUES', 'ADILCE ALMEIDA SILVA RODRIGUES', 'ADELMO BARBOSA OLIVEIRA', '2011-10-22', 'ORDEM 3ª DO SAO FRANCISCO', 'O+', '9635-7363', '', 'RUA GUILHERME MARBACK, 12, AP. 201', 'BOMFIM', 42, '40415160', 'BA', 'SALVADOR', 'JORGE BEZERRA', '', '', '2014-07-27', 2, 6, '0000-00-00', '', '2014-08-13', 0),
(1059, '', 'img_masc.jpg', 'JOSE ANTONIO MOTA DE SOUZA', '1962-03-19', 37, 3, 2, '', '', 'JOSE', 26, '', '', 'GABRIEL LOPES DE SOUZA', 'EURIDES MOTA DE SOUZA', 'ANA MARIA DOS SANTOS SOUZA', '0000-00-00', '', 'A+', '8836-7847 / 8728-8830', '', 'RUA SACRAMENTO PIO, 16', 'PERO VAZ', 64, '40335470', 'BA', 'SALVADOR', 'JORGE BEZERRA', '', '', '2014-07-27', 2, 6, '0000-00-00', '', '2014-08-13', 0),
(1060, '', 'img_fem.jpg', 'ELIOMARA SOUSA DA SILVA', '1993-02-15', 38, 7, 1, 'UNIVERSIDADE SALVADOR', '', 'ELIOMARA', 36, 'SEDUR', '', 'ANTONIO LUZ DA SILVA', 'CLEONICE SOUSA DA SILVA', '', '0000-00-00', '', '', '3241-9272 / 9125-1118', '', 'RUA VITORIANO PALHARES, 24', 'LIBERDADE', 21, '40370620', 'BA', 'SALVADOR', 'CARLOS ANTONIO', 'IGREJA BATISTA JERUSALEM', '', '2014-08-03', 3, 6, '0000-00-00', '', '2014-08-13', 0),
(1061, '', 'img_fem.jpg', 'CRISTINA MARIA LOPES BOMFIM', '1957-05-22', 38, 3, 4, '', '', 'CRISTINA', 81, 'HOSP. ESPECIALIZADO OCTAVIO MANGABEIRA', '3117-1762', 'LELIVALDO BISPO BOMFIM', 'AQUILINA LOPES', '', '0000-00-00', '', '', '8719-7064', '', 'RUA MANOEL DRUMOND, 19A, 1º ANDAR', 'CX DAGUA', 7, '40320670', 'BA', 'SALVADOR', 'JOAO MARIA ARAUJO', 'BATISTA BELEM', '75 3422-5188', '2014-08-03', 1, 3, '0000-00-00', '', '2014-08-13', 0),
(1062, '', 'img_masc.jpg', 'FRANCISCO SILVA CORREA', '1928-08-21', 37, 3, 2, '', '', 'FRANCISCO', 39, '', '', 'GUILHERME DA SILVA', '', 'ELZITA PEREIRA CORREA', '1958-07-12', 'FEIRA DE SANTANA', '', '3034-3170', '', 'ARTUR GOMES DE CARVALHO, 85', 'PITUBA', 29, '41810640', 'BA', 'SALVADOR', 'ANTONIO RODRIGUES LOPES', 'BATISTA FILADELFIA', '', '2014-08-03', 3, 6, '0000-00-00', 'VINDO DA IG. BATISTA KARIS', '2014-08-13', 0),
(1063, '', 'img_fem.jpg', 'LIVIA FARIAS SANTOS', '1992-10-24', 38, 7, 1, 'ESTACIO - FIB', '', 'LIVIA', 36, '', '', 'RONALDO DO AMARAL SANTOS', 'NAIR FARIAS SANTOS', '', '0000-00-00', '', '', '8714-5634', '', 'RUA BENJAMIN FRANKLIN, 79', 'PAU MIUDO', 5, '40315530', 'BA', 'SALVADOR', 'ALEX BONFIM', 'BATISTA ALTO DO CRUZEIRO', '3389-0968', '2014-08-03', 3, 6, '0000-00-00', '', '2014-08-13', 0),
(1064, '', 'img_fem.jpg', 'ELZITA PEREIRA CORREA', '1957-05-22', 38, 4, 2, '', '', 'ELZITA', 9, '', '', 'SATURMINO JOSE PEREIRA', 'VANVIDA MENEZES PEREIRA', 'FRANCISCO SILVA CORREA', '1958-07-12', 'FEIRA DE SANTANA', '', '3034-3170', '', 'ARTUR GOMES DE CARVALHO, 85', 'PITUBA', 29, '41810640', 'BA', 'SALVADOR', '', 'BATISTA KARIS', '', '2014-08-03', 3, 6, '0000-00-00', '', '2014-09-02', 0),
(1065, '', 'img_masc.jpg', 'FABIO AUGUSTO SANTOS JESUS', '1973-10-01', 37, 3, 2, '', '', '0523870469', 35, 'EMPREGADO PUBLICO / GRAFICA DA BAHIA', '3116-2816', 'EDVALDO REGO DE JESUS', 'ANA ELEUTERIO DOS SANTOS', 'ROSANA DE MARCOS BRITO', '2004-04-01', 'SUBDISTRITO DE SANTO ANTONIO', 'A', '8841-7229', '', 'RUA 28 DE ABRIL, 02', 'CIDADE NOVA', 83, '40313090', 'BA', 'SSA', 'ARMANDO BISPO', 'ASSEMBLEIA DE DEUS', '', '2014-09-14', 1, 3, '2016-04-04', 'DESLIGADO DO ROL DE MEMBROS POR AUSÊNCIA EM 04/04/2016', '2014-09-18', 0),
(1066, '', 'img_fem.jpg', 'ROSANA DE MARCOS BRITO', '1980-04-20', 38, 6, 2, '', '', '0703617974', 38, '', '', 'JOSE ANUNCIAÇAO BRITO', 'CELESTE MOREIRA DE MARCOS', 'FABIO AUGUSTO SANTOS JESUS', '2004-04-01', 'SUBDISTRITO DE SANTO ANTONIO', '', '8807-4769', '', 'RUA 28 DE ABRIL, 02', 'CIDADE NOVA', 83, '40313090', 'BA', 'SSA', 'ARMANDO BISPO', 'ASSEMBLEIA DE DEUS', '', '2014-09-14', 1, 3, '2016-04-04', 'DESLIGADO DO ROL DE MEMBROS POR AUSÊNCIA EM 04/04/2016', '2014-09-18', 0),
(1067, '', 'img_fem.jpg', 'SILVIA NASCIMENTO CARDOSO DOS SANTOS CERQUEIRA', '1954-06-14', 38, 4, 2, '', '', '1238550', 10, 'ESCRITORIO DE ADVOCACIA', '3242-0379', 'SIMEAO CARDOSO DOS SANTOS FILHO', 'DORALICE DALVA DO NASCIMENTO SANTOS', 'EDMIR FRANCISCO DOS SANTOS', '1999-05-16', 'SALVADOR', '', '3242-0379', '', 'RUA ARISTIDES NOVIS, 103', 'FEDERAÇÃO', 44, '40210630', 'BA', 'SSA', 'JORGE BEZERRA', 'IURD', '', '2014-10-12', 1, 6, '0000-00-00', '', '2014-10-29', 0),
(1068, '', 'img_fem.jpg', 'JOSENEIDE DOS SANTOS', '1959-03-28', 38, 2, 2, '', '', '0437184692', 108, '', '', 'JUVINO DOS SANTOS', 'EXPEDITA DOS SANTOS', 'VALDIR MARCELINO DOS SANTOS', '1994-02-25', 'IG. BAT. MARECHAL RONDON', '', '4141-2008', '', 'RUA JARDIM VERA CRUZ, 6, ED CIDADE CENTRAL, AP 302', 'IAPI', 8, '40340590', 'BA', 'SSA', 'ROGERIO DANTAS', 'BATISTA LIRIO DOS VALES', '9185-7845', '2014-10-12', 3, 6, '0000-00-00', '', '2014-10-29', 0),
(1069, '', 'img_fem.jpg', 'INGRID SANTOS DOS SANTOS', '1993-07-15', 38, 4, 1, '', '', '1297745701', 52, 'PAN AMERICANA DA BAHIA', '', 'VALDIR MARCELINO DOS SANTOS', 'JOSENEIDE DOS SANTOS', '', '0000-00-00', '', '', '4141-2008', '', 'RUA JARDIM VERA CRUZ, 6, ED CIDADE CENTRAL, AP 30', 'IAPI', 8, '40340590', 'BA', 'SALVADOR', 'ROGERIO DANTAS', 'BATISTA LIRIO DOS VALES', '9185-7845', '2014-10-12', 3, 6, '0000-00-00', '', '2014-10-29', 0),
(1070, '', 'img_masc.jpg', 'VALDIR MARCELINO DOS SANTOS', '1967-08-13', 37, 3, 2, '', '', '0437744078', 15, 'COCIL', '3379-8090', 'NAO DECLARADO', 'MARIA MARCELINA DOS SANTOS', 'JOSENEIDE DOS SANTOS', '1994-02-25', 'IG. BAT. MARECHAL RONDON', '', '4141-2008 / 9253-5993', '', 'RUA JARDIM VERA CRUZ, 6, ED CIDADE CENTRAL, AP 302', 'IAPI', 8, '40340590', 'BA', 'SALVADOR', 'ROGERIO DANTAS', 'BATISTA LIRIO DOS VALES', '9185-7845', '2014-10-12', 3, 6, '0000-00-00', '', '2014-10-29', 0),
(1071, '', 'img_fem.jpg', 'ANTONIA MARIA SOARES DA SILVA', '1955-10-04', 38, 4, 2, '', '', '76961320', 35, 'SECRETARIA DA EDUCAÇAO', '', 'OSURAR GABRIEL SOARES', 'MARIA DE LOURDES MELO SOARES', 'SERGIO LUIS PEREIRA GOMES', '0000-00-00', '', 'O+', '9954-3800', '', 'LOT. MARISSOL, II QD 24, LOTE 09, RUA AFRANIO CARV.', 'IPITANGA', 43, '42700000', 'BA', 'LAURO DE FREITAS', 'JULIO CESAR', 'IURD', '', '2014-10-12', 1, 6, '0000-00-00', 'BIOLOGA / PROFESSORA', '2014-10-29', 0),
(1072, '', 'img_fem.jpg', 'ELIZANE DE OLIVEIRA RABELO', '1977-06-10', 38, 3, 2, 'UNIFACS', '', '0511211660', 81, 'PREFEITURA MUNICIPAL DE CAMAÇARI', '', 'URGOLINO PEREIRA DE OLIVEIRA', 'MARIA DAS GRAÇAS PEREIRA DE OLIVEIRA', 'MARCOS RABELO BORGES', '2014-04-30', 'FORUM DAS FAMILIAS', 'A+', '9996-8672', '', 'RUA ALTO DO FORNO', 'CIDADE NOVA', 83, '40313500', 'BA', 'SALVADOR', 'PAULO LINO', 'BATISTA SINAI', '', '2014-12-07', 3, 6, '0000-00-00', '', '2014-12-15', 0);
INSERT INTO `membros` (`pk_membro`, `fg_membro`, `te_foto`, `nm_membro`, `dt_nascimento`, `fk_sexo`, `fk_instrucao`, `fk_estado`, `nm_escola`, `nu_tel_escola`, `nu_rg`, `fk_profissao`, `nm_empresa`, `nu_tel_empresa`, `nm_pai`, `nm_mae`, `nm_conjuge`, `dt_casamento`, `nm_local`, `nm_rh`, `nu_tel_casa`, `nm_email`, `nm_logra`, `nm_bairro1`, `fk_bairro`, `nu_cep`, `nm_uf`, `nm_cidade`, `nm_pastor`, `nm_igreja`, `nu_tel_igreja`, `dt_admissao`, `fk_entrada`, `fk_saida`, `dt_saida`, `te_observacao`, `dt_cadastro`, `fk_usuario`) VALUES
(1073, '', 'img_masc.jpg', 'TARCISIO CARVALHO DOS SANTOS', '1982-07-06', 37, 7, 2, '', '', '0673929205', 35, 'COORDENADOR ADM - CASA SEGURA IMOVEIS LTDA', '3360-1221', 'ARNALDO RIBEIRO DOS SANTOS', 'SONIA CARVALHO DOS SANTOS', 'MAYANNA DE PAULA RODRIGUES CARVALHO', '2013-04-16', 'SSA', 'A+', '8863-8544', '', 'RUA FREITAS HENRIQUE DE CIMA, 95A', 'CAIXA DÁGUA', 7, '40320150', 'BA', 'SALVADOR', 'WILSON MARQUES', 'QUADRANGULAR ', '', '2014-12-07', 1, 6, '0000-00-00', '', '2014-12-15', 0),
(1074, '', 'img_fem.jpg', 'CRISTINA SANTOS OLIVEIRA', '1974-01-26', 38, 3, 1, '', '', '0415158893', 58, 'BELLA E CHIC LIBERDADE', '', 'NIVALDO BATISTA DE OLIVEIRA', 'VALDELICE ALVES DOS SANTOS', '', '0000-00-00', '', '', '8652-4465', '', 'RUA MARQUES DE MARICA, AV. EXPRESSO, 179, CASA 3', 'PAU MIUDO', 5, '40310270', 'BA', 'SALVADOR', 'UBIRAJARA', 'IBMI', '', '2014-12-16', 1, 6, '0000-00-00', '', '2015-01-01', 0),
(1075, '', 'img_masc.jpg', 'CARLOS ANDRE OLIVEIRA FRUTUOSO', '1978-01-19', 37, 11, 2, '', '', '0597008825', 35, '', '', 'CARLOS SOUSA FRUTUOSO', 'DALVA DA SILVA OLIVEIRA', 'JOELMA SANTOS DA SILVA FRUTUOSO', '2008-11-27', 'FORUM RUY BARBOSA', '', '8713-5598', '', 'RUA HAVAI, 31', 'CAIXA DÁGUA', 7, '40320540', 'BA', 'SALVADOR', 'JORGE BEZERRA', 'IBF', '', '2014-12-28', 2, 6, '0000-00-00', '', '2014-12-29', 0),
(1076, '', 'img_fem.jpg', 'CLAUDIONICE LEITE LOBO ASSIS', '0000-00-00', 38, 2, 2, '', '', 'CLAUDIONICE', 117, 'DE COSTURA - KALLAYNNE', '', 'CLAUDOMIRO SANTOS LOBO', 'MARIA DA GLORIA LEITE', 'RAIMUNDO MACHADO DE ASSIS', '1995-01-14', 'FORUM RUY BARBOSA', '', '8743-9930', 'RAIMUNDO.M.ASSIS@HOTMAIL.COM', 'RUA SR DO BOMFIM', 'ENGOMADEIRA', 48, '41200220', 'BA', 'Salvador', 'JORGE BEZERRA', 'IBF', '', '2014-12-28', 2, 6, '0000-00-00', '', '2014-12-29', 0),
(1077, '', 'img_fem.jpg', 'EUNICE BORGES DOS SANTOS', '1957-10-21', 38, 0, 1, '', '96405289', 'EUNICE', 28, '', '', 'JOSÉ BORGES DOS SANTOS', 'THEREZINHA BISPO DOS SANTOS', '', '0000-00-00', '', '', '33861140', '', 'RUA SALDANHA MARINHO, 139', 'CAIXA DÁGUA', 7, '40323010', 'BA', 'SALVADOR', '', '', '', '0000-00-00', 0, 6, '0000-00-00', '', '2015-01-02', 0),
(1079, '', 'img_fem.jpg', 'EUNICE BORGES DOS SANTOS', '1957-10-21', 38, 11, 1, '', '', 'EUNICE', 28, '', '', '', '', '', '0000-00-00', '', '', '9640-5289', '', 'RUA SALDANHA MARINHO, 139', 'CAIXA DAGUA', 7, '40323010', '0', 'SALVADOR', 'JORGE BEZERRA', 'IGREJA BATISTA FILADÉLFIA', '', '2014-12-28', 2, 6, '0000-00-00', 'DADA A PROFISSÃO DE FE EM GABINETE PASTORAL', '2015-01-08', 0),
(1123, '', 'img_fem.jpg', 'CRISTINA CARLA DA SILVA BONFIM', '1977-10-25', 38, 3, 1, '', '', '0507809050', 35, '', '', 'CARLOS FERNANDES PEREIRA BONFIM', 'IRENE GONÇALVES DA SILVA', '', '0000-00-00', '', '', '8600-0634 / 9992-3023', '', 'RUA GUAIBA, 21', 'CAIXA DAGUA', 7, '40320590', 'BA', 'SALVADOR', 'JOSELITO DA HORA SILVA', 'BATISTA DO SALVADOR', '', '2015-05-10', 3, 6, '0000-00-00', 'SOLICITAÇÃO DE CARTA E RECONCILIAÇÃO', '2015-06-09', 0),
(1082, '', 'img_masc.jpg', 'ANDRE LUIS DA SILVA FRUTUOSO', '2000-06-01', 37, 8, 1, 'CLASSE IV', '33886211', 'ANDRE ', 36, '', '', 'CARLOS ANDRE OLIVEIRA FRUTUOSO', 'JOELMA SANTOS DA SILVA', '', '0000-00-00', '', '', '8685-3683', '', 'RUA HAVAI, 31', 'CAIXA DAGUA', 7, '40323540', 'BA', 'SALVADOR', 'JORGE BEZERRA', 'IGREJA BATISTA FILADÉLFIA', '', '2014-12-28', 2, 6, '0000-00-00', '', '2015-01-21', 0),
(1083, '', 'img_fem.jpg', 'SANDRA DE JESUS P. DA SILVA', '1973-02-23', 38, 3, 2, '', '', 'SANDRA', 68, 'LIVRARIA BETÂNIA', '3329-6767', 'BARTOLOMEU PEREIRA DA SILVA', 'VANDA SANTOS DA SILVA', 'SILVANE ARAÚJO DE OLIVEIRA', '2014-12-18', 'ESCOLA ESTADUAL LUIS CARLOS MAGALHÃES', '', '8799-3312', '', 'RUA ANTONIO BALBINO, AVENIDA SIRIRI, CASA 23A', 'IAPI', 8, '40330190', 'BA', 'SALVADOR', 'JORGE BEZERRA', 'IGREJA BATISTA FILADÉLFIA', '', '2014-12-28', 2, 6, '0000-00-00', '', '2015-01-21', 0),
(1084, '', 'img_masc.jpg', 'VICTOR JOSÉ MATOS SOUZA', '1994-04-23', 37, 3, 1, '', '', '1285503767', 89, 'CASA DO CARTUCHO', '', 'JOSÉ RAIMUNDO MATOS SOUZA', 'SIMONE MARIA MATOS SOUZA', '', '0000-00-00', '', '', '32429195', '', 'RUA ARQUIMEDES PESSOA N 1, EDIFICIO SÃO JOSÉ APTO 302', 'LAPINHA', 33, '40375600', 'BA', 'SALVADOR', 'JORGE BEZERRA', 'IGREJA BATISTA FILADÉLFIA', '', '2014-12-28', 2, 6, '0000-00-00', '', '2015-01-21', 0),
(1085, '', 'img_masc.jpg', 'RAIMUNDO MACHADO DE ASSIS', '1972-06-30', 37, 6, 2, '', '88642962', '0340533870', 29, 'ODM TRANSPORTE METROPOLITANO', '37971238', 'GALDINO LAURENCIO DE ASSIS', 'MATILDES MACHADO', 'CLAUDIONICE LEITE LOBO ASSIS', '1995-01-14', 'FORUM RUY BARBOSA', '', '92532005', 'RAIMUNDO.M.ASSIS@HOTMAIL.COM', 'TRAV SANTO AGOSTINHO N 54 E', 'ENGOMADEIRA', 48, '41200220', 'BA', 'SALVADOR', 'JORGE BEZERRA', 'IGREJA BATISTA FILADÉLFIA', '', '2014-12-28', 2, 6, '0000-00-00', '', '2015-01-21', 0),
(1086, '', 'img_masc.jpg', 'LOURIVAL BARROS DA PAIXÃO', '1955-03-21', 37, 8, 2, '', '', '0109698100', 39, 'AÇOGUEIRO', '', 'MÁRIO GOMES DA PAIXÃO', 'ELZA FERNANDES DE BARROS', 'CONCEIÇÃO DE MARIA SANTOS PAIXÃO', '1977-05-28', 'FORUM RUY BARBOSA', '', '3033-9716', '', 'RUA JOSÉ MARES PINTO, 83, 2 ANDAR ', 'CAIXA DAGUA', 7, '40321015', 'BA', 'SALVADOR', 'JORGE BEZERRA', 'BATISTA FILADELFIA', '', '2003-12-28', 2, 6, '0000-00-00', '', '2015-01-21', 0),
(1087, '', 'img_masc.jpg', 'VANILDO LIMA DE OLIVEIRA', '1971-10-21', 37, 8, 2, '', '', '0558979208', 29, '', '', 'JOÃO LUIZ DE OLIVEIRA', 'HILDA GONÇALVES', 'CELIA CONCEIÇÃO LEITE LOBO DE OLIVEIRA', '0000-00-00', '', '', '87363746', 'VANILDO35@HOTMAIL.COM', 'RUA BOTAFOGO N 9', 'PERNAMBUÉS', 23, '41120310', 'BA', 'SALVADOR', 'JORGE BEZERRA', 'IGREJA BATISTA FILADÉLFIA', '', '2014-12-28', 2, 6, '0000-00-00', '', '2015-01-21', 0),
(1088, '', 'img_fem.jpg', 'ADRIANE SALES ESTRELLADO', '1999-08-07', 38, 6, 1, 'ANÍSIO TEIXEIRA', '', '2047342155', 36, '', '', 'ARIOSVALDO RIBEIRO ESTRELLADO', 'JANICE PEREIRA SALES', '', '0000-00-00', '', '', '86353900', '', 'RUA 1º JANEIRO, 96', 'CIDADE NOVA', 83, '40313120', 'BA', 'SALVADOR ', 'JORGE BEZERRA', 'IGREJA BATISTA FILADÉLFIA', '', '2014-12-28', 2, 3, '2016-12-19', 'EXCLUSÃO DO ROL DE MEMBROS POR VIDA INCOMPATÍVEL AOS PADRÕES BÍBLICOS EM 19/12/2016', '2015-01-21', 0),
(1089, '', 'img_fem.jpg', 'CARLA BEATRIZ SOUSA SANTOS', '2013-05-31', 38, 8, 1, 'CARNEIRO RIBEIRO', '', 'CARLA', 36, '', '', 'JOSÉ CARLOS EVANGELISTA DOS SANTOS', 'SUELI SOUSA SANTOS', '', '0000-00-00', '', '', '33264192', '', 'RUA GUAÍBA, 3', 'CAIXA DAGUA', 7, '40320590', 'BA', 'SALVADOR', 'JORGE BEZERRA', 'IGREJA BATISTA FILADÉLFIA', '', '2014-12-28', 2, 6, '0000-00-00', '', '2015-01-21', 0),
(1090, '', 'img_fem.jpg', 'ROSILDA PASTOR DA SILVA', '1969-04-08', 38, 3, 2, '', '', '0309631254', 35, '', '', 'MANUEL BATISTA PASTOR', 'ROSÁLIA MARIA DA SILVA', 'JOSÉ DOMINGOS SANTOS DA SILVA', '2014-05-31', 'FORUM RUY BARBOSA', '', '98887-8746', '', 'TRAVESSA JOANA DARCK, 6, FUNDOS', 'CAIXA DÁGUA', 7, '40320650', 'BA', 'SALVADOR', 'JORGE BEZERRA', 'IGREJA BATISTA FILADÉLFIA', '', '2014-12-28', 2, 6, '0000-00-00', '', '2015-01-21', 0),
(1091, '', 'img_fem.jpg', 'ALINE TAIANA C. DA SILVA', '1989-03-14', 38, 5, 2, '', '', '1201360587', 116, 'Aosial Comerc. Indust. Petroquimica', '32938587', 'JOÃO SANTOS DA SILVA', 'CÉLIA DOS SANTOS CANABRAVA', 'JANDSON RAMOS DOS SANTOS', '2014-12-27', 'IGREJA BATISTA FILADÉLFIA', '', '82124659', '', 'RUA GUAÍBA, 23', 'CAIXA DÁGUA', 7, '40320590', 'BA', 'SALVADOR', 'JORGE BEZERRA', 'IGREJA BATISTA FILADÉLFIA', '', '2014-12-28', 2, 6, '0000-00-00', '', '2015-01-21', 0),
(1092, '', 'img_fem.jpg', 'MAYANNA DE PAULA RODRIGUES CARVALHO', '1982-08-11', 38, 11, 2, '', '', '0963530070', 108, '', '', 'EDMUNDO SANTANA DOS SANTOS', 'MARINALVA RODRIGUES SANTOS', 'TARCISIO CARVALHO DOS SANTOS', '2013-04-16', 'FORUM RUY BARBOSA', '', '87061511', '', 'RUA FREITAS HENRIQUE DE CIMA, 95A', 'CAIXA DÁGUA', 7, '40320165', 'BA', 'SALVADOR', 'JORGE BEZERRA', 'IGREJA BATISTA FILADÉLFIA', '', '2014-12-28', 2, 6, '0000-00-00', '', '2015-01-21', 0),
(1093, '', 'img_fem.jpg', 'RAYANA VITAL VALVERDE', '1993-04-26', 38, 7, 1, 'UNIJORGE', '', '1402988354', 36, '', '', 'ELVALDO BOTELHO VALVERDE', 'SANDJA GORETTE FERREIRA VITAL', '', '0000-00-00', '', 'O+', '8169-6906', '', 'RUA SALDANHA MARINHO, 97 E, BLOCO B, APTO 001', 'CAIXA DÁGUA', 7, '40323010', 'BA', 'SALVADOR', 'JORGE BEZERRA', 'IGREJA BATISTA FILADÉLFIA', '', '2014-12-28', 2, 6, '0000-00-00', 'CPF: 048.578.155-75', '2015-01-26', 0),
(1094, '', 'img_fem.jpg', 'SANDJA GORETTE FERREIRA VITAL', '1967-03-02', 38, 3, 1, '', '', '248557076', 17, 'SÃO SALVADOR CAFÉ E BUFFET LTDA', '33416750', 'DANIEL FERNANDES VITAL', 'NELVANIR FERREIRA RODRIGUES', '', '0000-00-00', '', '', '8772-6097 / 8160-4022 / 3341-6', '', 'RUA SALDANHA MARINHO, 97 E, BLOCO B, APTO 001', 'CAIXA DÁGUA', 7, '40323010', 'BA', 'SALVADOR', 'JORGE BEZERRA', 'IGREJA BATISTA FILADÉLFIA', '', '2014-12-28', 2, 6, '0000-00-00', '', '2015-01-26', 0),
(1095, '', 'img_fem.jpg', 'ANDRESSA DOS SANTOS BASTOS', '1996-11-10', 38, 6, 1, '', '', 'ANDRESSA', 36, '', '', 'CLÁUDIO DA SILVA BASTOS', 'ANDREIA MARIA DOS SANTOS', '', '0000-00-00', '', '', '30183588', '', 'RUA FREITAS HENRIQUE DE CIMA, Nº 74, CASA 6', 'CAIXA DÁGUA', 7, '40320150', 'BA', 'SALVADOR', 'JORGE BEZERRA', 'IGREJA BATISTA FILADÉLFIA', '', '2014-12-28', 2, 6, '0000-00-00', '', '2015-01-26', 0),
(1096, '', 'img_masc.jpg', 'IRON ANDRADE DO NASCIMENTO', '1994-01-17', 37, 3, 2, '', '', '1525644203', 51, 'JS EMBALAGEM', '32436819', 'IREMAR SOARES DO NASCIMENTO', 'LUCIANA FERREIRA DE ANDRADE', 'CAROLINA SOLEDADE', '0000-00-00', '', '', '7192283865', '', 'RUA JEQUITAIA, 249, ', 'ÁGUA DE MENINOS', 47, '40460120', 'BA', 'SALVADOR', 'JORGE BEZERRA', 'BATISTA FILADÉLFIA', '', '2014-12-28', 2, 3, '2017-04-25', 'SOLICITOU QUE FOSSE DESLIGADO, POIS ESTÁ MORANDO DISTANTE E NÃO TEM CONDIÇÕES DE CONTINUAR FREQUENTANDO. A IGREJA ATUAL NÃO PERTENCE A CONVENÇÃO BATIS', '2015-01-26', 0),
(1097, '', 'img_masc.jpg', 'MOISÉS BRUNO CARVALHO DOS SANTOS', '1975-08-09', 37, 5, 2, '', '', '0658211064', 35, 'INEMA - ANALISTA DE GEOPROCESSAMENTO', '3118-4198', 'UBIRAJARA VELOSO DOS SANTOS', 'ELITA MARIA DE CARVALHO', 'CLENICE FEITOZA DE ALMEIDA CARVALHO', '2014-04-27', 'SALVADOR', 'O+', '8808-9930 / 3382-7528 / 8850-9', '', 'LADEIRA DO PAIVA, CONJUNTO ASTECA, BB7, APTO 101', 'CAIXA DÁGUA', 7, '40320720', 'BA', 'SALVADOR', 'JORGE BEZERRA', 'IGREJA BATISTA FILADÉLFIA', '', '2014-12-28', 2, 6, '0000-00-00', '', '2015-01-26', 0),
(1098, '', 'img_masc.jpg', 'WALDEMAR BARBOSA DE ALMEIDA', '1926-02-20', 37, 3, 2, '', '', '281173', 39, '', '', 'FRANCISCO BARBOSA DE ALMEIDA', 'AMERICA LIMA VIEIRA', 'JUDITE RODRIGUES DA SILVA ALMEIDA', '1954-12-29', 'FORUM RUY BARBOSA', 'O+', '3327-4148', '', 'RUA SALDANHA MARINHA, 133', 'CAIXA DÁGUA', 7, '40323010', 'BA', 'SALVADOR', 'JORGE BEZERRA', 'IGREJA BATISTA FILADÉLFIA', '', '2014-12-28', 2, 1, '2017-05-21', '', '2015-01-26', 0),
(1099, '', 'img_masc.jpg', 'LUIS ALBERTO OLIVEIRA DOS ANJOS', '1985-06-19', 37, 11, 1, '', '', '1138894966', 108, 'BAHIA SERVIÇOS', '35058570', 'JORGE LUIZ DE JESUS DOS ANJOS', 'IRACI DE OLIVEIRA', '', '0000-00-00', '', '', '82593933', '', 'RUA SALDANHA MARINHO, AVENIDA JACOOB ABRÃO, Nº 7', 'CAIXA DÁGUA', 7, '40323030', 'BA', 'SALVADOR', 'JORGE BEZERRA', 'IGREJA BATISTA FILADÉLFIA', '', '2014-12-28', 2, 6, '0000-00-00', '', '2015-02-02', 0),
(1100, '', 'img_fem.jpg', 'CRISTIANE BOMFIM RIBEIRO DO NASCIMENTO', '1979-11-28', 38, 4, 2, '', '', '0921915845', 2, 'COLP HOSPITAL DE OLHOS', '3235-1031', 'EVANDRO RIBEIRO DA CONCEIÇÃO', 'CRISTINA MARIA LOPES BOMFIM', 'MAURICIO OLIVEIRA DO NASCIMENTO', '2012-11-17', 'IG. BAT. 2 DE JULHO', 'A+', '8633-0667', '', 'RUA DR. ODILON MACHADO, 20, LT 7', 'IAPI', 8, '40340420', 'BA', 'SALVADOR', 'JOAO MARIA ARAUJO', 'BATISTA BELEM - ALAGOINHAS-BA', '', '2015-02-01', 3, 6, '0000-00-00', '', '2015-02-20', 0),
(1101, '', 'img_masc.jpg', 'ALTAMIRANDO ARAÚJO SANTANA', '1956-04-14', 37, 11, 2, '', '', '915453', 62, 'PINTOR E DECORADOR DE AUTOS', '', 'ANTONIO NUNES SANTANA', 'OLGA ARAUJO SANTANA', 'VERA LUCIA NASCIMENTO SANTANA', '1975-02-15', 'ANTONIO ALEM DO CARMO', 'O-', '3388-1274 / 98824-7091', '', 'RUA PERO VAZ, 144 FUNDOS', 'PERO VAZ', 64, '40335000', 'BA', 'SALVADOR', 'FELIX ALMEIDA', 'BATISTA DO SALVADOR', '', '2015-02-01', 3, 6, '0000-00-00', '', '2015-02-20', 0),
(1102, '', 'img_fem.jpg', 'VERA LÚCIA NASCIMENTO SANTANA', '1957-05-29', 38, 11, 2, '', '', '99765829', 40, '', '', 'EVARISTO MANOEL DO NASCIMENTO - FALESCIDO', 'GILDA SOUSA NASCIMENTO - FALESCIDA', 'ALTAMIRANDO ARAUJO SANTANA', '1975-02-15', 'ANTONIO ALEM DO CARMO', 'B+', '3388-1274', '', 'RUA PERO VAZ, 144 FUNDOS', 'PERO VAZ', 64, '40335000', 'BA', 'SALVADOR', 'FELIX ALMEIDA', 'BATISTA DO SALVADOR', '', '2015-02-01', 3, 6, '0000-00-00', '', '2015-02-20', 0),
(1103, '', 'img_masc.jpg', 'MAURICIO OLIVEIRA DO NASCIMENTO', '1976-02-24', 37, 3, 2, 'UNIFACS', '', '0525515399', 26, 'CORREIOS E TELEGRAFOS', '', 'JOSE VIEIRA DO NASCIMENTO', 'EDNA PINTO DE OLIVEIRA', 'CRISTIANE BOMFIM RIBEIRO DO NASCIMENTO', '2012-11-17', 'IG. BAT. 2 DE JULHO', 'O+', '9272-4000', '', 'RUA ODILON MACHADO, 20, QD 07', 'IAPI', 8, '40340420', 'BA', 'SALVADOR', 'MARCOS', 'BATISTA DO SALVADOR', '', '2015-02-01', 3, 6, '0000-00-00', '', '2015-02-20', 0),
(580, '', 'img_masc.jpg', 'UBIRAJARA GONÇALVES P. MARQUES', '1967-04-26', 37, 7, 2, 'UNIJORGE', '', '244671540', 73, 'APRIMORDIAL ', '', 'AILTON VELOSO CORREIA MARQUES', 'LUSIA GONÇASLVES P. MARQUES', 'JANETE COSTA DE L. MARQUES', '1999-01-23', 'IGREJA BATISTA SINAI', '', '9925-4082 / 8117-9036', 'UBIRAJARAMARQUES@YAHOO.COM.BR', 'RUA MADUREIRA DE PINHO, 37', 'CAIXA DÁGUA', 7, '40323080', 'BA', 'SALVADOR', 'DR. SILAS ARAÚJO MATOS ', '', '', '1984-03-25', 2, 6, '0000-00-00', '', '2011-10-15', 176),
(581, '', 'img_fem.jpg', 'ANA MARIA DA CRUZ GUERREIRO', '1951-06-24', 38, 7, 4, '', '', '123231795', 81, '', '', 'JOAO COPERTINO DA CRUZ (FALESCIDO)', 'ODETE GUIMARAES DA CRUZ', '', '0000-00-00', '', 'O+', '9316-7743 /8693-7067  8115-912', 'GUERREIROANA24@HOTMAIL.COM', 'PRAÇA JOAO GUILHERME DE BARROS, 14', 'CAIXA DÁGUA', 7, '40320210', 'BA', 'SALVADOR', 'JORGE BEZERRA', 'IGREJA BATISTA FILADELFIA', '33822002', '2011-10-09', 2, 6, '0000-00-00', '', '2011-10-15', 165),
(582, '', 'img_fem.jpg', 'NILZA DOS SANTOS SOUZA', '1937-12-05', 38, 2, 5, '', '', '077903927', 39, '', '', 'NÃO INFORMADO', 'DULCE AZEVEDO', '', '0000-00-00', '', 'O +', '8331-5966', '', 'RUA DO QUEIMADINHO, 48', 'LIBERDADE', 21, '40325260', 'BA', 'SALVADOR', 'JEFERSON', 'IGREJA DA PLATAFORMA', '', '2006-07-30', 2, 6, '0000-00-00', 'CPF: 183.602.465-72', '2011-10-15', 123),
(583, '', 'img_fem.jpg', 'TAMIRES DOS SANTOS CUNHA', '1992-05-31', 38, 3, 1, 'CENTRO ESTADUA DE EDUC.  PROFISSIONAL ANISIO TEIXE', '', '1303503034', 36, '', '', 'ISIDIO PEREIRA DA CUNHA', 'GEORGINA CRISPINA DOS SANTOS', '', '0000-00-00', '', '', '3234-0200 / 8501-3395', 'TAMY_CUNHA@HOTMAIL.COM', 'RUA FREITAS HENRIQUE DE CIMA 74 C/6', 'CAIXA DAGUA', 7, '40320150', 'BA', 'SALVADOR', 'JORGE COUTO', 'IGRJA BATISTA FILADELFIA', '33822002', '2010-12-25', 2, 6, '0000-00-00', '', '2011-10-15', 170),
(584, '', 'img_masc.jpg', 'TIAGO PARADELA SANTOS ', '1986-10-13', 37, 3, 2, 'COLEGIO ESTADUAL ANISIO TEIXEIRA ', '', '0995731136', 36, '', '', '', 'GLESSE PARADELA DE OLIVEIRA', '', '0000-00-00', '', '', '3327-4962', 'CHRONNOSEVEN@HOTMAIL.COM', 'RUA NEVES DA ROCHA , N°47', 'CAIXA DÁGUA', 7, '40320530', 'BA', 'SALVADOR', 'PR. ITAGUARACI', 'IGREJA BATISTA FILADELFIA', '', '0000-00-00', 2, 6, '0000-00-00', '', '2011-10-15', 176),
(585, '', 'img_masc.jpg', 'ABRAÃO DÓREA CASTRO SILVA', '1992-12-16', 37, 3, 1, 'RIO BRANCO', '', '1427962804', 36, '', '', 'ABELARDO JOSE DA SILVA FILHO', 'RITA DE CASSIA DOREA CASTRO', '', '0000-00-00', '', '', '88399793', 'ABRAAO.CASTRO12@HOTMAIL.COM', 'CONJ. RENAN BALEEIRO, BL 06 APTO 302', 'CABULA VI', 5, '41180120', 'BA', 'SALVADOR', 'JORGE BEZERRA', 'IGREJA BATISTA FILADELFIA', '33822002', '0000-00-00', 2, 6, '0000-00-00', 'CPF: 055.651.165-04', '2011-10-15', 165),
(729, '', 'img_fem.jpg', 'MIDIÃ GOMES SANTOS', '1989-12-23', 38, 2, 1, 'ESCOLA MUNICIPAL DO PAU MIÚDO', '', 'midiã gomes', 36, '', '', 'MILTON DE JESUS SANTOS', 'JOSETE GOMES', '', '0000-00-00', '', '', '3233-4627', '', 'R. JOSELIA BITTENCOURT, 10 - 2º ANDAR', 'PAU MIÚDO', 5, '40310172', 'BA', 'SALVADOR', 'CARLOS EDUARDO', 'ASSEMBLEIA DE DEUS', '', '0000-00-00', 1, 6, '0000-00-00', '', '2011-10-15', 0),
(623, '', 'img_masc.jpg', 'MANOELITO DAMASCENO', '1959-03-01', 37, 3, 1, '', '', '102871752', 39, '', '', 'MANOEL DAMASCENO', 'MARIA PAULA CHAGAS DAMASCENO', '', '0000-00-00', '', 'O+', '8759-9098', 'HTMANOEL_LITO@HOTMAIL.COM', 'RUA JOSE EDIVALDO GALVÃO, 22, QD G, LOTE 22', 'JD. SANTA MONICA', 12, '40342650', 'BA', 'SALVADOR', 'JORGE BEZERRA', 'IGREJA BATISTA FILADELFIA', '33822002', '2011-10-09', 2, 6, '0000-00-00', '', '2011-10-15', 0),
(587, '', 'img_masc.jpg', 'TIAGO SILVA SANTANA', '1985-05-03', 37, 4, 2, '', '', '1147916276', 2, '', '', 'JORGE JESUS SANTANA ', 'ANA MARIA SILVA SANTANA', 'ANA MARTA SILVA SANTANA', '2008-12-06', 'IGREJA BATISTA DE BROTAS', '', '87071691', 'TIOSONL@GMAIL.COM', 'RUA JOÃO VINTÉM N°70', 'COSME DE FARIAS ', 45, '40253340', 'BA', 'SALVADOR', '', 'IGREJA BATISTA DO CAMINHO DAS ARVORES', '', '2008-12-21', 1, 4, '2013-10-04', 'PEDIDO DE TRANSFERENCIA P/ IG. BATISTA DE BROTAS', '2011-10-15', 176),
(588, '', 'img_fem.jpg', 'NILZETE FRANÇA DE SOUSA SANTOS', '1959-11-28', 38, 4, 2, '', '', 'nilzetefranca', 36, '', '', 'NELSON SENA SOUSA', 'NAZIL DE FRANÇA SOUSA', 'EZEQUIAS DA SILVA SANTOS', '0000-00-00', '', 'O +', '3386-3173 / 9124-2261', '', 'RUA FREITAS HENRIQUE DE CIMA, 111', 'CAIXA DAGUA', 7, '40320150', 'BA', 'SALVADOR', 'HERCILIO ARANDAS', 'IBF', '', '1975-08-04', 2, 6, '0000-00-00', 'Familiares(Rute França Monteiro de Sousa-irmã / Ederaldo Bispo dos Santos-sogro)', '2011-10-15', 123),
(589, '', 'img_fem.jpg', 'TATIANE SILVA SOUZA OLIVEIRA', '1986-01-06', 38, 3, 2, '', '', '1196617805', 12, 'MIUTÃO MAT. DE CONSTRUÇÃO', '91796339', 'LUIS SANTANA DE SOUZA', 'DULCINEIA BASTOS DA SILVA', 'WILTON OLIVEIRA', '0000-00-00', '', 'O+', '9179-6339 / 8704-4164', 'TATY_SOUZA21@HOTMAIL.COM', 'RUA BRIZIDA DO VALE, 128U, 2º ANDAR', 'ENG. VELHO DE BROTAS', 75, '40240830', 'BA', 'SALVADOR', 'JORGE DA PAZ', 'IGRJA BATISTA FILADELFIA', '33822002', '2009-12-27', 2, 6, '0000-00-00', '', '2011-10-15', 170),
(590, '', 'img_masc.jpg', 'ALÃ COUTINHO DA SILVA', '1978-09-14', 37, 4, 1, '', '', '0634978322', 9, 'CENTRO TECNICO DE ENFERMAGEM IRMÃ DULCE', '33210922', 'JOAQUIM PEREIRA DA SILVA', 'VALDELICE DAS MERCêS COUTINHO', '', '0000-00-00', '', 'A+', '8654-3405 / 3236-1564', '', 'AV. SÃO TOMÉ, 2ª TRAVESSA, 14', 'CAIXA DÁGUA', 7, '40320410', 'BA', 'SALVADOR', 'ITAGUARACY', 'IGREJA BATISTA FILADELFIA', '33822002', '0000-00-00', 2, 3, '2015-07-28', 'SOLICITOU DESLIGAMENTO NO DIA 28/07/2015 ATRAVÉS DE UMA CARTA E CONVERSA COM PR. JORGE BEZERRA', '2011-10-15', 165),
(591, '', 'img_masc.jpg', 'UENDEL SAMPAIO UCHÔA ', '1979-08-28', 37, 7, 1, '', '', '601319931', 51, 'ALUBRAX ALUMÍNIO', '32112972', 'ALVARO ACACIO NUNES UCHÔA', 'MARIA ROSA BEZERRA SAMPAIO', '', '0000-00-00', '', '', '33820676', 'UCHOADIGUE1@HOTMAIL.COM', 'RUA SALDANHA MARINHO, N° 102, CASA 4', 'CAIXA DÁGUA', 7, '40323010', 'BA', 'SALVADOR', 'PASTOR ITAGUARACI BRITO', 'IGREJA BATISTA FILADELFIA', '', '1999-05-09', 2, 6, '0000-00-00', '', '2011-10-15', 176),
(592, '', 'img_fem.jpg', 'TEONILA RIBEIRO CARDOSO', '1945-07-15', 38, 3, 2, '', '', '01453157-70', 39, '', '', 'BRASILINO BISPO DOS SANTOS', 'GUILHERMINA ROSA RIBEIRO', 'RAIMUNDO CARDOSO', '0000-00-00', '', 'B+', '8660-2779', '', 'AV. JOSE LEOPOLDO, 42', 'CURUZU', 19, '40365240', 'BA', 'SALVADOR', 'ELIEL MACHADO LOREIRO', 'IGREJA BATISTA FILADELFIA', '33822002', '1994-08-21', 2, 6, '0000-00-00', '', '2011-10-15', 170),
(593, '', 'img_fem.jpg', 'VALDELICE GONÇALVES DÓREA', '1929-11-15', 38, 2, 5, '', '', '697598', 70, '', '', 'JULIO ALVES GONÇALVES ', 'ALMERILDA OLIVEIRA GONÇALVES', 'ANTONIO MOREIRA DÓRIA', '0000-00-00', '', '', '3327-5881', '', 'RUA VALSOR LOPES N°12 ', 'LIBERDADE', 21, '40325870', 'BA', 'SALVADOR', 'PASTOR ANTÔNIO RODRIGUES LOPES', 'IGREJA BATISTA FILADELFIA', '', '0000-00-00', 2, 1, '2017-04-26', 'FALECIDA EM 26/04/2017', '2011-10-15', 176),
(594, '', 'img_masc.jpg', 'ANGELO BORGES SOUSA', '1995-01-03', 37, 3, 1, 'CPM LUIZ TARQUINIO', '', '1295429381', 36, '', '', 'NETON CORREIA SOUSA', 'FLORENICE BORGES SOUZA', '', '0000-00-00', '', 'O+', '88096950', 'ANGELOBORGES12_!HOTMAIL.COM', 'RUA MANUEL DRUMOND', 'CAIXA DÁGUA', 7, '40320670', 'BA', 'SALVADOR', 'JORGE BEZERRA', 'IGREJA BATISTA FILADELFIA', '33822002', '0000-00-00', 2, 6, '0000-00-00', '', '2011-10-15', 0),
(595, '', 'img_masc.jpg', 'CLOVIS HENRIQUE DIAS', '1958-06-25', 37, 7, 2, '', '', '326744738', 82, 'FLEXNGATE - DOPEC', '36495536', 'ANTONIO HENRIQUE DIAS', 'ISABEL BARRETO DIAS', 'GLORIENE GOMES DIAS', '2008-05-02', 'CABANA DO BOGARY', 'O-', '3383-0561 /  9135-8585', 'chenrique@fngdopec.com', 'RUA TRANSYBULO FERRAZ 103 B', 'CIDADE NOVA', 83, '40313700', 'BA', 'SALVADOR', 'JORGE BEZERRA', 'BATISTA FILADELFIA', '33822002', '2011-10-09', 2, 6, '0000-00-00', '', '2011-10-15', 0),
(898, '', 'img_fem.jpg', 'CAROLINA CRUZ SOLEDADE', '1986-11-26', 38, 4, 2, '', '', '0904543323', 53, '', '', 'NILTON CESAR ANDRADE SOLEDADE', 'WALKIRIA DA LUZ CRUZ SOLEDADE', 'IRON ANDRADE', '0000-00-00', '', 'O+', '9161-9641 / 8833-5007', '', 'RUA GILBERTO FREYRE, 23A, CASA 4, VILA SOM DO MAR', 'STELLA MARIS', 50, '41600590', 'BA', 'SALVADOR', 'JORGE BEZERRA', 'IBF', '', '2012-07-08', 2, 3, '2017-04-25', 'SOLICITOU QUE FOSSE DESLIGADA, POIS ESTÁ MORANDO DISTANTE E NÃO TEM CONDIÇÕES DE CONTINUAR FREQUENTANDO. A IGREJA ATUAL NÃO PERTENCE A CONVENÇÃO BATIS', '2012-07-17', 0),
(597, '', 'img_masc.jpg', 'VALDOMIRO RIBEIRO DOS SANTOS ', '1928-10-27', 37, 3, 5, '', '', '693919', 39, '', '', 'PAULINO RIBEIRO DOS SANTOS ', 'MARIA LUISA DOS SANTOS ', '', '0000-00-00', '', '', '3388-1871', '', 'VILA ANTONIO BALBINO N°46', 'IAPI', 8, '40330695', 'BA', 'SALVADOR', ' JOSÉ AMORIM', 'IGREJA BATISTA FILADELFIA', '', '1996-12-31', 2, 6, '0000-00-00', '', '2011-10-15', 0),
(598, '', 'img_fem.jpg', 'EMILY SILVA DE SOUSA', '1996-04-25', 38, 3, 1, 'COLÉGIO CIDADE', '', '1439228078', 36, '', '', '', 'ANA LIVIA SILVA DE SOUSA', '', '0000-00-00', '', '', '9171-0320', 'mi_ly_sousa@hotmail.com', 'R. MANOEL INACIO DA COSTA, 46, AV. STª ROSA', 'CAIXA DÁGUA', 7, '40320030', 'BA', 'SALVADOR', '', 'BATISTA FILADELFIA', '', '0000-00-00', 2, 6, '0000-00-00', '', '2011-10-15', 0),
(599, '', 'img_fem.jpg', 'FELICIA FERREIRA SILVA DA CRUZ', '1915-04-01', 38, 2, 5, '', '', 'FELICIA', 25, '', '', 'PUBLIO FERREIRA DA SILVA', 'BEVENUTA DA SILVA', '', '0000-00-00', '', '', '3382-0552', '', 'TRAV SANTA MARGARIDA, 134-E', 'CAIXA DÁGUA', 7, '40320310', 'BA', 'SALVADOR', 'JORGE BEZERRA', 'IGREJA BATISTA FILADELFIA', '33822002', '2011-10-09', 2, 1, '2017-06-05', '', '2011-10-15', 0),
(600, '', 'img_masc.jpg', 'DIEGO RAIAN LINO DA CRUZ SOUSA', '1993-05-06', 37, 7, 1, 'UNIFACS', '', '1267776161', 36, '', '', 'PAULO SERGIO GOMES DE SOUSA', 'EDILEUZA LINO DA CRUZ SOUSA', '', '0000-00-00', '', '', '3241-8941', '', 'R. DOMINGOS REQUIÃO, Nº 32', 'LIBERDADE', 21, '40325470', 'BA', 'SALVADOR', '', 'BATISTA FILADELFIA', '', '0000-00-00', 2, 6, '0000-00-00', '', '2011-10-15', 0),
(601, '', 'img_fem.jpg', 'VANDETE PINHO DE OLIVEIRA ', '1964-12-18', 38, 3, 1, '', '', '2429056', 58, 'SALÃO DE BELEZA', '32447391', 'ANGELO ANTÔNIO DE OLIVEIRA ', 'DELZA VITAL C. OLIVEIRA', '', '0000-00-00', '', '', '98698-3021 / 99206-4709 / 3244', '', 'RUA PROFESSOR ARTUR DE MACEDO, N°8', 'CAIXA DÁGUA', 7, '40323120', 'BA', 'SALVADOR', 'ELIEL MACHADO LOUREIRO', 'IGREJA BATISTA FILADELFIA', '', '1995-08-20', 2, 6, '0000-00-00', '', '2011-10-15', 0),
(602, '', 'img_fem.jpg', 'CAROLINA DE OLIVEIRA SANTOS', '1998-01-05', 38, 3, 3, 'ADVENTISTA LIBERDADE', '', '1303405610', 36, '', '', 'MARCIO JESUS DOS SANTOS', 'OSCARINA ALMEIDA DE OLIVEIRA SANTOS', '', '0000-00-00', '', '', '96356621', 'LULACALI@HOTMAIL.COM', '2ª TRAVESSA MANOEL DRUMOND 27', 'CAIXA D\\''AGUA', 7, '40320691', 'BA', 'SALVADOR', 'JORGE BEZERRA', 'BATISTA FILADELFIA', '33822002', '2011-10-09', 2, 6, '0000-00-00', '', '2011-10-15', 0),
(603, '', 'img_fem.jpg', 'VANDIRA BISPO DOS SANTOS ', '1942-11-16', 38, 2, 1, '', '', '0120268167', 38, '', '', 'BISPO FERREIRA DOS SANTOS ', 'MARIA BERTULINA B. SANTOS', '', '0000-00-00', '', '', '', '', 'RUA CONDE DE PORTO ALEGRE N°176', 'IAPI', 8, '40330201', 'BA', 'SALVADOR', 'AMORIM', 'BATISTA FILADELFIA', '', '1996-12-31', 2, 6, '0000-00-00', '', '2011-10-15', 0),
(604, '', 'img_masc.jpg', 'GILVAN GUSMÃO DE ABREU', '1955-01-14', 37, 3, 2, '', '', '853432', 26, 'TAB. 12º OFÍCIO DE NOTAS', '34327638', 'JOSE DE ABREU PEREIRA (FALESCIDO)', 'DALZIRA GUSMÃO PEREIRA', 'MARIA LUIZA F.S. DE ABREU', '1982-01-16', 'SALVADOR', 'O+', '30225007', 'GABREU_GUSMAO@HOTMAIL.COM', 'AV. SETE DE SETEMBRO, 750', 'DOIS DE JULHO', 51, '40060001', 'BA', 'SALVADOR', 'GERSON CORREIA DA ROCHA', '1ª BATISTA DE VITORIA DA CONQUISTA', '', '2011-05-24', 3, 4, '0000-00-00', 'PEDIDO DE CARTA PARA IGREJA BATISTA DOIS DE JULHO / SAIDA EM 06/07/2012', '2011-10-15', 0),
(605, '', 'img_masc.jpg', 'WILSON DE OLIVEIRA FILHO', '1972-12-06', 37, 3, 2, '', '', '0494545445', 73, 'ICATEL TELEMÁTICA', '', 'WILSON DE OLIVEIRA', 'ZULEIDE DE ALMEIDA OLIVEIRA', 'ALTANICE SOUZA DE OLIVEIRA', '0000-00-00', '', '', '9608-7580', '', '2ª TV. MANOEL DRUMOND 27', 'CAIXA DÁGUA', 7, '40320195', 'BA', 'SALVADOR', 'ITAGUARACY BRITO', 'BATISTA FILADELFIA', '', '0000-00-00', 2, 6, '0000-00-00', '', '2011-10-15', 0),
(606, '', 'img_fem.jpg', 'VANILDES DE OLIVEIRA AMORIM', '1949-05-08', 38, 3, 5, '', '', '0109974077', 70, '', '', 'ANGELO ANTÔNIO DE OLIVEIRA ', 'DELZA VITAL C. OLIVEIRA', 'OSVALDO VENTURA AMORIM', '0000-00-00', '', '', '3382-2783', '', 'RUA PROF. ARTUR DE MACEDO, 08', 'CAIXA DÁGUA', 7, '40323120', 'BA', 'SALVADOR', 'NATANAEL', 'BATISTA FILADELFIA', '', '1992-05-05', 2, 6, '0000-00-00', '', '2011-10-15', 0),
(607, '', 'img_fem.jpg', 'CLARICE COSTA', '1948-05-24', 38, 3, 1, 'INTERIOR DO CONDE', '', '0117053295', 70, 'ABOME', '30150529', '', 'MARIA COSTA', '', '0000-00-00', '', 'A+', '3256-9820 / 8670-2897', '', 'RUA MARQUES DE MARICA, 118', 'PAU MIUDO', 5, '40310000', 'BA', 'SALVADOR', '', 'BATISTA FILADELFIA', '33822002', '0000-00-00', 2, 6, '0000-00-00', '', '2011-10-15', 0),
(608, '', 'img_fem.jpg', 'GLORIENE GOMES DIAS', '1967-05-02', 38, 3, 2, '', '', 'GLORIENE', 84, '', '', 'EDMUNDO DE SOUZA GOMES', 'GLORIA MARIA DA SILVA', 'CLOVIS HENRIQUE DIAS', '2008-05-02', 'CABANA DO BOGARY', 'A+', '33830561 / 9106-5599', 'GLORIENEG@HOTMAIL.COM', 'RUA TRASYBULO FERRAZ, 103 B', 'CIDADE NOVA', 83, '40313700', 'BA', 'SALVADOR', 'JORGE BEZERRA', 'IGREJA BATISTA FILADELFIA', '33822002', '2011-10-09', 2, 6, '0000-00-00', '', '2011-10-15', 0),
(609, '', 'img_fem.jpg', 'VERA LUCIA MAGALHÃES ALPEDRIZ ', '1952-04-30', 38, 3, 5, '', '', '1326025', 38, '', '', 'ARMENIO MAGALHÃES', 'EDITE PONTE VEIGA', '', '0000-00-00', '', 'A+', '3386-8313 / 98740-9713', '', '1ª TRAV. NOSSA SENHORA DAS CANDEIAS, 113, TERREO', 'PERO VAZ', 64, '40335301', 'BA', 'SALVADOR', 'ITAGUARACI BRITO', 'BATISTA FILADELFIA', '', '2003-12-28', 2, 6, '0000-00-00', '', '2011-10-15', 0),
(610, '', 'img_masc.jpg', 'WILTON ALMEIDA DE OLIVEIRA', '1971-05-19', 37, 3, 2, '', '', 'wilton ', 66, 'BOM PREÇO', '', 'WILSON DE OLIVEIRA', 'ZULEIDE ALMEIDA DE OLIVEIRA', 'TATIANE SILVA SOUZA', '0000-00-00', 'IG. BATISTA FILADELFIA', '', '9304-4915', '', 'RUA BRIZIDA DO VALE, 128U, 2º ANDAR', 'ENG. VELHO DE BROTAS', 75, '40240830', 'BA', 'SALVADOR', 'ITAGUARACY BRITO', 'BATISTA FILADELFIA', '', '2000-05-14', 2, 6, '0000-00-00', '', '2011-10-15', 0),
(611, '', 'img_fem.jpg', 'NOEME DE OLIVEIRA AINSWORTH', '1967-10-30', 38, 3, 2, '', '', 'noemeaws', 58, '', '', 'ANGELO ANTONIO DE OLIVEIRA', 'DELZA V DE PINHO OLIVEIRA', '', '0000-00-00', '', 'A +', '3326-5180/ 8600-1855', '', 'R PROF ARTUR DE MACEDO, 3', 'CAIXA DAGUA', 7, '40323120', 'BA', 'SALVADOR', 'PR ORLANDO', 'IGREJA BATISTA FILADELFIA', '', '1993-12-31', 2, 6, '0000-00-00', '', '2011-10-15', 0),
(612, '', 'img_masc.jpg', 'GERSON DE LIMA REGO JUNIOR', '1997-04-01', 37, 2, 1, 'COLEGIO MARAT', '', '1452462488', 36, '', '', 'GERSON DE LIMA REGO', 'RUTE REGO', '', '0000-00-00', '', 'B+', '3249-6423 / 9937-1300', '', 'RUA PRINCESA ISABEL, 5', 'ITAPUÃ', 15, '41610100', 'BA', 'SALVADOR', 'JORGE BEZERRA', 'IGREJA BATISTA FILADELFIA', '33822002', '2011-03-20', 2, 6, '0000-00-00', '', '2011-10-15', 0),
(613, '', 'img_fem.jpg', 'VICENTINA DE JESUS CONCEIÇÃO ', '1943-08-08', 38, 6, 2, '', '', '1564702', 38, '', '', '', 'SANTILHA FERREIRA DE JESUS', 'AGENOR MENDES', '0000-00-00', '', '', '33885456', '', 'RUA JUAZEIRO N°51', 'CAIXA DÁGUA', 7, '40321055', 'BA', 'SALVADOR', 'SILAS MATOS', 'BATISTA FILADÉLFIA ', '', '1983-02-27', 2, 6, '0000-00-00', '', '2011-10-15', 0),
(614, '', 'img_masc.jpg', 'GIOVANI BARBOSA DO NASCIMENTO FILHO', '1965-12-18', 37, 2, 2, '', '', '0248540696', 15, '', '', 'GIONANI BARBOSA DO NASCIMENTO', 'MARGARIDA BISPO', 'NATALIA OLIVEIRA NASCIMENTO', '1996-05-25', 'IGREJA BATISTA FILADELFIA', '', '8667-4911', '', 'RUA MADUREIRA DE PINHO, 70, APTO 101, 1º ANDAR', 'CAIXA DAGUA', 7, '40323080', 'BA', 'SALVADOR', 'ORLANDO', 'IGREJA BATISTA FILADELFIA', '33822002', '1994-08-21', 2, 6, '0000-00-00', '', '2011-10-15', 0),
(615, '', 'img_fem.jpg', 'NOEMIA PEREIRA DOS SANTOS', '1931-07-09', 38, 2, 5, '', '', '1174689', 38, '', '', 'OSCAR PEREIRA DOS SANTOS', 'LEONIDIA MOREIRA DOS SANTOS ', '', '0000-00-00', '', 'O +', '3243-1284', '', 'R SALDANHA MARINHO, 41, AV IRIS', 'CAIXA DAGUA', 7, '40323040', 'BA', 'SALVADOR', 'ITAGUARACI', 'IGREJA BATISTA FILADELFIA', '', '2000-05-14', 2, 6, '0000-00-00', '', '2011-10-15', 0),
(616, '', 'img_fem.jpg', 'VILMA FERREIRA DE ASSIS', '1949-01-31', 38, 2, 1, '', '', '0060637803', 39, '', '', 'WALDEMAR FERREIRA DE ASSIS', 'FLORIPIS BALBINA DE ASSIS', '', '0000-00-00', '', '', '3214-4133 / 8834-2947', '', '2ª TRAVESSA DA MANDICHURIA, N°31', 'CAIXA DÁGUA', 7, '40320185', 'BA', 'SALVADOR', 'MISSIONÁRIO DANIEL DE OLIVEIRA ', 'CASA DA BENÇÃO DE DEUS', '32414771', '2002-08-04', 3, 6, '0000-00-00', '', '2011-10-15', 0),
(617, '', 'img_fem.jpg', 'CLEIA MARTA COSTA MACIEL', '1978-03-03', 38, 4, 1, '', '', '6618057', 85, 'LEGALNET SISTEMA DE INFORMAÇAO', '30156888', 'JOSE ALVES MACIEL (FALECIDO)', 'MARIA COSTA MACIEL', '', '0000-00-00', '', '', '33899838', 'CLEIAMCM@YAHOO.COM.BR/CLEIA03@HOTMAIL.COM', 'RUA SEGUNDA MANDICHURIA 55', 'CAIXA D AGUA', 7, '40320630', 'BA', 'SALVADOR', '', '', '33822002', '0000-00-00', 2, 6, '0000-00-00', '', '2011-10-15', 0),
(620, '', 'img_fem.jpg', 'JOICE RODRIGUES RIBEIRO REGO', '1974-09-17', 38, 4, 2, '', '', '438820134', 2, 'CONTAX', '', 'JOSE RIBEIRO FILHO', 'HELENILDA RODRIGUES RIBEIRO', 'MOISÉS TOSTA REGO', '2009-11-02', 'FORUM RUI BARBOSA', '', '3326-6043', 'joycce_rr@oi.com.br', 'RUA CAMPOS FRANÇA, 58, 1º ANDAR', 'LAPINHA', 33, '40325130', 'BA', 'SALVADOR', 'JORGE BEZERRA', 'BATISTA FILADELFIA', '', '2011-10-09', 2, 6, '0000-00-00', '', '2011-10-15', 0),
(619, '', 'img_masc.jpg', 'ISAAC RESENDE DALTRO', '1995-11-25', 37, 3, 1, 'ADVENTISTA DE SALVADOR', '', '1475813384', 36, '', '', 'GILDASIO RIOS DALTRO', 'LUCIANA RESENDE DALTRO', '', '0000-00-00', '', '', '32564211 / 83302903', 'ISAAC_TUR@HOTMAIL.COM', 'RUA SALDANHA MARINHO, 169', 'CAIXA DÁGUA', 7, '40323010', 'BA', 'SALVADOR', 'JORGE BEZERRA', 'IGREJA BATISTA FILADELFIA', '33822002', '2011-03-20', 2, 6, '0000-00-00', '', '2011-10-15', 0),
(621, '', 'img_fem.jpg', 'VILMA SILVA MENEZES', '1954-03-05', 38, 2, 2, '', '', '0305670174', 51, '', '', 'RAIMUNDO GOMES SILVA', 'ESMERALDA MONTEIRO SILVA', 'JOSÉ BATISTA DE MENEZES', '0000-00-00', '', 'O-', '33811254', '', 'LADEIRA DO PAIVA N°01', 'CAIXA DÁGUA', 7, '40320790', 'BA', 'SALVADOR', 'ELIEL M. LOUREIRO', 'BATISTA FILADÉLFIA ', '', '1995-08-20', 2, 6, '0000-00-00', '', '2011-10-15', 0),
(624, '', 'img_fem.jpg', 'TEREZINHA VIEIRA MARQUES DA SILVA', '1936-07-18', 38, 8, 2, '', '', '0210416440', 39, '', '', 'AVELINO MACHADO DA SILVA', 'MARIA VIEIRA DA SILVA', 'JOEL MARQUES DA SILVA', '1970-09-26', '', '', '34618322', '', 'CONJ. HABIT. SABOEIRO BL76 AP201', 'CABULA X', 49, '41180170', 'BA', 'SALVADOR', 'ANTONIO NASCIMENTO FILHO', 'IGREJA BATISTA FILADELFIA', '33822002', '1965-04-18', 2, 6, '0000-00-00', '', '2011-10-15', 0),
(625, '', 'img_masc.jpg', 'VINICIUS DE OLIVEIRA MONTEIRO ', '1994-03-11', 37, 6, 1, 'ESCOLA ADVENTISTA DE LIBERDADE', '32430329', '1303405881', 36, '', '', 'FRANCISCO MONTEIRO ', 'EDNALVA DE OLIVEIRA MONTEIRO', '', '0000-00-00', '', '', '32443013', '', 'SEGUNDA TRAVESSA MANOEL DRUMOND N°27', 'CAIXA DÁGUA', 7, '40320960', 'BA', 'SALVADOR', 'JORGE COUTO', 'BATISTA FILADÉLFIA ', '', '2010-12-25', 2, 6, '0000-00-00', '', '2011-10-15', 0),
(728, '', 'img_fem.jpg', 'MARIA DE FÁTIMA BEZERRA CERQUEIRA ', '1955-11-26', 38, 7, 1, '', '', '0842015418', 37, '', '', 'EDGAR BARCELLOS CERQUEIRA', 'CLOTHILDE DAMASCENO BEZERRA', '', '0000-00-00', '', 'A+', '32411465/ 93059758/ 87199711/ ', '', 'RUA SALDANHA MARINHO, N° 97 A / APO 103', 'CAIXA DÁGUA', 7, '40323010', 'BA', 'SALVADOR', 'PASTOR JAIME', 'IGREJA MUNDIAL DO PODER DE DEUS', '', '2011-08-14', 1, 3, '0000-00-00', 'PEDIU EXCLUSÃO DO ROL DE MEMBROS', '2011-10-15', 0),
(730, '', 'img_fem.jpg', 'MARIA MILZA SILVA DE AGUIAR', '1956-07-24', 38, 7, 5, '', '', '454709', 58, 'AUTÔNOMO', '', 'VITÓRIO ALBÉRICO DA SILVA (IN MEMORIAN)', 'MARIA D´AJUDA SANTOS DA SILVA (IN MEMORIAN)', '', '0000-00-00', '', 'O+', '3241-6826/8629-6710', 'milza7@hotmail.com', 'RUA CAMPOS FRANÇA, 05', 'LAPINHA', 33, '40325130', 'BA', 'SALVADOR', 'RODRIGO DA ENCARNAÇÃO (IN MEMORIAN)', 'UNIVERSAL DO REINO DE DEUS', '', '2011-06-26', 1, 6, '0000-00-00', '', '2011-10-15', 0),
(731, '', 'img_masc.jpg', 'HILQUIAS FRANÇA DE SOUSA SANTOS', '1997-12-19', 37, 8, 1, 'INSTITUTO EDUCACIONAL RAMO DA VIDEIRA', '', '1598192701', 36, '', '', 'EZEQUIAS DA SILVA SANTOS', 'NILZETE FRANÇA DE SOUSA SANTOS', '', '0000-00-00', '', 'A+', '3386-3173 / 9265-8007', '', 'RUA FREITAS HENRIQUE DE CIMA, 111', 'CX DAGUA', 7, '40320150', 'BA', 'SALVADOR', 'SAMUEL FRANÇA', 'BATISTA FILHOS DA LUZ', '', '2011-08-14', 1, 3, '2016-09-12', 'CPF: 055.014.345-98 / DESLIGADO EM 12/09/2016 APOS REUNIAO DO CAPI NO DIA 11/09/2016', '2011-10-15', 0),
(732, '', 'img_fem.jpg', 'VANDA OLIVEIRA DE ASSIS ', '1952-08-10', 38, 3, 4, '', '', '281061645', 28, '', '', 'BENEDITO ASSIS', 'MARIA DE OLIVEIRA', 'ANTÔNIO CARLOS C. DE SANTANA ', '1974-12-21', 'IGREJA DE BOA VIAGEM', 'A+', '32340820', '', 'RUA MANOEL DRUMOND N° 2845', 'CAIXA D\\\\\\''ÁGUA', 7, '40320670', 'BA', 'SALVADOR', '', '', '', '2011-08-14', 1, 6, '0000-00-00', 'FALTAM DADOS SOBRE A ACLAMAÇÃO', '2011-10-15', 0),
(736, '', 'img_fem.jpg', 'MARCIA TATIANA VASCONCELOS BANDEIRA', '1979-10-13', 38, 3, 1, '', '', '0701251395', 35, '', '', 'IVANY DOS SANTOS BANDEIRA', 'MARILENE ANTONIA DA SILVA VSACONCELOS', '', '0000-00-00', '', '', '3242-4246', 'marciatvb@hotmail.com', '4ª TRAVESSA VITOR SERRA, 01A', 'PERO VAZ', 64, '40335425', 'BA', 'SALVADOR', 'JORGE BEZERRA', '', '', '2012-04-22', 2, 6, '0000-00-00', 'ALUNA PARA BATISMO', '2011-10-15', 0),
(626, '', 'img_fem.jpg', 'TEREZINHA MARIA DOS SANTOS', '1929-07-19', 38, 2, 5, '', '', '410967', 39, '', '', 'JOAQUIM ALVES OLIVEIRA', 'MARCIONÍLIA MARIA DE JESUS', '', '0000-00-00', '', '', '33860609', '', 'RUA FREITAS HENRIQUE DE CIMA 121', 'CAIXA DAGUA', 7, '40320165', 'BA', 'SALVADOR', 'NATANAEL BARRETO', 'IGREJA BATISTA FILADELFIA', '33822002', '0000-00-00', 2, 6, '0000-00-00', '', '2011-10-15', 0),
(627, '', 'img_fem.jpg', 'LAIS VANESCA GOMES DE ASSIS', '0000-00-00', 38, 3, 1, 'ESTADUAL MARQUÊS DE MARICÁ', '', '1655349660', 36, '', '', 'JADILTON FERREIRA DE ASSIS', 'KATIA MARY ALVES GOMES', '', '0000-00-00', '', '', '', '', 'R. 24 DE JUNHO', 'CIDADE NOVA', 83, '', 'BA', 'SALVADOR', 'EDIMAR ROCHA SOARES', 'BATISTA  RENOVAÇÃO ESPIRITUAL', '', '2011-06-19', 4, 6, '0000-00-00', '', '2011-10-15', 0),
(628, '', 'img_fem.jpg', 'VIVIANE DE OLIVEIRA SANTOS ', '1977-08-17', 38, 7, 1, '', '', 'vIVIANE', 9, '', '', 'JOSÉ ALVARO SANTOS FILHO', 'MARIA JOSÉ DE O. SANTOS', '', '0000-00-00', '', '', '88060853/ 33837094', 'VIVIANISSIMA @HOTMAIL.COM', 'RUA 25 DE DEZEMBRO Nº', '', 82, '', 'BA', '', 'JORGE COUTO', 'BATISTA FILADÉLFIA', '', '0200-08-02', 2, 3, '2016-04-04', 'DESLIGADO DO ROL DE MEMBROS POR AUSÊNCIA EM 04/04/2016 - FREQUANTANDO A ASSEMBLEIA DE DEUS', '2011-10-15', 0),
(629, '', 'img_masc.jpg', 'TIAGO CARDOSO DE OLIVEIRA', '1993-02-20', 37, 3, 1, '', '', '13249367-54', 36, '', '', 'JOÃO CARDOSO DE OLIVEIRA', 'MARINALVA PINHO DE OLIVEIRA', '', '0000-00-00', '', 'A=', '32550890/81373412', 'TIAGUINHO-CARDOSO@HOTMAIL.COM', 'LADEIRA DO PAIVA 607', 'CAIXA DAGUA', 7, '40320050', 'BA', 'SALVADOR', 'ITAGUARACY BRITO DOS SANTOS', 'BATISTA FILADELFIA', '33822002', '2006-08-13', 2, 6, '0000-00-00', '', '2011-10-15', 0),
(630, '', 'img_fem.jpg', 'YARA DE JESUS SANTANA', '1981-09-04', 38, 3, 2, '', '', '0984207716', 68, 'ATACADÃO', '3255-8451', 'JOSE LEAL DE JESUS SANTANA', 'TEREZINHA DE JESUS SANTANA', 'ALBERT SILVA SANTANA', '2017-02-04', 'IBF', 'A +', '99132-8470', '', 'RUA CONDE DE PORTO ALEGRE, 84, IAPI', 'IAPI', 8, '40330200', 'BA', 'SALVADOR', 'ITAGUARACI', 'IGREJA BATISTA FILADELFIA', '', '2000-05-14', 2, 6, '0000-00-00', 'RECONCILIAÇÃO EM 10/01/2017 COM PR. JORGE BEZERRA', '2011-10-15', 0),
(631, '', 'img_fem.jpg', 'OSCARINA ALMEIDA DE OLIVEIRA SANTOS', '1975-07-31', 38, 6, 2, '', '', '552104493', 20, 'C. S. CONSTRUÇOES', '', 'WILSON DE OLIVEIRA', 'ZULEIDE DE ALMEIDA OLIVEIRA', 'MARCIO JOSE DOS SANTOS', '0000-00-00', 'FORUM RUI BARBOSA', 'A+', '96356621', 'DAYALMEIDA@BOL.COM.BR', 'RUA 2ª TRAVESSA MANUEL DRUMOND 27', 'CAIXA D AGUA', 7, '40320691', 'BA', 'SALVADOR', 'JORGE BEZERRA', 'BATISTA FILADELFIA', '33822002', '2011-10-09', 2, 6, '0000-00-00', '', '2011-10-15', 0),
(632, '', 'img_fem.jpg', 'TEREZINHA DOS SANTOS LAGO', '1936-06-24', 38, 2, 5, '', '', '0039178510', 25, '', '', 'MANOEL LEOPOLDO DOS SANTOS', 'IRIA COSTA  DOS SANTOS', 'ELPIDIO PEREIRA DO LAGO', '0000-00-00', '', 'O+', '3389-4881', 'LAGOB@IG.COM.BR', 'RUA MADUREIRA DE PINHO 29 AP.301', 'CAIXA DAGUA', 7, '40323080', 'BA', 'SALVADOR', 'ITAGUARACY BRITO DOS SANTOS', 'BATISTA FILADELFIA', '33822002', '2002-08-12', 2, 6, '0000-00-00', '', '2011-10-15', 0),
(633, '', 'img_fem.jpg', 'MAIRA GISELA PRINCIPE', '1984-01-01', 38, 3, 1, '', '', 'V563996Z', 73, 'FLORES E CORES COM. LTDA', '33897950', 'MIGUEL ANGUEL PRINCIPE', 'NORA ALICIA PONCE', '', '0000-00-00', '', 'O+', '88494334', 'MAIRAPRINCIPE@HOTMAIL.COM', 'RUA PR SOUZA DE BRITO, 92, COND. CASARILL, C. 33', 'ITAPUÃ', 15, '41640380', 'BA', 'SALVADOR', 'JORGE BEZERRA', 'IGREJA BATISTA FILADELFIA', '33822002', '2011-03-20', 2, 6, '0000-00-00', '', '2011-10-15', 0),
(634, '', 'img_fem.jpg', 'LIGIA MASCARENHAS COSTA MAIA', '1957-12-25', 38, 3, 2, '', '', '329019', 38, '', '', 'EDMARIO GOMES DA COSTA', 'ALMERINDA FERNANDES MASCARENHAS', 'OLYVAL DA SILVA MAIA', '1977-05-20', '', '', '3388-2076', '', 'R. MANOEL DRUMOND, 21 - CASA 01', 'CAIXA DÁGUA', 7, '40320700', 'BA', 'SALVADOR', 'PAULO LINO', 'BATISTA SINAI', '', '2011-05-24', 3, 6, '0000-00-00', '', '2011-10-15', 0),
(636, '', 'img_masc.jpg', 'PAULO ROBERTO ALVES DOS SANTOS', '1962-10-12', 37, 3, 1, '', '', '0179397397', 12, 'PRESCOMGRAF COM.E PREST.SERVIÇOS LTDA', '92254500', '', 'MARIA ALVES DOS SANTOS', '', '0000-00-00', '', '', '86187659/81332581', '', 'AV. STO. ANTONIO 29 1° ANDAR', 'CIDADE NOVA', 83, '40314150', 'BA', 'SALVADOR', '', 'IG. UNIVERSAL DO REINO DE DEUS', '', '2011-08-14', 1, 6, '0000-00-00', '', '2011-10-15', 0),
(638, '', 'img_fem.jpg', 'MARCIA QUEILA SANTANA AVELINO', '1994-10-26', 38, 3, 1, '', '', '1538130831', 36, '', '', 'MARCIO FREITAS AVELINO', 'JOICE DE ALMEIDA SANTANA', '', '0000-00-00', '', '', '3018-3066', 'MAAHSANTANA@HOTMAIL.COM', 'RUA SALDANHA MARINHO, 07, AV. CONCEIÇAO', 'CAIXA DÁGUA', 7, '40323510', 'BA', 'SALVADOR', 'JORGE BEZERRA', 'IGREJA BATISTA FILADELFIA', '33822002', '2011-03-20', 2, 6, '0000-00-00', '', '2011-10-15', 0),
(639, '', 'img_fem.jpg', 'VIVIANE FALCÃO FERREIRA ', '1979-09-04', 38, 4, 1, '', '', 'vIVIANE FALCÃO', 36, '', '', '', '', '', '0000-00-00', '', 'A+', '88429795', '', 'RUA SALDANHA MARINHO EDIFICIO- SOLAR, N°74', 'CAIXA DÁGUA', 7, '40323010', 'BA', 'SALVADOR', 'JORGE BEZERRA', 'BATISTA FILADÉLFIA', '', '2011-06-12', 4, 6, '0000-00-00', '', '2011-10-15', 0),
(640, '', 'img_masc.jpg', 'ISLAN LUCAS CRUZ MOTA ', '1995-07-03', 37, 6, 1, 'CARNEIRO RIBEIRO', '', '1522718453', 36, '', '', 'JOSUE SANTOS MOTA', 'NADIA SILVA DA CRUZ', '', '0000-00-00', '', '', '32334243/ 98854-5581', 'ISLANLUCAS@HOTMAIL.COM', 'TRAVESSA CARMELO DUTRA, N°15', 'LIBERDADE', 21, '40325630', 'BA', 'SALVADOR', 'JORGE BEZERRA', 'BATISTA FILADÉLFIA', '', '2011-03-01', 2, 6, '0000-00-00', 'BATISMO DIA 07/10/2012', '2011-10-15', 0),
(641, '', 'img_fem.jpg', 'MARIA LUIZA FIGUEIREDO SANTANA DE ABREU', '1955-02-19', 38, 4, 2, '', '', 'MARIA LUIZA', 42, '', '', 'ELIEZER CERQUEIRA SANTANA', 'ADALTINA FIGUEIREDO SANTANA', 'GILVAN GUSMÃO DE ABREU', '1982-01-16', 'SALVADOR', '', '30225007 / 86634872', 'M.LUIZAABREU@HOTMAIL.COM', 'AV. 7 DE SETEMBRO, 750, ED. SANTO AMOAR, 303', 'MERCÊS - CENTRO', 52, '40060001', 'BA', 'SALVADOR', 'LOURIVAL BASTOS DE AZEVEDO', 'IGREJA BATISTA NOVA JERUSALEM EM ALAGOINHAS', '', '2011-05-24', 3, 4, '0000-00-00', 'PEDIDO DE CARTA PARA IGREJA BATISTA DOIS DE JULHO / SAIDA EM 06/07/2012', '2011-10-15', 0),
(642, '', 'img_masc.jpg', 'YTALO DA CONCEIÇÃO FERREIRA PINTO', '1997-04-19', 37, 3, 1, 'EDUC HELITA VIEIRA', '3241-8793', '1480731749', 36, '', '', 'CARLOS COSME ROSARIO F PINTO', 'JOZELIA DA CONCEIÇÃO SANTOS', '', '0000-00-00', '', '', '3022-9053', '', 'R SALDANHA MARINHO, 101', 'CAIXA DAGUA', 7, '40323010', 'BA', 'SALVADOR', '', '', '', '2011-03-20', 2, 6, '0000-00-00', '', '2011-10-15', 0),
(643, '', 'img_masc.jpg', 'JOSEVALDO RIBEIRO CONCEIÇÃO JUNIOR', '1996-07-28', 37, 8, 1, '', '', 'jUNIOR', 36, '', '', '', '', '', '0000-00-00', '', '', '32563522/ 92370175', 'JUNIORGOSTOSO1996@HOTMAIL.COM', 'RUA SALDANHA MARINHO N°202', 'CAIXA DÁGUA', 7, '40323010', 'BA', 'SALVADOR', 'JORGE BEZERRA', 'BATISTA FILADÉLFIA', '', '2011-04-10', 4, 6, '0000-00-00', '', '2011-10-15', 0),
(644, '', 'img_fem.jpg', 'REJANE PARADELLA SILVA', '1961-10-03', 38, 3, 2, '', '', '0107730707', 66, 'COLÉGIO ESTADUAL CARNEIRO RIBEIRO', '32424387', 'HERMANN CAMPOS PARADELLA', 'CLESE DE SOUZA PARADELLA', 'JOSÉ MARTINS BISPO DA SILVA', '0000-00-00', '', 'O+', '33262881', 'REJANEPARADELLA@HOTMAIL.COM', 'ESTRADA DA LIBERDADE 31, 1 ANDAR', 'LIBERDADE', 21, '40375017', 'BA', 'SALVADOR', 'ELIEL MACHADO LOUREIRO', 'IGREJA BATISTA FILADELFIA', '33822002', '0000-00-00', 1, 6, '0000-00-00', '', '2011-10-15', 0),
(645, '', 'img_fem.jpg', 'THAIS DA CONCEIÇÃO FERREIRA PINTO ', '1988-01-14', 38, 4, 1, '', '', 'tHAIS', 36, '', '', '', '', '', '0000-00-00', '', '', '32411177/  81400538', '', 'RUA SALDANHA MARINHO N°101', 'CAIXA D\\''ÁGUA', 7, '', 'BA', 'SALVADOR', 'JORGE BEZERRA', 'BATISTA FILADÉLDIA ', '', '2011-03-19', 4, 3, '0000-00-00', '', '2011-10-15', 0),
(646, '', 'img_masc.jpg', 'MATHEUS DE SOUZA FARIAS', '1994-02-19', 37, 1, 1, 'CE. CLASSE III', '', '1438338392', 36, '', '', 'OSMARIO PEREIRA FARIAS', 'NANCI ALVES DE SOUZA', '', '0000-00-00', '', '', '33823909 / 8747-7465', '', 'RUA TRASYBULO FERRAZ, 96', 'CIDADE NOVA', 83, '44313700', 'BA', 'SALVADOR', 'JORGE BEZERRA', 'IGREJA BATISTA FILADELFIA', '33822002', '2011-06-05', 2, 6, '0000-00-00', '', '2011-10-15', 0),
(647, '', 'img_fem.jpg', 'LAIS REIS DOS ANJOS FALCÃO', '1990-07-25', 38, 3, 1, '', '', '1285872371', 36, '', '', 'JORGE JOSE EVANGELISTA FALCÃO', 'ALOÍSIA REIS DOS ANJOS FALCÃO', '', '0000-00-00', '', '', '8238-1710', 'lai_miguxinha@hotmail.com', 'R. TOMAZ GONZAGA, 249', 'PERNAMBUES', 23, '41130000', 'BA', 'SALVADOR', 'DAVID', 'PRIMEIRA IG. BATISTA DE PERNAMBUÉS', '', '2011-05-01', 3, 6, '0000-00-00', '', '2011-10-15', 0),
(648, '', 'img_masc.jpg', 'JORGE HENRIQUE DE SOUZA GABRIEL ', '1984-01-05', 37, 4, 2, '', '', 'jORGE', 36, '', '', '', '', '', '0000-00-00', '', '', '87895345', 'HENRIQUEEGABRIELTST@HOTMAIL.COM', 'RUA COND. DE PORTO ALEGRE, N° 84 CASA 3', 'IAPI', 8, '40330200', 'BA', 'SALVADOR', 'JORGE BEZERRA', 'BATISTA FILADÉLFIA', '', '2011-04-24', 4, 3, '0000-00-00', '', '2011-10-15', 0),
(649, '', 'img_fem.jpg', 'ARIADNE RITA BRITO PAIXÃO', '1972-01-12', 38, 3, 2, '', '', '4.714.192-14', 15, 'POLIVIG E MAXSEG', '', 'HOLMES FERNANDO F. PAIXÃO', 'ELIETEBRITO PAIXÃO', 'PAULO SERGIO NEVES DOS SANTOS PAIXÃO', '2007-10-26', 'IG. BATISTA FILADELFIA', 'O+', '8603-1723', '', 'RUA DA ALMAS, 39', 'CIDADE NOVA', 83, '40313260', 'BA', 'SALVADOR', 'JORGE DA PAZ', 'IGREJA BATISTA FILADELFIA', '33822002', '2004-12-31', 1, 6, '0000-00-00', '', '2011-10-15', 0),
(650, '', 'img_masc.jpg', 'MARLON DOS SANTOS CASTRO', '1991-10-13', 37, 7, 1, 'UCSAL', '', 'MARLON', 36, '', '', 'JOSE CELSO DOREA CASTRO', 'MINERVINA DOS SANTOS CASTRO', '', '0000-00-00', '', 'O+', '87623626', '', 'RUA SALDANHA MARINHO, 135', 'CAIXA DÁGUA', 7, '40323010', 'BA', 'SALVADOR', 'JORGE CUNHA', 'IGREJA BATISTA EM BERLINQUE', '', '2010-05-08', 3, 6, '0000-00-00', '', '2011-10-15', 0),
(651, '', 'img_masc.jpg', 'DIEGO PITAR', '1991-02-04', 37, 10, 1, '', '', 'dIEGO', 36, '', '', '', '', '', '0000-00-00', '', '', '32564688/ 87740712', 'PITA5651@HOTMAIL.COM', 'RUA BENTO SABINO DOS REIS, N°23, SEGUNDO ANDAR', 'CAIXA D\\''ÁGUA', 7, '40320040', 'BA', 'SALVADOR', 'JORGE BEZERRA', 'BATISTA FILADÉLFIA', '', '2011-05-15', 4, 3, '2016-04-04', 'DESLIGADO DO ROL DE MEMBROS POR AUSÊNCIA EM 04/04/2016', '2011-10-15', 0),
(652, '', 'img_fem.jpg', 'TATIANE DA CONCEIÇAO SANTOS', '1984-09-10', 38, 3, 1, '', '', '0989761177', 35, '', '', '', '', '', '0000-00-00', '', '', '88150116', 'TATIANESANTOS.SABERAS@HOTMAIL.COM', 'RUA SALDANHA MARINHO 101', 'CAIXA D AGUA', 7, '40323010', 'BA', 'SALVADOR', 'JORGE BEZERRA', 'BATISTA FILADELFIA', '33822002', '2011-10-09', 2, 6, '0000-00-00', 'PROFISSAO E GRAU DE INSTRUÇAO NAO INFORMADOS', '2011-10-15', 0),
(653, '', 'img_fem.jpg', 'ALINE AZEVEDO DA SILVA RIBEIRO', '1983-09-13', 38, 7, 2, 'UNIME', '88673081', '0796609246', 12, 'O BOTICÁRIO', '33771777', 'ALZINILO DE JESUS DA SILVA', 'MIRIAN AZEVEDO DA SILVA', 'ALAN SILVA RIBEIRO', '2007-07-07', 'IGREJA BATISTA FILADELFIA', '', '8867-3081 / 8639-1367', 'ALINEAZEVEDO12@HOTMAIL.COM', 'AV. SÃO ROQUE 07 ', 'CAIXA DÁGUA', 7, '40320120', 'BA', 'SALVADOR', 'ITAGUARACI BRITO DOS SANTOS', 'IGREJA BATISTA FILADELFIA', '33822002', '0000-00-00', 1, 3, '2016-09-12', 'ACLAMAÇÃO EM JANEIRO/2011 / DESLIGADO EM 12/09/2016 APOS REUNIAO DO CAPI NO DIA 11/09/2016', '2011-10-15', 0),
(655, '', 'img_fem.jpg', 'RAQUEL REIS DOS ANJOS FALCÃO', '1991-07-06', 38, 4, 1, 'FACULDADE DE TECNOLOGIA E CIÊNCIAS', '', '1285872533', 52, 'EBATECA', '', 'JORGE JOSE EVANGELISTA FALCÃO', 'ALOÍSIA REIS DOS ANJOS FALCÃO', '', '0000-00-00', '', '', '3497-4501', 'raquelreis_ballet@hotmail.com', 'R. THOMAZ GONZAGA, 249', 'PERNAMBUÉS', 23, '41100000', 'BA', 'SALVADOR', 'FRANCISCO DAVI', 'PRIMEIRA IGREJA BATISTA', '', '2011-05-01', 3, 6, '0000-00-00', '', '2011-10-15', 0),
(656, '', 'img_masc.jpg', 'ALAN SILVA RIBEIRO', '1980-11-30', 37, 3, 2, '', '', '0729402550', 35, 'HIDRAU...', '', 'CLAUDINO DE SOUZA RIBEIRO', 'JOANICE SILVA RIBEIRO', 'ALINE AZEVEDO DA SILVA RIBEIRO', '2007-07-07', 'IGREJA BATISTA FILADELFIA', '', '8637-2097', 'ALAN12RIBEIRO@HOTMAIL.COM', 'AV. SÃO ROQUE 07 ', 'CAIXA DAGUA', 7, '40321120', 'BA', 'SALVADOR', 'ITAGUARACI BRITO DOS SANTOS', 'IGREJA BATISTA FILADELFIA', '33822002', '0000-00-00', 1, 3, '0000-00-00', 'ACLAMAÇÃO EM JAN/2011 / EXCLUIDO DO ROL DE MEMBROS - 31/03/2015', '2011-10-15', 0),
(657, '', 'img_fem.jpg', 'BARBARA MARCIA P. SILVA', '1980-09-12', 38, 3, 1, '', '', '0875615651', 35, '', '', 'ANTONIO EGEDIO', 'MARIA CARMELITA', '', '0000-00-00', '', '', '33824600', '', 'AV. BARROS REIS, 421 E', 'BAIXA DO CABULA', 32, '41150200', 'BA', 'SALVADOR', '', 'IGREJA BATISTA FILADELFIA', '', '1999-12-26', 2, 3, '2016-04-04', 'DESLIGADO DO ROL DE MEMBROS POR AUSÊNCIA EM 04/04/2016', '2011-10-15', 0),
(658, '', 'img_masc.jpg', 'EZEQUIAS DA SILVA SANTOS ', '1955-09-02', 37, 3, 2, '', '', '82892806', 11, '', '', 'EDERALDO BISPO DOS SANTOS ', 'FRANCISCA FERREIRA DA SILVA SANTOS ', 'NILZETE FRANÇA DE SOUSA SANTOS ', '1982-12-25', 'IGREJA BATISTA FILADÉLFIA', 'A+', '3386-3173 / 9159-8094', '', 'RUA FREITAS HENRIQUE DE CIMA, 111', 'CAIXA DAGUA', 7, '40320150', 'BA', 'SALVADOR', 'JORGE BEZERRA', 'BATISTA FILADÉLFIA', '', '2011-08-14', 4, 6, '0000-00-00', 'CPF: 096.152.705-63 / BATIZADO EM 07/05/1972 PELO PR. ANTONIO NASCIMENTO FILHO', '2011-10-15', 0),
(659, '', 'img_fem.jpg', 'VILMA SANTOS NASCIMENTO', '1952-11-06', 38, 2, 1, '', '', 'VILMA', 25, '', '', 'RIVALDO DOS SANTOS', 'EDITE DO NASCIMENTO', '', '0000-00-00', '', 'O+', '91749545', '', 'RUA VINTE DE AGOSTO AV WALDEVINO M. 9', 'PAU MIUDO', 5, '40310610', 'BA', 'SALVADOR', 'JORGE BEZERRA', 'BATISTA FILADELFIA', '33822002', '2011-10-09', 2, 4, '0000-00-00', 'PEDIDO DE CARTA PARA IGREJA BATISTA SINAI EM 05/08/2014 / SAIDA EM 03/09/2014', '2011-10-15', 0);
INSERT INTO `membros` (`pk_membro`, `fg_membro`, `te_foto`, `nm_membro`, `dt_nascimento`, `fk_sexo`, `fk_instrucao`, `fk_estado`, `nm_escola`, `nu_tel_escola`, `nu_rg`, `fk_profissao`, `nm_empresa`, `nu_tel_empresa`, `nm_pai`, `nm_mae`, `nm_conjuge`, `dt_casamento`, `nm_local`, `nm_rh`, `nu_tel_casa`, `nm_email`, `nm_logra`, `nm_bairro1`, `fk_bairro`, `nu_cep`, `nm_uf`, `nm_cidade`, `nm_pastor`, `nm_igreja`, `nu_tel_igreja`, `dt_admissao`, `fk_entrada`, `fk_saida`, `dt_saida`, `te_observacao`, `dt_cadastro`, `fk_usuario`) VALUES
(660, '', 'img_masc.jpg', 'PAULO SERGIO NEVES DOS SANTOS', '1981-08-07', 37, 3, 2, '', '', '0825006902', 35, 'REVITA.', '', 'SERVO FELINTO DOS SANTOS', 'ROSALINA DAS NEVES', 'ARIADNE RITA BRITO PAIXÃO', '0000-00-00', '', '', '8206-1573', '', 'RUA DAS ALMAS, 39', 'CIDADE NOVA', 83, '40313260', 'BA', 'SALVADOR', '', 'IGREJA EVANGELICA PETENCOSTAL', '33822002', '0000-00-00', 1, 6, '0000-00-00', '   BATSMO EM 12.8.2007 E ACLAMAÇÃO 2011', '2011-10-15', 0),
(661, '', 'img_masc.jpg', 'MOISÉS TOSTA RÊGO ', '1970-01-13', 37, 4, 2, '', '', '326205608', 9, '', '', 'JOEL COSTA RÊGO', 'AURA MOREIRA TOSTA ', 'JOICE RODRIGUES RIBEIRO RÊGO', '2009-11-03', 'FORUM', 'A+', '3326-6043 / 8827-6280 / 9945-5', '', 'RUA CAMPOS FRANÇA, N° 58 1° ANDAR', 'LAPINHA', 33, '40325130', 'BA', 'SALVADOR', 'JORGE BEZERRA', 'BATISTA FILADÉLFIA', '', '2011-07-24', 4, 6, '0000-00-00', '', '2011-10-15', 0),
(662, '', 'img_masc.jpg', 'JORGE DE OLIVEIRA BEZERRA', '1954-04-22', 37, 4, 2, '', '', 'jorge bezerra', 19, 'BATISTA FILADELFIA', '', 'JOSE HENRIQUE BEZERRA', 'DINA DE OLIVEIRA BEZERRA', 'AIDINETE VIEIRA BEZERRA', '1976-02-21', 'SÃO PAULO', '', '88994445', '', 'R. DR. ALBERTO PONDÉ, APT. 302- ED. VINICIUS DE MORAES', 'CANDEAL PEQUENO', 56, '40296250', 'BA', 'SALVADOR', 'ISAIAS LINS', 'BATISTA DOS MARES', '', '2011-04-29', 3, 6, '0000-00-00', '', '2011-10-15', 0),
(663, '', 'img_fem.jpg', 'MARIA CELIA DE JESUS ROCHA', '1952-01-17', 38, 1, 2, '', '', 'MARIA CELIA', 38, '', '', '', 'MARIA RAIMUNDA DE JESUS', 'CATARINO', '0000-00-00', '', '', '33892598', '', 'RUA DR MARIO DE SOUZA DANTAS, 45 A', 'CAIXA DÁGUA', 7, '40323060', 'BA', 'SALVADOR', 'WILSON MARQUES', 'IGREJA DO EVANGELHO QUADRANGULAR', '', '0000-00-00', 1, 6, '0000-00-00', '', '2011-10-15', 0),
(664, '', 'img_fem.jpg', 'ZENAIDE QUERINO SILVA', '1964-03-10', 38, 3, 4, '', '', '01.713.495-12', 81, '', '', 'OLCIONE DOS SANTOS SILVA', 'VITALINA QUERINO SILVA', '', '0000-00-00', '', '', '3386-7529 / 8883-6109', '', 'RUA SALDANHA MARINHO, 163', 'CAIXA DAGUA', 7, '40323010', 'BA', 'SALVADOR', 'NATALINO E FRANCISCO', 'COM. BATISTAMEVANG. DE BLUMENAU-SC', '3822002', '0000-00-00', 1, 6, '0000-00-00', 'ACLAMAÇÃO EM 2011', '2011-10-15', 0),
(665, '', 'img_masc.jpg', 'URBANO DE SANTANA FILHO ', '1963-03-17', 37, 4, 2, '', '', '176459772', 9, '', '', 'URBANO DE SANTANA ', 'RAQUEL CERQUEIRA DE SANTANA ', 'VANILDE DE JESUS SANTANA', '0000-00-00', '', 'O+', '8628-8525 / 9368-0875', 'URBA1014@HOTMAIL.COM', 'RUA 6 DE JANEIRO, 26, 2º ANDAR', 'URUGUAI', 55, '40450260', 'BA', 'SALVADOR ', 'JORGE BEZERRA', 'BATISTA FILADÉLFIA', '', '2011-08-14', 4, 6, '0000-00-00', '', '2011-10-15', 0),
(666, '', 'img_fem.jpg', 'VALNICE SONIA FALCAO', '1956-10-11', 38, 2, 1, '', '', '0169992829', 70, '', '', 'GABRIEL FELICISSIMO FALCAO', 'ALZIRA SANTOS', '', '0000-00-00', '', '', '9205-6254 / 9617-7731 / 3178-9', '', '1ª TRAVESSA MANOEL DRUMOND, 14', 'CAIXA D AGUA', 7, '40320670', 'BA', 'SALVADOR', 'JORGE BEZERRA', 'BATISTA FILADELFIA', '33822002', '2011-06-06', 2, 6, '0000-00-00', 'NUMERO DA CASA NAO INFORMADO,VISITA QUALQUER DIA NOITE', '2011-10-15', 0),
(667, '', 'img_fem.jpg', 'ERBENE FERREIRA FONSECA SILVA', '1962-12-23', 38, 3, 2, '', '', '0159814790', 11, '', '', 'DEOCLECIANO FERREIRA ', 'ELZA ARAUJO FERREIRA', 'GENILSON FONSECA SILVA', '1986-01-22', '', '', '3327-4419 / 9272-7702', 'bg_fon@hotmail.com', 'R. SALDANHA MARINHO, 135', 'CAIXA DÁGUA', 7, '40323010', 'BA', 'SALVADOR', '', '2ª iG. BATISTA DE DIAS DÁVILA', '', '0000-00-00', 3, 3, '2016-04-04', 'BATIZADA PELO PR. NATANAEL QUADROS. / DESLIGADO DO ROL DE MEMBROS POR AUSÊNCIA EM 04/04/2016 - FREQUENTANDO A IGREJA BATISTA MISS. VISÃO PROFÉTICA', '2011-10-15', 0),
(668, '', 'img_fem.jpg', 'JOVEM DE JESUS SANTOS', '1929-09-12', 38, 9, 5, '', '', '354795', 25, '', '', '', 'MARIA DE JESUS', '', '0000-00-00', '', '', '33883852', '', 'AV. 5 DE MAIO, 10', 'PERO VAZ', 64, '40335495', 'BA', 'SALVADOR', '', '', '', '1999-05-09', 2, 1, '0000-00-00', 'PENDENTE DE CADASTRO', '2011-10-15', 0),
(669, '', 'img_masc.jpg', 'AURELIO GABRIEL CAMPOS TOSTA ', '1984-12-15', 37, 3, 2, '', '', 'aURELIO', 36, '', '', '', '', '', '0000-00-00', '', '', '88391654', 'BIEL_GC@HOTMAIL.COM', '', '', 82, '', 'BA', 'SALVADOR', 'JORGE BEZERRA', 'BATISTA FILADÉLFIA', '', '2011-06-13', 4, 6, '0000-00-00', 'FALTAM DADOS ', '2011-10-15', 0),
(670, '', 'img_fem.jpg', 'TELMA SANTOS DE JESUS SILVA', '1975-02-12', 38, 3, 2, '', '', '0587120975', 47, 'LABCENTER', '32355742', 'ALOISIO MENDES DE JESUS', 'MARIA LUIZA BATISTA DOSSANTOS', 'EDERIVALDO ALVES DA SILVA', '1999-02-19', 'IG.BATISTA VISTA ALEGRE', 'B+', '8174-4068', '', 'RUA TEODOMIRO DE QUEIROZ, 70', 'MACAUBAS', 11, '40300520', 'BA', 'SALVADOR', 'BONFIM VITORIO', 'IG.BATISTA VISTA ALEGRE', '33822002', '2011-05-01', 1, 6, '0000-00-00', '', '2011-10-15', 0),
(671, '', 'img_fem.jpg', 'PATRICIA CRISTINA PEREIRA DE SOUZA SUEIRA', '1981-07-24', 38, 3, 1, '', '', '0751393240', 72, 'SANTA CASA DE MISERICORDIA DA BAHIA', '', 'NATANAEL FRANÇA DE SOUZA', 'MARIA APARECIDA PEREIRA DA SILVA', '', '0000-00-00', '', '', '98717-7157 / 99166-2738', '', 'R. DIRETA DAS PITANGUEIRAS, 78 - CASA 1º ANDAR', 'FAZENDA GRANDE DO RETIRO', 54, '40353150', 'BA', 'SALVADOR', 'JUDSON', 'BATISTA REDENÇÃO', '', '2011-08-14', 3, 6, '0000-00-00', '', '2011-10-15', 0),
(672, '', 'img_fem.jpg', 'IANE MUNIQUE DIAS TORRES', '1986-10-30', 38, 7, 1, 'UNIME', '32317610', '1268619604', 52, 'CLINICA OFTALMOLOGICA TORRES', '32455655', 'ARLINDO BARRETO TORRES', 'CLEIDE DIAS TORRES', '', '0000-00-00', '', '', '33810809 / 81703952', '', 'RUA MADUREIRA DE PINHO, 70, APTO 302', 'CAIXA DÁGUA', 7, '40323080', 'BA', 'SALVADOR', 'JORGE DA PAZ', 'IGREJA BATISTA FILADELFIA', '33822002', '0000-00-00', 2, 6, '0000-00-00', 'PENDENTE DE CADASTRO', '2011-10-15', 0),
(673, '', 'img_fem.jpg', 'JACIRA SANTOS DA SILVA ', '1989-05-08', 38, 2, 2, '', '', 'jACIRA SANTOS', 2, '', '', '', '', '', '0000-00-00', '', 'O-', '88391654', 'JGB_AMORETERNO@HOTMAIL.COM', 'LADEIRA DO PAIVA , N° 09 AV. VALTER CAJAZEIRA', 'CAIXA D\\\\\\''ÁGUA', 7, '40320710', 'BA', 'SALVADOR', 'JORGE BEZERRAQ', 'BATISTA FILADÉLFIA', '', '2011-06-19', 4, 6, '0000-00-00', 'FALTAM DADOS', '2011-10-15', 0),
(674, '', 'img_masc.jpg', 'NATAN SANTOS CRUZ', '1991-02-03', 37, 3, 1, '', '', '12025623', 35, '', '', 'ROSALVO DE JESUS CRUZ', 'NOEME DE SOUZA SANTOS', '', '0000-00-00', '', '', '3386-7112 / 9158-5365', '', 'RUA MARQUES DE MARICÁ, 41, 1º ANDAR', 'PAU MIUDO', 5, '40130000', 'BA', 'SALVADOR', 'MARIVALDO SANTANA', 'IG. BATISTAMLIRIO DOS VALES', '33822002', '0000-00-00', 1, 6, '0000-00-00', 'ACLAMAÇÃO EM 2011', '2011-10-15', 0),
(675, '', 'img_masc.jpg', 'JOSE MARTINS BISPO DA SILVA', '1956-05-17', 37, 3, 2, '', '', '0112945740', 29, '', '', 'PEDRO BISPO DA SILVA', 'NORMELIA LOPES DA SILVA', 'REJANE PARADELLA SILVA', '1979-05-05', 'SALVADOR', 'A+', '33262881', 'JMBS54@HOTMAIL.COM', 'ESTRADA DA LIBERDADE 31, 1 ANDAR', 'LIBERDADE', 21, '40375017', 'BA', 'SALVADOR', 'JOAO RODRIGUES', 'BATISTA FILADELFIA', '33822002', '2010-12-01', 1, 6, '0000-00-00', '', '2011-10-15', 0),
(676, '', 'img_fem.jpg', 'RITA BATISTA NASCIMENTO ', '1981-04-02', 38, 2, 2, '', '', 'rITA BATISTA ', 2, '', '', '', 'MARIA DA PIEDADE BATISTA NASCIMENTO', 'JOSEMAR MOTA DE JESUS LIMA', '0000-00-00', '', '', '3386-1854 / 9234-6099', '', 'SEGUNDA TRAVESSA SÃO TOMÉ, N°28 ', 'CAIXA D\\''ÁGUA', 7, '40320245', 'BA', 'SALVADOR', 'JORGE BEZERRA', 'BATISTA FILADÉLFIA ', '', '2011-07-24', 4, 6, '0000-00-00', 'FALTAM DADOS / NAO E CASADA NO PAPEL.', '2011-10-15', 0),
(677, '', 'img_masc.jpg', 'MARCIO ALAN VASCONCELOS BANDEIRA', '1983-05-13', 37, 3, 1, '', '', '822199661', 39, '', '', 'IVANY DOS SANTOS BANDEIRA', 'MARILENE ANTONIA DA SILVA VASCONCELOS', '', '0000-00-00', '', 'A+', '33886961/33889839', '', '5ª TV. VITOR SERRA 01', 'PERO VAZ', 64, '40335465', 'BA', 'SALVADOR', '', 'IGREJA RENASCER', '33822002', '0000-00-00', 1, 6, '0000-00-00', 'ACLMADO EM 2011', '2011-10-15', 0),
(939, '', 'img_masc.jpg', 'TIAGO DE ASSIS DAMASCENO', '1990-08-10', 37, 4, 1, 'EDUCANDARIO OLIVEIRA', '', '1260628973', 35, 'MARIS PANIFICADORA LTDA', '', 'ROBERVAL RAMOS DAMASCENO', 'SANDRA ALMEIDA DE ASSIS', '', '0000-00-00', '', '', '3244-2291 / 9315-4682', 'THIAGO-220@BOL.COM.BR', 'R. GONÇALO MUNIZ, 28', 'CX DAGUA', 7, '40320070', 'BA', 'SSA', '', 'QUADRANGULAR', '', '2012-11-11', 1, 6, '0000-00-00', 'BATIZADO NA IG DE EUCLIDES DA CUNHA PELO PR. OLIVEIRA / CPF: 029555795-80', '2012-11-21', 0),
(679, '', 'img_fem.jpg', 'EUNICE MOREIRA DA SILVA', '1935-04-16', 38, 2, 5, '', '', '6581409', 38, '', '', 'MAXIMO MOREIRA (FALESCIDO)', 'FIDELCINA PEDREIRA (FALESCIDA)', 'MARIVALDO', '0000-00-00', '', '', '3386-7286', '', 'ESTRADA DAS MURIÇOCAS, COND. DOM BOSCO 3Q LT 5', 'PARALELA', 36, '41250420', 'BA', 'SALVADOR', 'ITAGUARACY', 'IGREJA BATISTA FILADELFIA', '33822002', '2000-05-14', 2, 6, '0000-00-00', 'PENDENTE DE CADASTRO', '2011-10-15', 0),
(680, '', 'img_fem.jpg', 'MARIA CÂNDIDA ALMEIDA DO CARMO ', '1950-07-20', 38, 2, 2, '', '', 'mARIA CANDIDA', 2, '', '', '', '', '', '0000-00-00', '', 'O+', '32343925', '', 'RUA SETE DE JANEIRO  N° 106', 'CIDADE NOVA', 83, '40313170', 'BA', 'SALVADOR', 'JORGE BEZERRA', 'BATISTA FILADÉLFIA', '', '2011-07-10', 4, 6, '0000-00-00', 'FALTAM DADOS', '2011-10-15', 0),
(681, '', 'img_fem.jpg', 'MARCIA MARIA DOS SANTOS LOPES', '1972-05-09', 38, 3, 2, '', '', 'MARCIA', 66, '', '', 'JOAO FRANCISCO DAS SANTOS', 'MARIA PERPETUA SOCORRO DOS SANTOS', 'EMERSON DE SOUSA LOPES', '0000-00-00', '', '', '33976250', '', 'RUA CONDE DE PORTO ALEGRE, 84', 'IAPI', 8, '40330200', 'BA', 'SALVADOR', 'ITAGUARACY', 'IGREJA BATISTA FILADELFIA', '33822002', '2001-12-31', 2, 6, '0000-00-00', 'PENDENTE DE CADASTRO', '2011-10-15', 0),
(682, '', 'img_fem.jpg', 'QUEILA SANTOS DA SILVA ', '1983-03-05', 38, 4, 2, '', '', 'qUEILA ', 2, '', '', '', '', '', '0000-00-00', '', '', '41034698/ 82497645', 'QUELPOPY@HOTMAIL.COM.BR', 'RUA PERO VAZ VELHA, N° 220', 'PERO VAZ', 64, '40335600', 'BA', 'SALVADOR', 'JORGE BEZERRA', 'BATISTA FILADÉLFIA', '', '2011-06-19', 4, 6, '0000-00-00', 'FALTAM DADOS', '2011-10-15', 0),
(683, '', 'img_fem.jpg', 'JOICE MASSARRA DE ASSIS OLIVEIRA', '1991-12-10', 38, 6, 2, '', '', '1283072858', 89, 'TRACK E FIELD', '33782891', 'JADIR CARVALHO DE ASSIS', 'MIRIAM MASSARRA DOS SANTOS', 'JOSIAS OLIVEIRA CONCEIÇAO JUNIOR', '2010-05-18', 'FORUM RUI BARBOSA', '', '91196981', '', 'RUA FERNANDO LEAL 32 E', 'IAPI', 8, '40330150', 'BA', 'SALVADOR', 'VLADIMIR', 'BATISTA LIRIO DOS VALES', '33822002', '2011-01-01', 1, 3, '0000-00-00', 'NAO INFORMADO DATA DE ADMISSAO E E-MAIL / INFORMOU QUE ESTAVA INDO PARA OUTRA IGREJA.', '2011-10-15', 0),
(684, '', 'img_masc.jpg', 'MILTON NASCIMENTO FILHO', '1972-02-17', 37, 3, 2, '', '', '478655126', 29, '', '', 'MILTON NASCIMENTO', 'IVANISE CRISPINIA NASCIMENTO', 'ADRIANA FERNANDES SOUZA', '2011-10-04', 'Forum RUY BARBOSA', '', '88342506', 'NASCIMENTOFILHOM@YAHOO.COM.BR', 'LOT. JARDIM STA TEREZA, VILA DEL MAR RESIDEN', 'LUIZ ANSELMO', 37, '40260330', 'BA', 'SALVADOR', 'MILTON EBENEZER', 'PIB', '', '2011-10-09', 1, 6, '0000-00-00', 'LOT. JARDIM STA TEREZA, VILA DEL MAR RESIDENCIAL, AP. 807, LUIZ ANSELMO', '2011-10-15', 0),
(685, '', 'img_masc.jpg', 'MAURICIO FERREIRA DOS SANTOS', '1958-08-07', 37, 8, 4, '', '', '209232289', 88, '', '', 'ANTONIO GOMES DOS SANTOS', 'JULIETA FERREIRA DOS SANTOS', '', '0000-00-00', '', '', '8738-6296 / 3378-3091', '', 'R. PROFº PLINIO GARCEZ DE SENA, 27C', 'MUSSURUNGA', 59, '41490340', 'BA', 'SALVADOR', 'HENRIQUE', '1ª IG. BATISTA VILA VALVERDE', '', '2010-09-05', 3, 6, '0000-00-00', '', '2011-10-15', 0),
(686, '', 'img_fem.jpg', 'IRACEMA BARRETO PEREIRA', '1969-09-09', 38, 4, 2, '', '', 'iracema barreto pere', 9, 'COL. ESTADUAL PROF.ANTONIO BALBINO', '36041421', 'AGNELO MENDES BARRETO', 'ANTONIA ALVES DOS SANTOS', 'VALMIR DE OLIVEIRA PEREIRA', '1993-03-05', 'CATÓRIO ° OFÍCIO -IAPI', '', '32440221', '', 'RUA DR. MARIO DE SOUZA DANTAS', 'CAIXA DAGUA', 7, '40323060', 'BA', 'SALVADOR', 'FELIX', 'IG. BATISTA DO SALVADOR', '33822002', '2011-05-12', 1, 6, '0000-00-00', '', '2011-10-15', 0),
(687, '', 'img_fem.jpg', 'ADRIANA FERNANDES SOUZA', '1983-09-25', 38, 4, 2, '', '', '1202592813', 35, 'FARMACIA IRMÃOS ANDRADE', '33274010', 'MANOEL SANTOS SOUZA', 'ANA CAVALCANTE FERNANDES', 'MILTON NASCIMENTO FILHO', '0000-00-00', '', '', '98849-7144', '', 'LOT. JARDIM STA TEREZA, VILA DEL MAR RESIDENCIAL, ', 'LUIZ ANSELMO', 37, '40260330', 'BA', 'SALVADOR', 'SANDRO SANCHES', 'IGREJA UNIVERSAL DO REINO DE DEUS', '', '2011-10-09', 1, 6, '0000-00-00', 'LOT. JARDIM STA TEREZA, VILA DEL MAR RESIDENCIAL, AP. 807, LUIZ ANSELMO', '2011-10-15', 0),
(688, '', 'img_masc.jpg', 'RICK ASTLEY SANTOS DA PAZ', '1991-03-03', 37, 7, 1, '', '', '1343399408', 93, 'ASTLEY EDIFICAÇÕES E ESTRUTURAS MET. LTDA ', '', 'CLÁUDIO CONCEIÇÃO DA PAZ', 'CARLETE DE SANTANA DOS SANTOS GRISE', '', '0000-00-00', '', '', '99272-5079', '', 'RUA AYMORE MOREIRA, 38, ED TAMONHO, AP 103', 'TROBOGY', 58, '41745028', 'BA', 'SALVADOR', 'JORGE BEZERRA', 'BATISTA FILADÉLFIA ', '', '2011-04-20', 4, 3, '2016-09-12', 'DESLIGADO EM 12/09/2016 APOS REUNIAO DO CAPI NO DIA 11/09/2016', '2011-10-15', 0),
(689, '', 'img_fem.jpg', 'DANIELA  PORTO RODRIGUES', '1976-08-28', 38, 3, 1, '', '', '0806628707', 12, 'O BOTICÁRIO', '', 'ELIEZER SOUZA RODRIGUES', 'ELIANE ROGÉRIA MIRANDA PORTO', '', '0000-00-00', '', 'O+', '3388-7227/ 8529-7560/9330-1376', '', 'R. FREITAS HENRIQUE DE CIMA, 106', 'CAIXA DÁGUA', 7, '40320150', 'BA', 'SALVADOR', '', 'BATISTA DE LINDINÓPOLIS', '', '0000-00-00', 3, 6, '0000-00-00', 'SOBRINHA DE RÚBIA', '2011-10-15', 0),
(690, '', 'img_masc.jpg', 'ALEX LUCAS FERRREIRA REGO', '1981-03-21', 37, 7, 4, '', '', '0701032596', 11, 'CIMATEC', '', 'ADILTON VIEIRA REGO', 'SELMA FERREIRA REGO', '', '0000-00-00', 'I. BATISTA DA GRAÇA', '', '87034100', 'LUCASFERR@GMAIL.COM', 'AV. CONDE DE PORTO ALGRE 239', 'IAPI', 8, '40330200', 'BA', 'SALVADOR', '', 'IG. QUADRANGULAR', '33822002', '0000-00-00', 1, 6, '0000-00-00', 'FOI BATISADO EM 14/6/98 E ACLAMADO EM 2011', '2011-10-15', 0),
(691, '', 'img_fem.jpg', 'JOELMA SANTOS DA SILVA', '1980-11-24', 38, 3, 2, 'LUIS CABRAL', '', 'JOELMA', 51, '', '', 'ANTONIO MOACI MOREIRA DA SILVA', 'MARIA ANGELICA SANTOS DA SILVA', 'CARLOS ANDRE OLIVEIRA FRUTUOSO', '2008-11-27', 'FORUM RUI BARBOSA', '', '88010536', '', 'RUA HAVAI 31', 'CAIXA D AGUA', 7, '40320540', 'BA', 'SALVADOR', 'DANIEL DE OLIVEIRA', 'CASA DA BENÇAO', '32426275', '2011-03-03', 1, 6, '0000-00-00', 'NAO INFORMADO RG E E-MAIL', '2011-10-15', 0),
(692, '', 'img_fem.jpg', 'CÁSSIA MARA ALVES GOMES PINA ', '1964-03-12', 38, 3, 2, '', '', '0175811768', 95, 'FORUM RUY BARBOSA', '', 'JOSÉ CARLOS SIQUEIRA GOMES ', 'RAIMUNDA ALVES PINA', 'JOSIAS ALVES PINA', '2005-08-31', '', 'A+', '9297-6154/ 9294-9383/ 96472408', '', 'RUA 24 DE JUNHO ', 'CIDADE NOVA', 83, '40313630', 'BA', 'SALVADOR', 'CESAR BARRETO', 'IGREJA INTERNACIONAL DA GRAÇA', '33297463/ 33292147', '2011-06-06', 1, 6, '0000-00-00', '', '2011-10-15', 0),
(693, '', 'img_fem.jpg', 'MARIA OLINDA ROCHA RIBEIRO DE JESUS', '1967-11-17', 38, 3, 2, '', '', '0559864124', 35, '', '', 'JUVALDINO BATISTA RIBEIRO', 'MARIA FRANCISCA ROCHA RIBEIRO', '', '0000-00-00', '', 'O+', '32410581 / 91505004', '', 'RUA SALDANHA MARINHO, 65', 'CAIXA DÁGUA', 7, '40323010', 'BA', 'SALVADOR', 'MARCOS', 'IGREJA AGAPE - SIMOES FILHO', '', '0000-00-00', 3, 3, '2015-10-19', 'EXCLUIDA DO ROL DE MEMBROS EM 19/10/2015 - FAMÍLIA INFORMOU QUE SE MUDOU PARA BRASILIA', '2011-10-15', 0),
(694, '', 'img_masc.jpg', 'GILDÁSIO RIOS DALTRO', '1960-03-15', 37, 3, 2, '', '', '1368298', 43, 'OASIS TURISMO', '34946068', 'JACINTO DA SILVA DALTRO', 'GILDETE RIOS DALTRO', 'LUCIANA R. DALTRO', '1989-01-21', 'IG. BATISTA FILADELFIA', '', '34946068', 'OASIS-TUR@HOTMAIL.COM', 'RUA SALDANHA MARINHO 61', 'CAIXA DAGUA', 7, '40323010', 'BA', 'SALVADOR', '', 'BATISTA FILADELFIA', '33822002', '0000-00-00', 1, 6, '0000-00-00', 'ACLAMADO EM 2011', '2011-10-15', 0),
(696, '', 'img_masc.jpg', 'ANTONIO ROBERTO ROSA TERTULIANO', '1952-06-11', 37, 6, 4, '', '', '0105436275', 81, 'APOSENTADO', '', 'DAGOBERTO TERTULIANO', 'VALDELI ROSA TERTULIANO', '', '0000-00-00', '', '', '3256-3014', 'robertorosa1952@hotmail.com', 'JD. SANTO CRISTOVÃO, 109. Rua B', 'LIBERDADE', 21, '40365610', 'BA', 'SALVADOR', '', 'BATISTA GETSEMANE CAMAÇARI', '', '0000-00-00', 3, 6, '0000-00-00', 'BATISADO NA IG. BATISTA FILADELFIA - PR. ITAGUARACY BRITO', '2011-10-15', 0),
(697, '', 'img_fem.jpg', 'GABRIELA MARIA SANTOS AMARAL', '1978-08-23', 38, 3, 1, 'ANTONIO DE PADUA', '', '0971254400', 67, 'PADO', '', 'RONALDO DE JESUS AMARAL', 'MARIA DAS GRAÇAS SANTOS AMARAL', 'SOLTEIRA', '0000-00-00', '', '', '34925166/34846294 / 87777284', '', 'RUA FREITAS HENRIQUE DE CIMA 111', 'CAIXA D AGUA', 7, '40320150', 'BA', 'SALVADOR', 'ELSON', 'IG. BATISTA DO GARCIA', '33822002', '0000-00-00', 1, 3, '2016-04-04', 'ACLAMADO EM 2011 / DESLIGADO DO ROL DE MEMBROS POR AUSÊNCIA EM 04/04/2016 - FREQUENTANDO A IGREJA DO GARCIA', '2011-10-15', 0),
(937, '', 'img_masc.jpg', 'JULIO CESAR SANTOS DA SILVA', '1993-08-23', 37, 6, 1, 'CARNEIRO RIBEIRO FILHO', '', '1430804580', 36, 'DELICATESSEM MOURARIA', '', 'GILMAR PAIM DA SILVA FILHO', 'CLAUDIA CONCEIÇAO DOS SANTOS', '', '0000-00-00', '', '', '3236-0501 / 9173-6469 / 8851-7', 'NINOK232008@HOTMAIL.COM', 'AV. PEIXE, 108', 'PERO VAZ', 64, '40335611', 'BA', 'SSA', 'JOSE VANDO', 'CASA DA BENÇAO', '', '2012-11-11', 1, 6, '0000-00-00', 'CPF: 857736695-28', '2012-11-21', 0),
(699, '', 'img_fem.jpg', 'ELLEN DA VIRGENS DA SILVA', '1997-03-19', 38, 3, 1, '', '', 'ellen das virgens', 36, 'COLEGIO ESTADUAL ANISIO TEIXEIRA', '', 'ERICO RODRIGUES DA SILVA', 'MARINALVA CARDOSO DAS VIRGENS', '', '0000-00-00', '', '', '3489-2925', '', 'R. MANOEL DRUMOND, 27 - 2º ANDAR. COND. PARQUE', 'CAIXA DÁGUA', 7, '40320670', 'BA', 'SALVADOR', 'MARCOS', 'BATISTA DO SALVADOR - PERO VAZ', '', '2011-05-22', 3, 6, '0000-00-00', 'BATISADA IG. NOVA ISRAEL (PAU MIÚDO) - PR. ANTONIO', '2011-10-15', 0),
(700, '', 'img_masc.jpg', 'REGINALDO DA SILVA JUNIOR', '1990-09-14', 37, 3, 1, '', '', 'REGINALDO', 35, '', '', 'REGINALDO DA SILVA', 'JOSELITA SANT ANNA SILVA', '', '0000-00-00', '', '', '83110586', 'REGINALDODASILVAJR@HOTMAIL.COM', 'VILA MARGÔ, 101', 'CAIXA DÁGUA', 7, '40323070', 'BA', 'SALVADOR', '', '', '', '2011-09-25', 4, 6, '0000-00-00', '', '2011-10-15', 0),
(701, '', 'img_fem.jpg', 'JOZELIA DA CONCEIÇAO ROSARIO SANTOS', '1961-12-23', 38, 2, 2, '', '', '0275872742', 25, '', '', 'PROFIRIO VALERIANO DOS SANTOS', 'MARIA DA CONCEIÇAO SANTOS', 'CARLOS COSME ROSARIO F. PINTO', '2012-10-09', 'FORUM', '', '32411177 / 8812-6651', 'NAO INFORMADO E-MAIL', 'RUA SALDANHA MARINHO, 101', 'CAIXA D AGUA', 7, '40323010', 'BA', 'SALVADOR', '', 'IBF', '', '2012-12-16', 2, 6, '0000-00-00', 'ACLAMAÇAO - UNIVERSAL DO REINO DE DEUS / BATISMO', '2011-10-15', 0),
(702, '', 'img_fem.jpg', 'LEDA DOS SANTOS GOMES OLIVEIRA ', '1970-06-21', 38, 6, 2, '', '', '0461492520', 38, '', '', 'FILOMENO PEREIRA DE JESUS ', 'FRANCISCA DOS SANTOS GOMES ', 'JAIME BATISTA DE OLIVEIRA ', '2010-06-10', 'FÓRUM', '', '87346211', '', 'TRAV. 2 PARAISO , N° 40 APTO 303 ED. VILAS GUIMARÃES, BL-B', 'CAIXA D\\''ÁGUA', 7, '40320200', 'BA', 'SALVADOR', '', 'QUADRANGULAR ', '', '2011-04-19', 1, 6, '0000-00-00', '', '2011-10-15', 0),
(703, '', 'img_fem.jpg', 'ERICA DAS VIRGENS DA SILVA', '1976-03-19', 38, 8, 1, 'CLASSE IV', '', 'erica das virgens', 36, '', '', 'ERICO RODRIGUES DA SILVA', 'MARINALVA CARDOSO DAS VIRGENS', '', '0000-00-00', '', '', '3489-2925', '', 'R. MANOEL DRUMOND, 27 - 2º ANDAR. COND. PARQUE', 'CAIXA DÁGUA', 7, '40320670', 'BA', 'SALVADOR', 'MARCOS', 'BATISTA DO SALVADOR - PERO VAZ', '', '2011-05-22', 3, 6, '0000-00-00', 'BATISADA IG. NOVA ISRAEL (PAU MIÚDO) - PR. ANTONIO', '2011-10-15', 0),
(704, '', 'img_fem.jpg', 'CELIA MARIA RIBEIRO MEDRADO', '1977-03-17', 38, 2, 1, '', '', '0915158400', 35, '', '', 'PEDRO ROCHA', '', '', '0000-00-00', '', '', '32410581', '', 'TRAV. ARACATÚ, 65', 'IAPI', 8, '40330565', 'BA', 'SALVADOR', 'LAZARO', 'IGREJA UNIVERSAL DO REINO DE DEUS', '', '2011-09-04', 1, 6, '0000-00-00', '', '2011-10-15', 0),
(705, '', 'img_masc.jpg', 'JOSIAS OLIVEIRA CONCEIÇÃO JÚNIOR ', '1985-08-20', 37, 6, 2, '', '', '1407150375', 97, 'REDE MIX SUPERMERCADOS ', '33861604', 'JOSIAS OLIVEIRA CONCEIÇÃO', 'GRAÇA ESMERALDA BATISTA DE OLIVEIRA CONCEIÇÃO', 'JOICE LASSARRA DE ASSIS OLIVEIRA', '2010-05-18', 'FÓRUM RUY BARBOSA', '', '91969810', '', 'RUA FERNANDO LEAL, N° 32E ', 'IAPI ', 8, '40330150', 'BA', 'SALVADOR', 'EVANGELISTA ELIAS', 'BATISTA LÍRIO DOS VALES ', '', '0000-00-00', 1, 4, '0000-00-00', '', '2011-10-15', 0),
(706, '', 'img_masc.jpg', 'HEMILTON HEVERTON OLIVEIRA DOS SANTOS', '1989-02-16', 37, 7, 1, 'ESTACIO - FIB', '', '1285076168', 35, 'INSTRUTOR DE HOTELARIA - SENAC', '3273-9762', 'HEMILTON HELIODORO GUNÇA DOS SANTOS', 'LEDA MARIA BATISTA DE OLIVEIRA', '', '0000-00-00', '', 'A+', '8782-9052 / 3219-6826', 'HEVERTON_TON89@HOTMAIL.COM', 'FAZENDA GRANDE III, SETOR C, BLOCO 52, AP 302', 'CAJAZEIRAS', 57, '41340160', 'BA', 'SALVADOR', 'VALERIANO TELES DOS SANTOS FILHO', 'BATISTA VOLTA DE JESUS CRISTO', '', '0000-00-00', 1, 6, '0000-00-00', 'RECONCILIAÇÃO EM 11/10/2013', '2011-10-15', 0),
(707, '', 'img_fem.jpg', 'GILDETE SANTOS SENA', '1961-03-11', 38, 2, 2, '', '', '0176839801', 25, '', '', 'JAIME LUCIO DOS SANTOS', 'GUIOMAR SILVA SANTOS', 'GEOVANE SENA', '1988-06-02', 'FORUM', '', '3382-8478 / 98557-0738', '', 'TV. DA MANDICHURIA, 30,', 'CAIXA DÁGUA', 7, '40320630', 'BA', 'SALVADOR', 'PAULO', 'IGREJA DO EVANGELHO QUADRANGULAR', '', '2011-09-25', 1, 6, '0000-00-00', 'CPF: 218591915-68', '2011-10-15', 0),
(708, '', 'img_fem.jpg', 'MARIVALDA NASCIMENTO DOS SANTOS ', '1963-03-12', 38, 6, 5, 'ANÍSIO TEIXEIRA', '', '0306450690', 36, '', '', 'PEDRO CARDOSO DO NASCIMENTO', 'MARIA DE JOSÉ DOS SANTOS NASCIMENTO', '', '0000-00-00', '', 'A+', '9946-7176', '', 'RUA 25 DE DEZEMBRO,N° 66', 'CIDADE NOVA ', 83, '40313360', 'BA', 'SALVADOR ', 'JOSÉ RAMOS ', 'ASSEMBLÉIA DE DEUS', '', '2011-08-14', 1, 6, '0000-00-00', '', '2011-10-15', 0),
(709, '', 'img_masc.jpg', 'ELISIVALDO LOPES RODRIGUES', '1966-07-04', 37, 6, 2, '', '', '0273173669', 12, 'YOKI ALIMENTOS', '', 'FLORISVALDO RODRIGUES', 'MARIA LOPES CUNHA RODRIGUES', 'MARILZA DE FREITAS R. RODRIGUES', '1998-01-03', 'IG. BATISTA FILADELFIA', 'O+', '9633-6703 / 3181-9325', '', 'TRAV. ANITA FERREIRA, 20', 'CAIXA DÁGUA', 7, '40323075', 'BA', 'SALVADOR', '', 'BATISTA JARDIM EDEM', '', '2011-04-03', 3, 6, '0000-00-00', 'RECONCILIAÇÃO EM 31/12/2014', '2011-10-15', 0),
(710, '', 'img_fem.jpg', 'ANA MARIA CORRÊA SANTOS DA SILVA', '1974-09-15', 38, 4, 4, '', '', '0436681609', 9, 'CHEI DR. JOSE ADEODATO DE SOUZA FILHO', '33820011', 'ISMAEL CORRÊA DA SILVA', 'THEREZINHA DE JESUS S. DA SILVA', '', '0000-00-00', '', 'A-', '3381-4278 / 9192-4563', '', ' AV. IVANIL, 24', 'BAIXA DE QUINTAS', 27, '40320465', 'BA', 'SALVADOR', '', 'IGREJA CRISTÃ DO BRASIL', '', '2011-10-02', 1, 6, '0000-00-00', 'BATIZADA NOVAMENTE EM 28/12/2014 PELO PR. JORGE BEZERRA', '2011-10-15', 0),
(711, '', 'img_masc.jpg', 'CARLOS COSME ROSÁRIO FERREIRA PINTO ', '1967-07-02', 37, 6, 2, '', '', '184134803', 29, '', '', 'CARLOS ALBERTO ROSARIO FERREIRA PINTO ', 'EDELZUITA ROSARIO FERREIRA PINTO ', 'JAZILIA DA CONCEIÇÃO SANTOS ', '2012-10-09', 'FORUM', 'B+', '3241-1177 / 8841-0498', 'CARLOSSEJALUZ@HOTMAIL.COM', 'RUA SALDANHA MARINHO 101', 'CAIXA D\\\\\\\\\\\\\\\\\\\\\\\\\\\\\\''ÁGUA', 7, '40323010', 'BA', 'SALVADOR', 'JORGE O BEZERRA', 'IBF', '', '2012-12-16', 2, 6, '0000-00-00', '01/04/2011 - ACLAMAÇAO - IURD / BATISMO; CPF: 415942585-20', '2011-10-15', 0),
(712, '', 'img_masc.jpg', 'EMANUEL A. C. ANDRADE', '1968-07-08', 37, 3, 2, '', '', 'eMANUEL', 46, '', '', 'LAURO PIRES ANDRADE', 'JOANA BATISTA COSTA ', 'JOSÉLIA DE J. M. ANDRADE', '1993-10-27', 'ST° ANTONIO DE JESUS', '', '32563577', '', 'RUA MARQUÊS DE MARICÁ, N°47 2° ANDAR ', 'PAU MIÚDO ', 5, '40310000', 'BA', 'SALVADOR', 'JAIME DIAS ', 'IGREJA BATISTA EVANGÉLIO PLENO', '75 36317392', '2011-08-14', 1, 6, '0000-00-00', '', '2011-10-15', 0),
(713, '', 'img_fem.jpg', 'ALMIRA PEREIRA DE SANTANA', '1937-05-25', 38, 2, 2, '', '', 'ALMIRA', 38, '', '', 'AURELIO CABRAL NUNES', 'VIRGINIA PEREIRA DE SANTANA', 'ADERBAL PEREIRA DE SANTANA', '1967-04-03', '', 'A+', '3236-2282', '', 'TRAV. ARACATÚ, 06', 'IAPI', 8, '40330565', 'BA', 'SALVADOR', '', 'IGREJA FAMILIA BATISTA', '', '2011-09-04', 1, 6, '0000-00-00', 'DATA DE BATISMO: 28/12/1969 EM SÃO SEBASTIÃO DO PASSÉ', '2011-10-15', 0),
(714, '', 'img_fem.jpg', 'LUCIANA RESENDE DALTRO', '1969-09-14', 38, 3, 2, '', '', '0299964302', 58, 'SALAO DE BELEZA SHALLON', '32564211', 'ANTONIO LESSA DE RESENDE', 'JURACI JOAQUINA DE FREITAS RESENDE', 'GILDASIO RIOS DALTRO', '1989-01-21', 'IGREJA BATISTA FILADELFIA', 'O-', '34946068', '', 'RUA SALDANHA MARINHO 169', 'CAIXA DAGUA', 7, '40323010', 'BA', 'SALVADOR', 'SILAS MATOS', 'BATISTA FILADELFIA', '33822002', '2011-01-01', 1, 6, '0000-00-00', 'NAO INFORMOU E-MAIL', '2011-10-15', 0),
(715, '', 'img_fem.jpg', 'MARILZA DE FREITAS RODRIGUES RODRIGUES', '1970-03-25', 38, 3, 2, '', '', '306500205', 35, '', '', 'AMILTON BISPO RODRIGUES', 'MARIA DA CONCEIÇÃO FREITAS RODRIGUES', 'ELISIVALDO LOPES RODRIGUES', '1998-01-03', 'IG. BATISTA FILADELFIA', 'A - ', '8735-6094 / 8289-0414 / 3181-9', 'mafr25@hotmail.com', 'TRAV. ANITA FERREIRA, 20, 1º ANDAR', 'CAIXA DÁGUA', 7, '40323075', 'BA', 'SALVADOR', '', 'BATISTA EDEM', '', '2011-04-03', 3, 6, '0000-00-00', '', '2011-10-15', 0),
(716, '', 'img_fem.jpg', 'ELIETE BRITO BOA PAIXÃO ', '1947-04-02', 38, 3, 5, '', '', '0080544444', 7, '', '', 'ALBERTO MARTINS BRITO ', 'ROSALIA OTACILIO BRITO ', 'HOLMES FERNANDO FERREIRA PAIXÃO', '1970-09-26', '', 'B+', '3382-1049 / 8507-1904', '', 'RUA DAS ALMAS, N°39', 'CIDADE NOVA ', 83, '40313260', 'BA', 'SALVADOR ', 'ANTÔNIO JOSÉ BONFIM DOS SANTOS ', 'IGREJA BATISTA O CANDELABRO ', '', '2011-06-06', 1, 6, '0000-00-00', '', '2011-10-15', 0),
(717, '', 'img_fem.jpg', 'MARIA DAS DORES R. DOMINGUES', '1940-06-04', 38, 2, 5, '', '', '0105623890', 38, '', '', 'ÁLVARO DA SILVA TUPINAMBA', 'DALVA RAMOS TUPINAMBA', 'WALTER DOMINGUES', '1956-04-07', 'RIO DE JANEIRO', 'A+', '3233-2589', '', 'RUA SALDANHA MARINHO, 102', 'CAIXA DÁGUA', 7, '40323010', 'BA', 'SALVADOR', 'SINVAL GARCIA', 'MISSIONÁRIA GETSÊMANI', '', '2011-06-26', 1, 6, '0000-00-00', '', '2011-10-15', 0),
(719, '', 'img_fem.jpg', 'EDIVANIA SANTOS DE SENA PEREIRA', '1983-05-24', 38, 3, 2, '', '', '1141779293', 58, '', '', 'OTACILIO SANTOS DE SENA', 'MARILENE SANTOS DE SENA', 'AMILTON JOSE SANTANA PEREIRA JUNIOR', '2011-01-26', 'FEIRA DE SANTANA', '', '(75) 8119-1884', '', 'R CAMPUS FRANÇA, 58, TERREO', 'LAPINHA', 33, '40325130', 'BA', 'SALVADOR', 'RICARDO MURILO', 'COMUNIDADE CRISTA SHALON ADONAI', '', '2011-05-01', 1, 3, '2015-05-28', 'ENVIADO ATRAVÉS DA MESMA UMA CARTA DE RECOMENDAÇÃO PARA ASSEMBLEIA DE DEUS EM FEIRA DE SANTANA, ONDE MORA ATUALMENTE.', '2011-10-15', 0),
(720, '', 'img_fem.jpg', 'SILVIA MARIA FERREIRA ANDRADE', '1966-10-21', 38, 3, 2, '', '', 'SILVIA', 9, 'SENAC', '', 'MANOEL BOMFIM FERREIRA', 'DJANIRA SILVA FERREIRA', 'LUIZ CARLOS SOUZA ANDRADE', '1985-06-21', 'FORUM RUI BARBOSA', '', '32361989', '', 'PARQUE SAN MARTIN 13', 'IAPI', 8, '40330330', 'BA', 'SALVADOR', 'ELIEL LOUREIRO', 'BATISTA FILADELFIA', '', '2011-01-01', 1, 4, '0000-00-00', 'pedido de transferencia para Igreja Gera Vida do Pr. Wolney Perrucho e Olga em 10/11/2013', '2011-10-15', 0),
(721, '', 'img_fem.jpg', 'KATIA MARIA BOMFIM DE REZENDE', '1967-01-24', 38, 4, 1, '', '', '1369697', 5, 'TRIBUNAL REGIONAL DO TRABALHO', '', 'JOSE AUGUSTO DE REZENDE', 'ELZA BOMFIM DE REZENDE', '', '0000-00-00', '', '', '32337388', '', 'RUA NILSON COSTA, 71', 'VILA LAURA', 34, '40270550', 'BA', 'SALVADOR', 'CARLOS ANTONIO', 'IGREJA BATISTA JERUSALEM', '', '2011-10-02', 1, 6, '0000-00-00', '', '2011-10-15', 0),
(722, '', 'img_masc.jpg', 'IVANEI OLIVEIRA DE SOUZA ', '1976-10-25', 37, 2, 2, '', '', '0906634032', 100, 'SERTENJE S/H', '', '', 'ANA MARIA OLIVEIRA', 'ARIANE BRITO DE SOUZA ', '2010-12-11', '', '', '3382-1049 / 8179-8828', '', 'RUA DAS ALMAS  N° 39', 'CIDADE NOVA', 83, '40313260', 'BA', 'SALVADOR', 'ANTÔNIO JOSÉ BONFIM DOS SANTOS ', 'IGREJA BATISTA O CANDELABRO', '', '2011-04-04', 1, 6, '0000-00-00', '', '2011-10-15', 0),
(723, '', 'img_fem.jpg', 'NEIDE JANE JORGE NASCIMENTO', '1972-02-25', 38, 10, 2, '', '', '0501070702', 35, '', '', 'AMERICO JOSE JORGE', 'MARIA CLEUSA DE OLIVEIRA', 'JOSIVAL BATISTA NASCIMENTO', '0000-00-00', 'FORUM R. BARBOSA', '', '(71) 3383-3840', '', 'R 1. DE DEZEMBRO, 2.V SÃO JORGE N.10', 'CIDADE NOVA', 83, '40314510', 'BA', 'SALVADOR', 'PR SILAS', 'IGREJA BATISTA FILADELFIA', '', '0000-00-00', 2, 6, '0000-00-00', '', '2011-10-15', 0),
(724, '', 'img_masc.jpg', 'LUIZ CARLOS SOUZA ANDRADE', '1965-01-13', 37, 7, 2, '', '', '287610659', 35, 'SUDESB', '', 'VALDALICIO DE SOUZA ANDRADE', 'AVANE Q. DE S. ANDRADE', 'SILVIA MARIA FERREIRA ANDRADE', '1985-06-21', 'FORUM RUY BARBOSA', '', '8118-4215', '', 'PQ. SAN MARTINS, 13', 'IAPI', 8, '40330330', 'BA', 'SALVADOR', '', '', '', '0000-00-00', 1, 4, '0000-00-00', 'BATISADO NA IG. BATISTA FILADELFIA - PR. SILAS ARAUJO / pedido de transferencia para Igreja Gera Vida do Pr. Wolney Perrucho e Olga em 10/11/2013', '2011-10-15', 0),
(725, '', 'img_fem.jpg', 'DELMA REGINA A. N. DE SANT´ANNA', '1958-07-03', 38, 3, 4, '', '', '1006664', 102, 'QUALITTE', '33410087/99159700', 'EDWALDO NUNES DE SANT´ANNA', 'MARIA TEREZA A. N. DE SANT´ANNA', '', '0000-00-00', '', '', '34929015', 'delsantanna@hotmail.com', '2ª TRAVESSA SANTA MARGARIDA, 91 E', 'CAIXA DÁGUA', 7, '40320710', 'BA', 'SALVADOR', 'GERDIVAL', 'BATISTA DE BROTAS', '', '0000-00-00', 1, 6, '0000-00-00', 'NÃO CONSTA A DATA DE ADMISSÃO NA FICHA DE IDENTIFICAÇÃO DE MEMBRO', '2011-10-15', 0),
(726, '', 'img_fem.jpg', 'ARIANE BRITO DE SOUZA ', '1986-08-21', 38, 7, 2, '', '', '1001155513', 36, '', '', 'ROBERTO MONÇÃO DE SOUZA ', 'ELIETE MARTINS BRITO ', 'IVANEI OLIVEIRA DE SOUZA', '2010-12-11', '', 'O+', '3382-1049 / 8214-9465', '', 'RUA DAS ALMAS N°39', 'CIDADE NOVA', 83, '40313260', 'BA', 'SALVADOR', 'ANTÔNIO JOSÉ BONFIM DOS SANTOS ', 'IGREJA BATISTA O CANDELABRO', '', '2011-04-21', 1, 6, '0000-00-00', '', '2011-10-15', 0),
(727, '', 'img_masc.jpg', 'MARCIO MUNIZ BRAGA', '1973-06-06', 37, 3, 2, '', '', '463310691', 103, 'DINNI CALÇADOS', '33288902', 'IDAMAR CORREIA BRAGA', 'MARINA MUNIZ BRAGA', 'SARA SANTANA SOUZA BRAGA', '1998-03-12', 'FORUM RUI BARBOSA', 'O+', '87398675', '', 'TRAV. CAMPUS FRANÇA, 12 A', 'LAPINHA', 33, '40325210', 'BA', 'SALVADOR', 'SADAM DO BEM', 'IGREJA INTERNACIONAL DA GRAÇA', '', '2011-09-04', 1, 6, '0000-00-00', '', '2011-10-15', 0),
(826, '', 'img_fem.jpg', 'SOLANGE MARIA LIMA DOS SANTOS', '1954-08-26', 38, 3, 2, '', '', 'SOLANGE', 38, '', '', 'WALTER AURELIANO DE SALLES LIMA', 'NOEMIA PEREIRA DOS SANTOS LIMA', 'EVANDRO C. SANTOS', '0000-00-00', '', 'A+', '32431284', 'LAIKABOB@HOTMAIL.COM', 'RUA SALDANHA MARINHO, AV. IRIS, 41', 'CAIXA DAGUA', 7, '40323040', 'BA', 'SALVADOR', 'ITAGUARACY', 'IGREJA BATISTA FILADELFIA', '33822002', '2000-12-31', 2, 6, '0000-00-00', '', '2011-10-21', 0),
(827, '', 'img_fem.jpg', 'PRISCILA DOS SANTOS RODRIGUES LEMOS', '1986-02-21', 38, 3, 1, '', '', '0892651490', 36, '', '', 'ANTONIO PEDRO RODRIGUES LEMOS', 'ILMA DOS SANTOS LEMOS', '', '0000-00-00', '', 'O+', '33820835', 'PRYROLE@HOTMAIL.COM', 'RUA PADRE BRAYNER, 71, LADEIRA DO PAIVA', 'CAIXA DAGUA', 7, '40323050', 'BA', 'SALVADOR', 'ITAGUARACY', 'IGREJA BATISTA FILADELFIA', '33822002', '2004-12-28', 2, 6, '0000-00-00', '', '2011-10-21', 0),
(828, '', 'img_fem.jpg', 'SÂMARA DOS SANTOS RODRIGUES LEMOS', '1989-05-26', 38, 4, 1, '', '', '0892653353', 116, 'CONTAX - BA', '', 'ANTONIO PEDRO RODRIGUES LEMOS', 'ILMA DOS SANTOS LEMOS', '', '0000-00-00', '', 'O-', '33820835', 'SAROLE@BOL.COM.BR', 'RUA PADRE BRAYNER, 71, LADEIRA DO PAIVA', 'CAIXA DAGUA', 7, '40323050', 'BA', 'SALVADOR', 'ITAGUARACY', 'IGREJA BATISTA FILADELFIA', '33822002', '2004-12-28', 2, 6, '0000-00-00', '', '2011-10-21', 0),
(829, '', 'img_fem.jpg', 'SINARA ISIS MIRANDA DOS SANTOS NASCIMENTO', '1992-07-16', 38, 3, 1, '', '', '1294215965', 36, '', '', 'RAIMUNDO ROBERTO NASCIMENTO', 'NORMA LUCIA MIRANDA DOS SANTOS NASCIMENTO', '', '0000-00-00', '', '', '33863240 / 87119523', '', 'RUA MANUEL DRUMOND, LOTE 67, CASA 03', 'CAIXA DAGUA', 7, '40320670', 'BA', 'SALVADOR', 'ITAGUARACY', 'IGREJA BATISTA FILADELFIA', '33822002', '2005-12-25', 2, 3, '2016-04-04', 'DESLIGADO DO ROL DE MEMBROS POR AUSÊNCIA EM 04/04/2016', '2011-10-21', 0),
(830, '', 'img_fem.jpg', 'ARIMEDALVA GOMES DA ENCANARÇÃO', '1940-02-18', 38, 2, 2, '', '', '0029694167', 25, '', '', 'ANGELO NARCISO GOMES', 'SOPHIA MARIA DE PINHO GOMES', 'LUIS DA ENCANARÇÃO', '0000-00-00', '', 'A+', '9933-9861', '', 'PARQUE SAN MARTIN CONJ A.S.C.B. ED. MUNDO NOVO AP. 604', 'CAIXA DAGUA', 7, '40323290', 'BA', 'SALVADOR', 'SILAS ARAUJO MATOS', 'IGREJA BATISTA FILADELFIA', '33822002', '1984-03-25', 2, 3, '0000-00-00', 'PEDIDO DE CARTA PARA 1ª IGREJA BATISTA EM IRARÁ SOLICITADA EM 01/2011 SAIDA EM 24/05/2011', '2011-10-21', 0),
(831, '', 'img_masc.jpg', 'RONILSON LEAL DOS SANTOS', '1978-10-20', 37, 10, 1, 'COLEGIO ESTADUAL HELENA CELESTINO MAGALHAES', '33888535', '0893834785', 117, 'SASERSÍ', '33550265', 'PAULO DOMINGOS DOS SANTOS', 'MARIA JOSE LEAL', '', '0000-00-00', '', '', '99562947', 'RONILSONBEL@HOTMAIL.COM', 'PRAÇA DAS AMENDOEIRAS, 6E', 'IAPI', 8, '40322220', 'BA', 'SALVADOR', 'AUZENE ANTONIO DE ABREU', '1ª IGRAJA BATISTA NO POVOADO K. BREJOES-BA', '', '2011-10-30', 1, 6, '0000-00-00', '', '2011-11-25', 0),
(832, '', 'img_masc.jpg', 'IVAN NORMANDIA GOMES', '1968-09-19', 37, 11, 2, '', '', '0354370650', 35, 'ELETRICA BAIANA LTDA', '', 'ANTONIO GOMES', 'ERNESTINA DE NORMANDIA', 'HELENA SANTOS GOMES', '1994-10-22', 'FORUM RUI BARBOSA', 'A+', '32583114', '', 'RUA FREITAS HENRIQUE DE CIMA, 77', 'CAIXA DAGUA', 7, '40320150', 'BA', 'SALVADOR', 'FELIX', 'IGREJA BATISTA DO SALVADOR', '', '2011-11-06', 3, 6, '0000-00-00', '', '2011-11-25', 0),
(833, '', 'img_fem.jpg', 'GILDARAÍ PAULA ARAUJO DOS SANTOS', '1978-04-11', 38, 7, 1, '', '', '0667336001', 66, 'CENTRO MEDICO ODONTOLOGICO', '33555665', 'JOSE PAULO DOS SANTOS', 'BENICIA ARAUJO DOS SANTOS', '', '0000-00-00', '', '', '33867430', 'GILPAULAS@HOTMAIL.COM', 'RUA SALDANHA MARINHO, 191', 'CAIXA DAGUA', 7, '40323010', 'BA', 'SALVADOR', 'ELIEL MACHADO LOUREIRO', 'IGREJA BATISTA FILADELFIA', '33822002', '2011-11-06', 1, 6, '0000-00-00', '', '2011-11-25', 0),
(834, '', 'img_fem.jpg', 'SANDRA DE JESUS SANTOS', '1976-03-08', 38, 10, 1, '', '88589405', '0430992114', 118, 'ANIMAÇAO MARAVILHA', '34971752', 'PEDRO FRANCISCO SANTOS', 'DINALVA MARIA DE JESUS', '', '0000-00-00', '', '', '', 'SANDRINHALIS@HOTMAIL.COM', '1ª TRAVESSA SAO TOME, 28', 'CAIXA DAGUA', 7, '40320125', 'BA', 'SALVADOR', 'EPAMENONDAS DE SOUZA BASTOS', 'IGREJA BATISTA SAO CAETANO', '', '2011-11-06', 3, 6, '0000-00-00', '', '2011-11-25', 0),
(835, '', 'img_fem.jpg', 'LEILA DAS VIRGENS SANTOS', '1987-03-27', 38, 7, 1, 'UNIVERSIDADE FEDERAL DA BAHIA', '', '1009141015', 36, '', '', 'EDSON SOUSA SANTOS', 'MARINALDA DAS VIRGENS SANTOS', '', '0000-00-00', '', '', '88393736 / 33817592', '', 'RUA DO PARQUE, 51', 'CAIXA DAGUA', 7, '40320660', 'BA', 'SALVADOR', 'ITAGUARACY BRITO', 'IGREJA BATISTA FILADELFIA', '33822002', '2011-11-06', 1, 6, '0000-00-00', '', '2011-11-25', 0),
(836, '', 'img_fem.jpg', 'LEILANE DAS VIRGENS SANTOS', '1987-03-27', 38, 7, 1, 'UNIVERSIDADE FEDERAL DA BAHIA', '', '1009140809', 36, '', '', 'EDSON SOUSA SANTOS', 'MARINALDA DAS VIRGENS SANTOS', '', '0000-00-00', '', '', '88796569 / 33817592', '', 'RUA DO PARQUE, 51', 'CAIXA DAGUA', 7, '40320660', 'BA', 'SALVADOR', 'ITAGUARACY BRITO', 'IGREJA BATISTA FILADELFIA', '', '2011-11-06', 1, 6, '0000-00-00', '', '2011-11-25', 0),
(837, '', 'img_fem.jpg', 'MARINALDA DAS VIRGENS MATTOS', '1957-08-01', 38, 2, 2, '', '', '0438805097', 35, '', '', 'AGNALDO MORAIS DAS VIRGENS', 'MARIA DE LOURDES DAS VIRGENS', 'RAIMUNDO SANTOS MATTOS', '0000-00-00', 'IGREJA INTERNACIONAL DA GRAÇA', 'A+', '33817592', '', 'RUA DO PARQUE, 51', 'CAIXA DAGUA', 7, '40320660', 'BA', 'SALVADOR', 'ITAGUARACY BRITO', 'IGREJA BATISTA FILADELFIA', '33822002', '2011-11-06', 1, 6, '0000-00-00', '', '2011-11-25', 0),
(894, '', 'img_masc.jpg', 'LEONARDO OLIVEIRA SANTOS', '1984-09-23', 37, 7, 1, '', '', 'LEONARDO', 35, '', '', 'MERIVALDO DE JESUS SANTOS', 'VALQUIRIA PASSOS OLIVEIRA SANTOS', '', '0000-00-00', '', '', '99216-9763', '', 'R. MANOEL MARIO DE LIMA,33', 'CAIXA DAGUA', 7, '40323130', 'BA', 'SALVADOR', 'JORGE COUTO', 'IBF', '', '2012-06-03', 4, 6, '0000-00-00', '', '2012-06-04', 0),
(839, '', 'img_fem.jpg', 'MARIA CLEUSA DE OLIVEIRA SANTANA', '1942-02-25', 38, 8, 2, '', '', '0109066146', 38, '', '', 'PEDRO FERREIRA DE OLIVEIRA', 'OTILIA MARIA DE OLIVEIRA', 'IRINEU DE JESUS SANTANA', '1984-10-18', 'FORUM RUI BARBOSA', '', '33833840', '', 'RUA 1º DE DEZEMBRO, 2ª V. SAO JORGE, 10', 'CIDADE NOVA', 83, '40314510', 'BA', 'SALVADOR', 'JOSE MORA DE ALMEIDA', 'IGREJA INDEPENDENTE', '', '0000-00-00', 1, 6, '0000-00-00', '', '2011-11-25', 0),
(840, '', 'img_masc.jpg', 'JEFFERSON GARCIA DOS SANTOS', '1922-07-17', 37, 11, 1, '', '', 'JEFFERSON', 35, '', '', '', '', '', '0000-00-00', '', '', '91208700', 'JEFFERSONGARCIAPITTY@HOTMAIL.COM', 'RUA 1º DE JANEIRO, 69', 'CIDADE NOVA', 83, '40314510', 'BA', 'SALVADOR', '', '', '', '2011-10-30', 4, 6, '0000-00-00', '', '2011-11-25', 0),
(841, '', 'img_masc.jpg', 'DILSON SANTOS VELOSO', '1973-06-08', 37, 11, 4, '', '', 'DILSON', 35, '', '', '', '', '', '0000-00-00', '', 'O+', '86456528', 'DILSANTOS2009-@HOTMAIL.COM', 'R. NOVA DO CRUZEIRO, 83', 'PAU MIUDO', 5, '40315440', 'BA', 'SALVADOR', '', '', '', '2011-10-23', 4, 6, '0000-00-00', '', '2011-11-25', 0),
(842, '', 'img_fem.jpg', 'LENILDES RIBEIRO DE SOUZA', '1968-06-22', 38, 3, 1, '', '', '029899259', 67, '', '', 'JOSE INOCENCIO DE SOUZA', 'IVANISE RIBEIRO DE SOUZA', '', '0000-00-00', '', 'A+', '32426082 / 8766-4524', '', 'R. JOSE MARES PINTO, 77A', 'ESTRADA DA RAINHA', 62, '40300180', 'BA', 'SALVADOR', 'SILA', 'IGREJA BATISTA FILADELFIA', '', '2011-11-27', 4, 6, '0000-00-00', '', '2011-11-28', 0),
(843, '', 'img_masc.jpg', 'ROBERTO CELSO DAS VIRGENS CUNHA', '1984-10-13', 37, 3, 1, '', '', '0960906509', 35, '', '', 'ROBERTO NOGUEIRA CUNHA', 'MARINALVA CARDOSO DAS VIRGENS', '', '0000-00-00', '', '', '86152061', '', 'R. MANOEL DRUMOND, COND. PARQUE, 7 CASA 27', 'CAIXA DAGUA', 7, '40320460', 'BA', 'SALVADOR', '', '', '', '2011-11-27', 4, 3, '2016-04-04', 'DESLIGADO DO ROL DE MEMBROS POR AUSÊNCIA EM 04/04/2016', '2011-11-28', 0),
(844, '', 'img_fem.jpg', 'ROSALIA MARIA BISPO SANTOS', '1966-01-02', 38, 11, 4, '', '', 'ROSALIA', 70, 'PLANETA FARDADOS', '', 'TORQUATO BISPO SANTOS', 'MARIA LAURA SILVA', '', '0000-00-00', '', '', '8303-9911', '', 'TV SANTA MARGARIDA, 118', 'CAIXA DAGUA', 7, '40321090', 'BA', 'SALVADOR', 'LAZARO MOREIRA', 'IGREJA MISSIONARIA DO ENCONTRO COM DEUS', '', '2011-12-04', 1, 6, '0000-00-00', '', '2011-12-06', 0),
(845, '', 'img_fem.jpg', 'WANILDE BARROS CRUZ', '1954-06-26', 38, 3, 2, '', '', 'WANILDE', 39, '', '', 'ANTONIO NERY CRUZ', 'FRANCISCA BARROS CRUZ (FALESCIDA)', 'DJALMA ALVES COSTA', '2011-08-04', 'CARTORIO DA LADEIRA DE SANTANA', '', '33822978 / 81325562', '', 'TV 2 DE JULHO, 12, 1º ANDAR', 'BAIXA DE QUINTAS', 27, '40300375', 'BA', 'SALVADOR', '', '', '', '2011-12-04', 4, 6, '0000-00-00', '', '2011-12-06', 0),
(846, '', 'img_fem.jpg', 'NAZIL DE FRANÇA SOUZA', '1929-02-27', 38, 11, 5, '', '', '0069462917', 35, '', '', 'JOSE LUIZ DE FRANÇA', 'JULIA MARIA DE FRANÇA', 'NELSON SENA SOUZA', '1948-10-27', '', '', '9159-8094 / 9124-22615', '', 'R. SOSIGENES COSTA, 28, ED. ANGIÓ, AP 001 BL', 'CABULA', 32, '41150460', 'BA', 'SALVADOR', 'ALFREDO VIANA BARBOSA', '1ª IGREJA BATISTA DO BRASIL', '', '2011-12-04', 3, 6, '0000-00-00', '', '2011-12-06', 0),
(847, '', 'img_fem.jpg', 'ALESSANDRA FERREIRA SENA', '1974-09-12', 38, 3, 2, '', '', '0527606189', 28, '', '', 'JOSE PALMIRO DE SENA', 'MARIETA FERREIRA SENA', 'GILMAR MILTON SANTOS', '2012-09-15', 'FILADELFIA', '', '8819-3288 / 4103-5432 / 8241-1', 'SANDRABESSA1209@GMAIL.COM', 'R. PROFESSOR ARTHUR DE MACEDO, QE LOTE 01', 'CAIXA DAGUA', 7, '40323120', 'BA', 'SALVADOR', 'IVONILSON COSTA DE PAULA', 'IGREJA BATISTA HEBROM', '', '2011-12-04', 3, 6, '0000-00-00', 'OBS: BATIZADA NA FILADELFIA EM 07/10/2012 POR JORGE BEZERRA / CPF: 541160235-15', '2011-12-06', 0),
(848, '', 'img_fem.jpg', 'ADRIANA SENA SANTOS DE ALMEIDA', '2000-10-11', 38, 2, 1, 'HELITA VIEIRA', '32418793', '2034916107', 36, '', '', 'ALFREDO SANTOS DE ALMEIDA', 'ALESSANDRA FERREIRA SENA', '', '0000-00-00', '', '', '41035432 / 9328-8085', 'DRICASENA11@HOTMAIL.COM', 'R. PROFESSOR ARTHUR DE MACEDO, QE LOTE 01', 'CAIXA DAGUA', 7, '40323120', 'BA', 'SALVADOR', 'IVANILSON COSTA DE PAULA', 'IGREJA BATISTA HEBROM', '88719012', '2011-12-04', 3, 6, '0000-00-00', 'REBATIZADA EM FILADELFIA EM 07/10/2012 POR JORGE BEZERRA', '2011-12-06', 0),
(849, '', 'img_masc.jpg', 'GILMAR MILTON SANTOS', '1963-01-23', 37, 2, 2, '', '', '0223982440', 29, 'CONCRETA', '33723043', 'ORLANDO MILTON SANTOS', 'ABGAIL OLIVEIRA SANTOS', 'ALESSANDRA FERREIRA SENNA', '2012-09-15', 'IBF', '', '8651-1629 / 8140-4626', '', 'R. PROF ARTHUR DE MACEDO Q E LT 1', 'CAIXA DAGUA', 7, '40323120', 'BA', 'SALVADOR', 'IVANILSON COSTA DE PAULA', 'IGREJA BATISTA HEBROM', '88719012', '2011-12-04', 3, 6, '0000-00-00', '', '2011-12-06', 0),
(852, '', 'img_fem.jpg', 'NAAMÁ PAZOS DOS SANTOS', '1983-12-11', 38, 3, 1, '', '', '1141503468', 35, '', '', 'REINALDO FERREIRA DOS SANTOS', 'TEREZA PAZOS DOS SANTOS', '', '0000-00-00', '', 'O+', '87346349 / 35066349', '', 'RUA TEÓDOLO DE ALBUQUERQUE, 24, CASA 3', 'CABULA VI', 49, '41181010', 'BA', 'SALVADOR', 'JURANDI / REINALDO FERREIRA', 'LIRIO DOS VALES - RIO VERMELHO', '', '2011-12-11', 1, 6, '0000-00-00', '', '2011-12-14', 0),
(853, '', 'img_masc.jpg', 'ANDRE LUIS SANTOS FERNANDEZ', '1967-04-30', 37, 3, 2, '', '', '0248912313', 51, 'XPY TOP ALTO', '', 'INACIO SAMPEDRO FERNANDEZ', 'JACI LOURENÇO SANTOS FERNANDEZ', 'ELIANE MELO PEREIRA', '2012-08-09', 'FORUM RUY BARBOSA', '', '3383-4674', 'FERNANDEZ.VENDAS@GMAIL.COM', 'RUA TRASIBULO FERRAZ, 83', 'CIDADE NOVA', 83, '40313700', 'BA', 'SALVADOR', 'JORGE BEZERRA', 'IGREJA BATISTA FILADELFIA', '', '2011-12-18', 2, 6, '0000-00-00', 'INFORMADO O CPF E NÃO O RG', '2011-12-19', 0),
(854, '', 'img_fem.jpg', 'LARISSA PEREIRA SILVA', '1991-06-21', 38, 11, 1, '', '', '1284821331', 35, '', '', 'JOSE MODESTO DA SILVA FILHO', 'MARIA JOSE DE OLIVEIRA PEREIRA', '', '0000-00-00', '', '', '88375491', 'LARI.PSILVA@YAHOO.COM.BR', 'FREITAS HENRIQUE DE BAIXO, 5ª TRAV., 08', 'BAIXA DE QUINTAS', 27, '40320160', 'BA', 'SALVADOR', 'JORGE BEZERRA', 'IGREJA BATISTA FILADELFIA', '', '2011-12-18', 2, 6, '0000-00-00', '', '2011-12-19', 0),
(855, '', 'img_fem.jpg', 'ELISSANDRA FERNANDES', '1995-08-12', 38, 11, 1, 'MARQUES DE MARICA', '', 'ELISSANDRA', 35, '', '', 'SANDRO DIAS FERNANDES', 'ELZIMEIRE TRINDADE DA SILVA', '', '0000-00-00', '', 'A+', '86158145', '', 'R. TRAZIBULO FERRAZ, 116', 'CIDADE NOVA', 83, '40313760', 'BA', 'SALVADOR', 'JORGE BEZERRA', 'IGREJA BATISTA FILADELFIA', '', '2011-12-18', 2, 6, '0000-00-00', '', '2011-12-19', 0),
(856, '', 'img_fem.jpg', 'ELIANE MELO PEREIRA FERNANDEZ', '1972-10-19', 38, 7, 2, 'UNIFACS', '', '0527699926', 81, 'SESAB', '31171628', 'VIRGULINO PEREIRA DE OLIVEIRA', 'MARIA CONCEIÇAO MELO', 'ANDRE LUIS SANTOS FERNANDEZ', '2012-08-09', 'FORUM RUY BARBOSA', 'A+', '33834674', 'ELIANEFERNANDEZ@LIVE.COM', 'R. TRASYBULO FERRAZ, 83', 'CIDADE NOVA', 83, '40313700', 'BA', 'SALVADOR', 'JORGE BEZERRA', 'IGREJA BATISTA FILADELFIA', '', '2011-12-18', 2, 6, '0000-00-00', '', '2011-12-19', 0),
(857, '', 'img_fem.jpg', 'DURVALICE RODRIGUES DA ANUNCIAÇAO', '1956-11-14', 38, 3, 1, '', '', '01434999104', 39, 'FUNCIONARIA PUBLICA', '', 'FRANEISCO FERREIRA DA ANUNCIAÇAO', 'DURVALINA DA CRUZ RODRIGUES DA ANUNCIAÇAO', '', '0000-00-00', '', '', '3386-7698', 'DURVALICERODRIGUES@HOTMAIL.COM', 'R. VICTOR SERRA, 36', 'PERO VAZ', 64, '40340290', 'BA', 'SALVADOR', 'JORGE BEZERRA', 'IGREJA BATISTA FILADELFIA', '', '2011-12-18', 2, 6, '0000-00-00', '', '2011-12-19', 0),
(858, '', 'img_masc.jpg', 'EDILTON BATISTA DA SILVA', '1989-10-05', 37, 3, 2, '', '', '1280553243', 52, 'FTC', '', 'EDMILSON BATISTA DA SILVA', 'ROSANGELA SOUZA BATISTA', 'SANDRIELE DA SILVA PESSOA BATISTA', '2013-03-19', 'FORUM', 'O+', '3244-7100', 'EDILTON-BATISTA@HOTMAIL.COM', 'R. ANTONIO BALBINO- AV. SIRIRI, 23A', 'IAPI', 8, '40330190', 'BA', 'SALVADOR', 'JORGE BEZERRA', 'IGREJA BATISTA FILADELFIA', '', '2011-12-18', 2, 6, '0000-00-00', '', '2011-12-19', 0),
(859, '', 'img_masc.jpg', 'DOUGLAS GOMES MIRANDA', '1994-03-24', 37, 3, 1, 'ICEIA', '', '1403781702', 35, '', '', 'CLOVIS HENRIQUE DIAS', 'GLORIENE GOMES DIAS', '', '0000-00-00', '', 'A+', '3383-0561 / 9343-0643', 'DOUGLAS.MIRANDA34@HOTMAIL.COM', 'R. TRASYBULO FERRAZ, 103B', 'CIDADE NOVA', 83, '40313700', 'BA', 'SALVADOR', 'JORGE BEZERRA', 'IGREJA BATISTA FILADELFIA', '', '2011-12-18', 2, 6, '0000-00-00', '', '2011-12-19', 0),
(860, '', 'img_masc.jpg', 'DAVI WILLIAM CARVALHO DOS SANTOS', '1997-07-29', 37, 2, 1, 'ADVENTISTA DE SALVADOR', '21070800', '2044507560', 36, '', '', 'DAVI BISPO DOS SANTOS', 'MAJA MARIA CARVALHO DOS SANTOS', '', '0000-00-00', '', 'A+', '33274142', 'DAVI-WILLIAM@HOTMAIL.COM', 'R. PROFESSOR AGRIPINIANO DE BARROS', 'CAIXA DAGUA', 7, '40323000', 'BA', 'SALVADOR', 'JORGE BEZERRA', 'IGREJA BATISTA FILADELFIA', '', '2011-12-18', 2, 6, '0000-00-00', '', '2011-12-19', 0),
(861, '', 'img_masc.jpg', 'HENRIQUE ERICK GOMES DIAS', '2000-08-03', 37, 2, 1, 'CRESCIMENTO', '32448790', '2037430590', 36, '', '', 'CLOVIS HENRIQUE DIAS', 'GLORIENE GOMES DIAS', '', '0000-00-00', '', 'A+', '33830561', 'ERICKDIAS01@HOTMAIL.COM', 'R. TRAZYBULO FERRAZ, 103B', 'CIDADE NOVA', 83, '40313700', 'BA', 'SALVADOR', 'JORGE BEZERRA', 'IGREJA BATISTA FILADELFIA', '', '2011-12-18', 2, 6, '0000-00-00', '', '2011-12-19', 0),
(862, '', 'img_fem.jpg', 'HILDA EMILIA ARAUJO DE FIGUEIREDO', '1965-08-31', 38, 7, 4, 'UNIJORGE', '35348000', '174839138', 35, 'POLITEC SA', '31145939', 'MILTON SANTOS DE FIGUEIREDO', 'MARIA FLORA ARAUJO DE FIGUEIREDO', '', '0000-00-00', '', 'O+', '32333242', 'HILDABA2005@HOTMAIL.COM', 'R. 1º DE DEZEMBRO, 39', 'CIDADE NOVA', 83, '40314510', 'BA', 'SALVADOR', 'JORGE BEZERRA', 'IGREJA BATISTA FILADELFIA', '', '2011-12-18', 2, 6, '0000-00-00', '', '2011-12-19', 0),
(863, '', 'img_masc.jpg', 'EDSON DE JESUS', '1977-09-07', 37, 11, 3, '', '', 'EDSON', 35, '', '', '', '', '', '0000-00-00', '', '', '86026497', '', '', 'CIDADE NOVA', 83, '', 'BA', 'SALVADOR', '', '', '', '2011-12-06', 4, 6, '0000-00-00', 'NAO SABE O ENDEREÇO, TRABALHA E MORA NA OBRA NA CIDADE NOVA ATE MARÇO', '2011-12-21', 0),
(864, '', 'img_fem.jpg', 'CRISTINE BORGES MENDONÇA', '1975-10-25', 38, 3, 1, '', '', 'CRISTINE', 54, 'TEL TELEMÁTICA', '', 'EDVALDO PINTO MENDONÇA', 'CELESTE MARIA SILVA BORGES', '', '0000-00-00', '', 'O+', '33821913 / 88649315', '', 'RUA PROFESSOR SÁ NUNES, 2', 'CIDADE NOVA', 83, '40310550', 'BA', 'SALVADOR', 'JORGE BEZERRA', 'IGREJA BATISTA FILADELFIA', '', '2012-02-05', 1, 6, '0000-00-00', '', '2012-02-06', 0),
(865, '', 'img_fem.jpg', 'IARA FRANÇA DE ARAUJO MENESES', '1973-07-27', 38, 3, 2, '', '', '0410862606', 108, '', '', 'LUIS MONGE DE ARAUJO', 'IVANICE FRANÇA DE ARAUJO', 'RAIMUNDO BATISTA DE MENESES', '1996-03-14', 'CARTORIO', '', '33884990', '', 'R. FREITAS HENRIQUE DE CIMA, 121', 'CAIXA DAGUA', 7, '40320150', 'BA', 'SALVADOR', 'VALTERIO', 'ASSEMBLEIA DE DEUS', '', '2012-01-29', 1, 6, '0000-00-00', '', '2012-02-09', 0),
(866, '', 'img_fem.jpg', 'DARLENE SILVA MELO LIMA', '1979-04-12', 38, 7, 2, '', '', 'DARLENE', 9, '', '', 'CICERO BALBINO DE MELO', 'ZULMIRA ALVES SILVA', 'JOSENIAS LIMA', '0000-00-00', '', 'O+', '9257-6956', '', 'VILA GASPAR, AV. FLOR GOMES, 53F', 'CAIXA DAGUA', 7, '40321060', 'BA', 'SALVADOR', 'NORBERTO FELIX', 'IGREJA PENTECOSTAL DEUS E AMOR', '', '0000-00-00', 1, 6, '0000-00-00', '', '2012-02-29', 0),
(867, '', 'img_fem.jpg', 'ALESSANDRA DA PENHA S. LINO', '1986-03-13', 38, 7, 1, 'NSP', '30191770', '0921188013', 35, 'SALAO ITAIGARA SHOPPING', '8889-1109', 'VERIDIANO LIMA', 'MARIA JOSE BARBOSA GUIMARAES', '', '0000-00-00', '', '', '3521-9240', 'JESUSRAZAODEVIVER@HOTMAIL.COM', 'R. 16 DE JANEIRO 48E', 'ALTO COUTO / VISTA ALEGRE', 61, '40750110', 'BA', 'SALVADOR', 'BOMFIM / ANA SUELI', 'MCU MINISTERIO REGULAR UNIVERSAL', '', '2012-03-04', 1, 6, '0000-00-00', '', '2012-03-08', 0),
(868, '', 'img_fem.jpg', 'ESTEFANY NASCIMENTO DOS REIS', '1989-03-05', 38, 3, 1, '', '', '1160957558', 35, 'MC DONALD\\\\\\''S', '', 'JOSELITO NASCIMENTO DOS REIS', 'RENILDA EDNA DOS REIS', '', '0000-00-00', '', '', '8762-3626', 'FANNY.ELLEN@HOTMAIL.COM', 'CONJ. JOANES CENTRO OESTE, RUA CONTAGEM, 238', 'LOBATO', 60, '40470380', 'BA', 'SALVADOR', '', 'RENASCER EM CRISTO', '', '2012-03-04', 1, 6, '0000-00-00', '', '2012-03-08', 0),
(869, '', 'img_fem.jpg', 'GENALINE DAMASCENO MARQUES ALMEIDA', '1973-01-04', 38, 11, 1, '', '', 'GENALINE', 35, '', '', 'MANOEL MARQUES DE ALMEIDA', 'ALMERINDA DAMASCENO', '', '0000-00-00', '', '', '8840-5303 / 3244-9433', '', 'RUA FREITAS HENRIQUE DE CIMA, 35', 'CAIXA DAGUA', 7, '40320150', 'BA', 'SALVADOR', 'PASTORA VANIRA', 'IGREJA PENTECOSTAL A PALAVRA DE DEUS TEM PODER', '', '2012-03-18', 1, 6, '0000-00-00', '', '2012-03-27', 0);
INSERT INTO `membros` (`pk_membro`, `fg_membro`, `te_foto`, `nm_membro`, `dt_nascimento`, `fk_sexo`, `fk_instrucao`, `fk_estado`, `nm_escola`, `nu_tel_escola`, `nu_rg`, `fk_profissao`, `nm_empresa`, `nu_tel_empresa`, `nm_pai`, `nm_mae`, `nm_conjuge`, `dt_casamento`, `nm_local`, `nm_rh`, `nu_tel_casa`, `nm_email`, `nm_logra`, `nm_bairro1`, `fk_bairro`, `nu_cep`, `nm_uf`, `nm_cidade`, `nm_pastor`, `nm_igreja`, `nu_tel_igreja`, `dt_admissao`, `fk_entrada`, `fk_saida`, `dt_saida`, `te_observacao`, `dt_cadastro`, `fk_usuario`) VALUES
(870, '', 'img_fem.jpg', 'ZELINA MENDES QUEIROZ', '1981-09-12', 38, 11, 2, '', '', 'ZELINA', 35, '', '', 'FRANCISCO MENDES DE SOUZA', 'MARIA DO NASCIMENTO DE SOUZA', 'ELIOMAR QUEIROZ MACEDO', '0000-00-00', '', 'A+', '8743-8160', '', 'RUA SALDANHA MARINHO, 97A', 'CAIXA DAGUA', 7, '40323010', 'BA', 'SALVADOR', 'ALOISIO VIEIRA', 'ASSEMBLEIA DE DEUS', '', '2012-03-25', 4, 6, '0000-00-00', '', '2012-03-27', 0),
(871, '', 'img_fem.jpg', 'VALDELICE CRUZ MATOS', '1958-09-05', 38, 3, 4, '', '', 'VALDELICE CRUZ', 20, 'ORDEM 3ª DE SAO FRANCISCO', '3321-6968', 'ANTONIO NERY CRUZ', 'FRANCISCA BARROS CRUZ (FALECIDA)', 'LUIS CLAUDIO NERY MATOS', '1998-06-19', 'IGREJA NOSSA SENHORA DO NAZARE', '', '8758-2059', '', 'LADEIRA DO IPIRANGA, 29C', 'CIDADE NOVA', 83, '40313030', 'BA', 'SALVADOR', 'JORGE DA PAZ', 'IGREJA BATISTA FILADELFIA', '', '2009-08-09', 2, 6, '0000-00-00', '', '2012-04-09', 0),
(872, '', 'img_fem.jpg', 'ELIZABETE PAIXAO DOS S. RAMOS', '1976-07-13', 38, 3, 2, '', '', '0703886282', 28, '', '', 'JOSE FERREIRA DOS SANTOS', 'ANDRELINA SANTANA DA PAIXAO', 'JOSEMIR RAMOS DOS SANTOS', '2001-10-23', 'FORUM', '', '3234-5759 / 8106-5581', '', 'R. MAJÓ PAULO VAZ, 19, ED CIRO OLIVEIRA, AP 21', 'VILA LAURA', 34, '40270170', 'BA', 'SALVADOR', 'ORLANDO CAMPOS', 'IBF', '', '2012-04-01', 1, 6, '0000-00-00', '', '2012-04-09', 0),
(873, '', 'img_fem.jpg', 'JOCELIA CAVALCANTE BERTO', '1952-01-16', 38, 11, 1, '', '', '0164362029', 35, '', '', 'JOSE BERTO SOBRINHO', 'IRAIDA CAVALCANTE BERTO', '', '0000-00-00', '', '', '3015-9040/ 8737-8026', '', 'RUA 27, CASA 02  REF. ANTIGO TODO DIA LADO DIREITO', '3 ETAPA CASTELO BRANCO', 65, '45600478', 'BA', 'SALVADOR', 'ISAIAS E ELTON', 'IGREJA BATISTA MOREÁ EM SUSSUARANA', '', '2012-03-25', 3, 6, '0000-00-00', 'JOCELIA É ESPECIAL, ADULTA MAS COM QI DE CRIANÇA. É CUIDADA POR ELIDE SILVA', '2012-04-09', 0),
(874, '', 'img_masc.jpg', 'ADEMIR GOMES PASSOS', '1961-03-18', 37, 1, 1, '', '', '0216272238', 11, '', '', 'MANOEL PASSOS', 'LIDIA GOMES PASSOS', '', '0000-00-00', '', '', '3386-1857', '', 'R. PARAGUAI, 8', 'PERO VAZ', 64, '40340050', 'BA', 'SALVADOR', '', '', '', '2012-04-08', 4, 3, '2016-04-04', 'DESLIGADO DO ROL DE MEMBROS POR AUSÊNCIA EM 04/04/2016', '2012-04-09', 0),
(875, '', 'img_masc.jpg', 'NATANAEL RODRIGUES DA SILVA', '1943-03-24', 37, 3, 2, '', '', '42245441', 35, 'MINERAÇAO DE JACOBINA', '', 'MANOELITO R. SILVA', 'CECILIA S. DA SILVA', 'ÉLIDE CAVALCANTE SILVA', '1996-12-13', 'IG. SAO JUDAS TADEU', 'B+', '3015-9040/8661-0663', '', 'RUA 27, CASA 02  REF. ANTIGO TODO DIA LADO DIREITO', '3 ETAPA CASTELO BRANCO', 65, '45600478', 'BA', 'SALVADOR', 'ITAGUARACY', 'IBF', '', '2012-04-08', 1, 6, '0000-00-00', '', '2012-04-09', 0),
(876, '', 'img_fem.jpg', 'ELIDE CAVALCANTE SILVA', '1947-05-06', 38, 4, 2, '', '', '30816300', 9, '', '', 'JOSE BERTO SOBRINHO', 'IRAIDA C. BERTO', 'NATANAEL R. DA SILVA', '1996-12-13', 'IG. SAO JUDAS TADEU', 'O+', '3015-9040 / 71 8737-8026', 'elidecavalcante@hotmail.com', 'RUA 27, CASA 02  REF. ANTIGO TODO DIA LADO DIREITO', '3 ETAPA CASTELO BRANCO', 65, '45600478', 'BA', 'SALVADOR', 'ADOMIRAN LOUREIRO', '1ª I. B. CASTELO BRANCO', '', '2012-04-08', 1, 6, '0000-00-00', '', '2012-04-09', 0),
(877, '', 'img_fem.jpg', 'LUAM ARAUJO NEVES', '1997-07-19', 38, 11, 1, '', '', 'LUAM', 35, '', '', '', '', '', '0000-00-00', '', '', '3382-2367', 'BOMBONZINHO05@HOTMAIL.COM', 'FREITAS HENRIQUE DE CIMA, C/10, VALENTIM RODRIGUES', 'CAIXA DAGUA', 7, '40320150', 'BA', 'SALVADOR', '', '', '', '2012-04-08', 4, 6, '0000-00-00', '', '2012-04-09', 0),
(878, '', 'img_fem.jpg', 'VICTORIA RAMOS DOS S. SANTOS', '2000-05-09', 38, 6, 1, 'ELLO', '3243-4010', 'VICTORIA', 36, '', '', 'DANIEL PEDRO S. SOUSA', 'JESSICA RAMOS DOS SANTOS', '', '0000-00-00', '', 'O+', '8857-0100', '', 'RUA GUAIBA, 23', 'CAIXA DAGUA', 7, '40320590', 'BA', 'SALVADOR', '', '', '', '2012-04-22', 2, 6, '0000-00-00', '', '2012-04-16', 0),
(879, '', 'img_fem.jpg', 'ALINE MARIA GOMES DE BRITO', '1985-01-03', 38, 3, 2, 'BENTO GONÇALVES', '', '1128006103', 35, 'RESTAURANTE SABORES DA BAHIA', '', 'ANTONIO LUIZ DA SILVA', 'MARIA LUIZA GOMES DA SILVA', 'ALICIO MARIA DE BRITO FILHO', '2012-01-14', 'CERIMONIAL VILA VERDE', 'O+', '3381-6088 / 98533-9181', 'ALINEAGOMES077@GMAIL.COM', 'R. SALDANHA MARINHO, 97', 'CAIXA DAGUA', 7, '40323010', 'BA', 'SALVADOR', 'JORGE BEZERRA', '', '', '2012-04-22', 2, 6, '0000-00-00', 'CPF: 027659805-94 SOLICITOU EXCLUSÃO DO ROL DE MEMBROS EM 19/10/2015 / SOLICITOU RETORNO NO DIA 26.06.2016', '2012-04-19', 0),
(880, '', 'img_fem.jpg', 'ALEXSANDRA NASCIMENTO DOS SANTOS', '1975-11-14', 38, 7, 4, 'UNISEB - SARTRE COC', '', '0512042314', 35, 'CEAISA CENTRAL DE AÇO', '2102-3016', 'GUTTEMBERG LIMOEIRO G. DOS SANTOS', 'MARIA CECILIA NASCIMENTO DOS SANTOS', '', '0000-00-00', '', '', '3381-8452', 'ALEXSANDRA9660@HOTMAIL.COM', 'R. MANOEL DRUMOND, 90 CASA 12', 'CAIXA DAGUA', 7, '40320670', 'BA', 'SALVADOR', 'JORGE BEZERRA', '', '', '2012-04-22', 2, 6, '0000-00-00', 'CPF: 677297205-82', '2012-04-19', 0),
(881, '', 'img_fem.jpg', 'RAILANE DA SILVA SANTOS', '1994-04-25', 38, 11, 1, 'SETE CURSOS PROFISSIONALIZANTES', '3276-4810', '1403087504', 36, '', '', 'JOSE ROQUE SANTOS', 'MARIA ANGELICA DA SILVA', '', '0000-00-00', '', '', '8848-6677', 'NANI-RAI@HOTMAIL.COM', 'R. JUAZEIRO, 66A', 'CAIXA DAGUA', 7, '40321055', 'BA', 'SALVADOR', 'JORGE BEZERRA', '', '', '2012-04-22', 2, 6, '0000-00-00', 'CPF: 057640435-73', '2012-04-19', 0),
(882, '', 'img_fem.jpg', 'SARA SANTANA SOUZA BRAGA', '1973-08-14', 38, 4, 2, '', '', '0407565485', 4, 'HOSPITAL DA BAHIA', '2109-1258', 'MANOEL DAS NEVES SOUZA', 'ISABEL SANTANA SOUZA', 'MARCIO MUNIZ BRAGA', '1998-03-12', 'FORUM RUY BARBOSA', 'A+', '3241-6066 / 8805-5059', 'SARABRAGA.ENF@GMAIL.COM', 'TV. CAMPOS FRANÇA, 12A 1º ANDAR', 'LAPINHA', 33, '40325210', 'BA', 'SALVADOR', 'JORGE BEZERRA', '', '', '2012-04-22', 2, 6, '0000-00-00', 'CPF: 673338775-15', '2012-04-19', 0),
(883, '', 'img_fem.jpg', 'JORGINA NASCIMENTO DOS SANTOS', '1953-12-09', 38, 3, 2, '', '', '1631402', 9, '', '', 'PATROCINIO PEREIRA DO NASCIMENTO', 'DAMIANA ALMEIDA SOARES', 'COSME BISPO DOS SANTOS', '1976-04-30', 'NAZARE-BA', 'B+', '3244-5134', '', 'TV. LACERDA, 13', 'LIBERDADE', 21, '40327650', 'BA', 'SALVADOR', 'JORGE BEZERRA', '', '', '2012-04-22', 2, 6, '0000-00-00', '', '2012-04-19', 0),
(884, '', 'img_fem.jpg', 'STEPHANIE VITORIA SOUSA SANTOS', '1999-05-21', 38, 11, 1, 'CECR - CLASSE IV', '3242-4387', '2060189080', 36, '', '', 'JOSE CARLOS EVANGELISTA DOS SANTOS', 'SUELI SOUSA SANTOS', '', '0000-00-00', '', '', '3326-4192 / 8761-3921', 'STEPHANIEFILHADOREI@HOTMAIL.COM', 'R. GUAIBA, 3', 'CAIXA DAGUA', 7, '40320590', 'BA', 'SALVADOR', 'JORGE BEZERRA', '', '', '2012-04-22', 2, 6, '0000-00-00', '', '2012-04-19', 0),
(885, '', 'img_masc.jpg', 'ITAMAR RAMOS DOMINGUES', '1959-08-06', 37, 3, 4, 'COSTA E SILVA', '', '14751819', 26, 'PM - APOSENTADO', '', 'WALTER DOMINGUES', 'MARIA DAS DORES RAMOS DOMINGUES', '', '0000-00-00', '', 'A+', '3233-2589', '', 'SALDANHA MARINHO, 102', 'CAIXA DAGUA', 7, '40323010', 'BA', 'SALVADOR', 'JORGE BEZERRA', '', '', '2012-04-22', 2, 6, '0000-00-00', 'CPF: 156726625-87', '2012-04-20', 0),
(886, '', 'img_masc.jpg', 'MATHEUS HENRIQUE SILVA FELIX', '1999-07-11', 37, 11, 1, 'ANTONIO DE PADUA', '', '1573474274', 36, '', '', 'JOSUE SANTOS MOTA', 'GILCELMA SILVA DIAS MOTA', '', '0000-00-00', '', '', '3233-4243/ 98533-3404', '', 'AV. TELES, 4 TERREO', 'CAIXA DAGUA', 7, '40320300', 'BA', 'SALVADOR', 'JORGE BEZERRA', '', '', '2012-04-22', 2, 6, '0000-00-00', '', '2012-04-20', 0),
(887, '', 'img_masc.jpg', 'LUCAS GONÇALVES ALMEIDA', '1993-05-22', 37, 3, 1, 'UNIVERSIDADE FEDERAL DA BAHIA', '', '1173379789', 36, '', '', 'JEAN FERREIRA ALMEIDA', 'SIMONE GONÇALVES ALMEIDA', '', '0000-00-00', '', 'A+', '3356-8469 / 9303-8370', 'LUCKAS_CCS@HOTMAIL.COM', 'AV. DOM JOAO VI, BL 14A AP. 301', 'BROTAS', 75, '40285001', 'BA', 'SALVADOR', 'JORGE BEZERRA', '', '', '2012-04-22', 2, 6, '0000-00-00', 'CPF: 021288835-80', '2012-04-20', 0),
(889, '', 'img_fem.jpg', 'DANIELE AZEVEDO DOS SANTOS', '1988-09-26', 38, 3, 1, '', '', '1142661156', 36, '', '', 'DANIEL CAVALCANTE DOS SANTOS', 'VERA LUCIA AZEVEDO DOS SANTOS', '', '0000-00-00', '', '', '3021-1537 / 9151-3861', '', 'R. PADRE BRAYNER, LADEIRA DO PAIVA, 75', 'CAIXA DAGUA', 7, '40320480', 'BA', 'SALVADOR', 'JOSE LIMA', 'ASSEMBLEIA DE DEUS', '', '2012-05-06', 1, 3, '2015-07-25', 'CPF: 026.896.845-43 - DESVIADA. EXCLUSA DO ROL DE MEMBROS EM 25/07/2015', '2012-05-07', 0),
(890, '', 'img_masc.jpg', 'LUIZ ALBERTO DA CRUZ SANTOS', '1983-01-04', 37, 3, 1, '', '', '949224383', 17, 'LICIMAX DISTRIBUIDORA DE JORNAIS E PUBLICAÇOES', '3241-1541', 'JOSE ALBERTO RODRIGUES DOS SANTOS', 'RITA DE CASSIAGOODGROVER DA CRUZ', '', '0000-00-00', '', '', '3032-1004', 'LUIZ.SINCERO@HOTMAIL.COM', 'R. DO QUEIMADO, 53, LAPINHA', 'LAPINHA', 33, '40325260', 'BA', 'SALVADOR', 'WILSON MARQUES', 'QUADRANGULAR', '3326-3657', '1983-05-06', 1, 6, '0000-00-00', 'CPF: 010.354.355-43', '2012-05-07', 0),
(891, '', 'img_fem.jpg', 'MARIA APARECIDA PEREIRA DA SILVA', '1957-09-11', 38, 3, 4, '', '', 'MARIA APARECIDA', 38, '', '', 'DORGIVAL PAIXAO PEREIRA DA SILVA', 'LUCIA RAMOS PEREIRA DA SILVA', '', '0000-00-00', '', 'B+', '8773-8832 / 8717-7157', '', 'R. DIRETA DAS PITANGUEIRAS, 78 1º ANDAR', 'FAZENDA GRANDE DO RETIRO', 54, '40353150', 'BA', 'SALVADOR', 'NORBETO DA SILVA FILHO', 'IGREJA BATISTA SINAI', '', '2012-05-06', 4, 6, '0000-00-00', '', '2012-05-07', 0),
(892, '', 'img_fem.jpg', 'AIDINETE VIEIRA BEZERRA', '1955-05-19', 38, 4, 2, '', '', 'AIDINETE', 9, '', '', 'MANOEL MESSIAS VIEIRA DE MENEZES', 'MARIA SILVA VIEIRA', 'JORGE DE OLIVEIRA BEZERRA', '1976-02-21', 'SAO PAULO', '', '8643-0639/ 3487-5021', '', 'R. DR. ALBERTO PONDÉ, 59, ED VINICIUS DE MORAES AP 302', 'CANDEAL', 41, '40296250', 'BA', 'SALVADOR', 'JOSE SALES DA COSTA', 'BATISTA DOS MARES', '', '2011-04-29', 3, 6, '0000-00-00', '', '2012-05-09', 0),
(893, '', 'img_fem.jpg', 'RITA DE CASSIA SOUSA OLIVEIRA MOIS', '1962-06-03', 38, 7, 4, '', '', '0136208436', 52, '', '', 'HONORATO BISPO DE OLIVEIRA', 'EURIDES SOUSA OLIVEIRA', '', '0000-00-00', '', 'B+', '8790-0980 / 3241-1866', '', 'RUA MADUREIRA DE PINHO, 80', 'CAIXA DAGUA', 7, '40323080', 'BA', 'SALVADOR', 'HERMENEGILDO', 'IBF', '', '2012-05-27', 1, 3, '2016-04-04', 'CPF: 241.829.585-00 / DESLIGADO DO ROL DE MEMBROS POR AUSÊNCIA EM 04/04/2016 - FREQUENTANDO A IGREJA METROPOLITANA', '2012-05-29', 0),
(896, '', 'img_masc.jpg', 'JOSE CELSO DOREA CASTRO', '1965-04-02', 37, 3, 2, '', '', '181192470', 35, 'PETROBRAS', '', 'JOSE DA SILVA CASTRO', 'MARIA AURELIA DOREA CASTRO', 'MINERVINA DOS SANTOS CASTRO', '1989-11-29', 'CATU', '', '8838 -1965', '', 'SALDANHA MARINHO, 131', 'CAIXA DAGUA', 7, '40323010', 'BA', 'SALVADOR', 'JOSSERISE BARROS NASCIMENTO', 'BATISTA SHALON ADONAI', '', '2012-05-20', 3, 3, '2016-09-12', 'DESLIGADO EM 12/09/2016 APOS REUNIAO DO CAPI NO DIA 11/09/2016', '2012-06-04', 0),
(897, '', 'img_fem.jpg', 'MINERVINA DOS SANTOS CASTRO', '1966-04-18', 38, 3, 2, '', '', 'MINERVINA', 25, '', '', 'MILTON PAULO DOS SANTOS', 'MANOELITA MATOS SANTOS', 'JOSE CELSO DOREA CASTRO', '1989-11-29', 'CATU', '', '3638-1027', '', 'RUA SALDANHA MARINHO, 131', 'CAIXA DAGUA', 7, '40323010', 'BA', 'SALVADOR', 'JOSSERISE BARROS NASCIMENTO', 'BATISTA SHALOM ADONAI', '', '2012-05-20', 3, 3, '2016-09-12', 'DESLIGADO EM 12/09/2016 APOS REUNIAO DO CAPI NO DIA 11/09/2016', '2012-06-04', 0),
(899, '', 'img_masc.jpg', 'DIOGO SANTOS DE JESUS', '1990-07-23', 37, 7, 1, 'FACULDADE DA CIDADE', '', '0941384519', 35, '', '', 'EDSON NASCIMENTO DE JESUS', 'CARLA MARGARETH SANTOS DE JESUS', '', '0000-00-00', '', 'O+', '3019-6230 / 8825-6389', '', '3ª TRAV. DA MANDICHURIA, 13, 3º ANDAR', 'CAIXA DAGUA', 7, '40320520', 'BA', 'SALVADOR', 'JORGE BEZERRA', 'IBF', '', '2012-07-08', 2, 6, '0000-00-00', '', '2012-07-17', 0),
(900, '', 'img_fem.jpg', 'KARLA DANIELE SILVA SANTANA', '1997-09-29', 38, 10, 1, 'MANOEL TEIXEIRA DE FREITAS', '', '2001224109', 36, '', '', 'JORGE DE ALMEIDA SANTANA', 'LUCINEIDE SILVA SANTANA', '', '0000-00-00', '', '', '3018-3066 / 8706-6541', '', 'R SALDANHA MARINHO, AV. CONCEIÇÃO, 7', 'CAIXA DAGUA', 7, '40320510', 'BA', 'SALVADOR', 'JORGE BEZERRA', 'IBF', '', '2012-07-08', 2, 6, '0000-00-00', '', '2012-07-17', 0),
(901, '', 'img_fem.jpg', 'JEIMILE AIALA MOTA FREITAS', '1997-03-21', 38, 11, 1, 'ELLO', '', 'JEIMILE', 36, '', '', 'ANTONIO JORGE DOS SANTOS FREITAS', 'JUÇARA CLAUDIA DE JESUS MOTA', '', '0000-00-00', '', '', '3242-0353', '', 'R. NEVES DA ROCHA, 69', 'CAIXA DAGUA', 7, '40320530', 'BA', 'SALVADOR', 'JORGE BEZERRA', 'IBF', '', '2012-07-08', 2, 6, '0000-00-00', '', '2012-07-17', 0),
(902, '', 'img_fem.jpg', 'DANIELLE DIAS FERREIRA SOUSA', '1999-12-03', 38, 11, 1, 'ELLO', '', 'DANIELLE', 36, '', '', 'JULIO AUGUSTO SOUSA', 'JUCELIA DIAS FERREIRA SOUSA', '', '0000-00-00', '', '', '8642-6217', '', 'AV TELES, 58A', 'CAIXA DAGUA', 7, '40320300', 'BA', 'SALVADOR', 'JORGE BEZERRA', 'IBF', '', '2012-07-08', 2, 6, '0000-00-00', '', '2012-07-17', 0),
(903, '', 'img_masc.jpg', 'ADAILTON SANTOS AGRA', '1964-01-24', 37, 7, 4, '', '', '0265545692', 26, 'PREFEITURA DE SAO FRANCISCO DO CONDE', '3651-8621', 'GILTON FREITAS AGRA', 'FRANCISCA TELES DOS SANTOS', 'DILMA SUELI CERQUEIRA', '0000-00-00', '', 'A+', '9169-8705', '', 'R. PEDRO IVO, 04, 1º ANDAR', 'CAIXA DAGUA', 7, '40320010', 'BA', 'SALVADOR', 'JORGE BEZERRA', 'IBF', '', '2012-07-08', 2, 6, '0000-00-00', 'O CASAMENTO ESTA PREVISTO PARA DEZEMBRO DE 2012', '2012-07-17', 0),
(904, '', 'img_fem.jpg', 'LÉA FREITAS BARBOSA FELICIO', '1993-05-31', 38, 7, 1, 'FACULDADE SAO CAMILO', '3205-3581', '1291244948', 36, 'HOSPITAL ALIANÇA', '2108-5851', 'LUIS CARLOS PEREIRA FELICIO', 'ISABEL FREITAS BARBOSA FELICIO', '', '0000-00-00', '', 'O+', '3346-0705 / 8627-1287', '', 'R. DR. ARMANDO COLAVOLPE, 119', 'SANTA CRUZ', 63, '41925025', 'BA', 'SALVADOR', '', 'ASSEMBLEIA DE DEUS STA CRUZ', '', '2012-07-01', 1, 6, '0000-00-00', '', '2012-07-17', 0),
(905, '', 'img_fem.jpg', 'ELIANE LOUREIRO DA SILVA BACELAR', '1975-08-17', 38, 3, 2, '', '', '436682087', 47, 'FACULDADE DE MEDICINA', '', 'HAMILTON SIMOES DA SILVA', 'ELIECY LOUREIRO DA SILVA', 'UELBER NELSON BACELAR DOS SANTOS', '1997-06-04', 'FORUM RUY BARBOSA', '', '33820468', '', 'R. FREITAS HENRIQUE DE CIMA, 20', 'CAIXA DAGUA', 7, '40320150', 'BA', 'SALVADOR', 'SINVAL', 'BATISTA GETSEMANI', '', '0000-00-00', 1, 6, '0000-00-00', '', '2012-07-17', 0),
(906, '', 'img_masc.jpg', 'GABRIEL DE FRANÇA DE OLIVEIRA', '1987-10-01', 37, 3, 1, '', '', '0970849486', 36, '', '', 'ALTAMIR MACEDO DE OLIVEIRA', 'GILZELIA MEIRELES DE FRANÇA DE OLIVEIRA', '', '0000-00-00', '', 'O+', '3388-4349', '', 'R. GUAIBA, 59', 'CAIXA DAGUA', 7, '40320590', 'BA', 'SALVADOR', 'JOAO GERALDO', 'AMOR AGAPE', '', '0000-00-00', 1, 6, '0000-00-00', '', '2012-07-17', 0),
(907, '', 'img_fem.jpg', 'TAYLANE DA CONCEIÇÃO F. PINTO', '1991-12-15', 38, 11, 1, 'ANISIO TEIXEIRA', '', '1199171140', 35, 'ESCOLA DOCE ENCANTO', '', 'CARLOS COSME ROSARIO FERREIRA PINTO', 'JOZELIA DA CONCEIÇAO SANTOS', '', '0000-00-00', '', '', '3022-9053 / 8405-6883', '', 'R. SALDANHA MARINHO, 101', 'CAIXA DAGUA', 7, '40323010', 'BA', 'SALVAOR', '', '', '', '0000-00-00', 1, 3, '0000-00-00', 'NÃO É BATIZADA', '2012-07-17', 0),
(908, '', 'img_fem.jpg', 'WALKIRIA DA LUZ CRUZ SOLEDADE', '1960-02-22', 38, 4, 2, '', '', '0118589075', 2, 'STEEL - PETROBRAS', '3413-6280', 'WALTER TERENCIO DA CRUZ', 'GILDETE DA LUZ CRUZ', 'NILTON CESAR ANDRADE SOLEDADE', '1981-09-19', 'IBF', 'A+', '8786-1913', '', 'R. 7 DE JANEIRO, 112', 'CIDADE NOVA', 83, '40313170', 'BA', 'SALVADOR', 'HERMENEGILDO NUNES', 'IBF', '', '0000-00-00', 4, 6, '0000-00-00', '', '2012-07-17', 0),
(909, '', 'img_fem.jpg', 'CAMILA SANTOS DA HORA GENIPAPEIRO', '1989-05-15', 38, 10, 6, '', '', '1197985816', 66, 'SG FINANCEIRA', '3327-4720', 'CARLOS JOAO SALES GENIPAPEIRO', 'EDNA SANTOS DA HORA GENIPAPEIRO', 'MARCELO DIAS DA SILVA', '0000-00-00', '', 'B+', '8764-0724', '', 'R. MADUREIRA DE PINHO, 82', 'CAIXA DAGUA', 7, '40323080', 'BA', 'SALVADOR', '', 'BATISTA CASA DE ORAÇAO', '', '2012-07-12', 1, 6, '0000-00-00', '', '2012-07-17', 0),
(910, '', 'img_fem.jpg', 'ELIANA MENEZES DAS SANTOS', '1965-01-13', 38, 11, 3, '', '', 'ELIANA', 35, '', '', '', '', '', '0000-00-00', '', '', '', '', 'R. FREITAS HENRIQUE DE CIMA, 121', 'CAIXA DAGUA', 7, '40323165', 'BA', 'SALVADOR', 'VALTERIO', 'ASSEMBLEIA DE DEUS CX DAGUA', '', '2012-07-15', 4, 6, '0000-00-00', '', '2012-07-17', 0),
(911, '', 'img_masc.jpg', 'LUCIANO COSTA DE JESUS', '0000-00-00', 37, 11, 1, '', '', 'LUCIANO', 35, '', '', '', '', '', '0000-00-00', '', '', '8647-0419', 'LUCIANO-DEJESUS12@HOTMAIL.COM', 'R. 3 DE DEZEMBRO, 57', 'SAO CAETANO', 67, '', 'BA', 'SALVADOR', 'ROBERTO', 'BATISTA MISSOES FINAIS', '', '2012-07-15', 4, 6, '0000-00-00', '', '2012-07-17', 0),
(912, '', 'img_masc.jpg', 'BRUNO SILVA SOARES', '1990-07-05', 37, 11, 1, '', '', 'BRUNO', 35, '', '', '', '', '', '0000-00-00', '', '', '8747-7070', '', 'R. MELO MORAES FILHO', 'FAZENDA GRANDE', 54, '', 'BA', 'SALVADOR', '', '', '', '2012-07-19', 4, 6, '0000-00-00', 'CONSELHEIROS: LEO E ABRAAO', '2012-07-20', 0),
(913, '', 'img_fem.jpg', 'BEATRIZ DE ARAUJO BARROS', '1931-12-24', 38, 11, 5, '', '', '0078232074', 39, '', '', 'ODILON BORGES BARROS', 'FRANCISCA DE ARAUJO SILVA', '', '0000-00-00', '', '', '3022-9369 / 8534-2294 / 8729-2', '', 'AV. ALFREDO DO VALE CABRAL,194', 'STA MONICA', 12, '40342050', 'BA', 'SALVADOR', 'GONÇALVES', 'INTERNACIONAL DA GRAÇA', '', '2012-08-05', 1, 3, '2016-04-04', '3022-9369 / 8534-2294 / 8729-2590 / 8543-5873 / DESLIGADO DO ROL DE MEMBROS POR AUSÊNCIA EM 04/04/2016 - FREQUENTANDO A CASA DA BENÇÃO NA STA MONICA', '2012-08-15', 0),
(914, '', 'img_fem.jpg', 'EUNICE ARRUDA CASAIS', '1982-10-18', 38, 11, 2, '', '', 'EUNICE', 35, '', '', '', '', '', '0000-00-00', '', 'O-', '3382-2837 / 8842-7874', 'EUNICE_SSA@YAHOO.COM.BR', 'LADEIRA DO PAIVA, 40, BL 2, AP 103', 'CAIXA DAGUA', 7, '40320710', 'BA', 'SALVADOR', '', '', '', '2012-08-05', 4, 6, '0000-00-00', '', '2012-08-15', 0),
(915, '', 'img_masc.jpg', 'JEFTER LIMA SOUZA', '1984-04-06', 37, 3, 2, '', '', 'JEFTER', 67, 'AMBEV', '3415-1200', 'PAULO CESAR DE SOUZA', 'KATIA LIMA SOUZA', 'CLELIA SANTIAGO GONÇALVES', '0000-00-00', '', '', '3215-3217 / 3256-6251', '', 'RUA HUGO BARRETO, 26', 'PERO VAZ', 64, '40340360', 'BA', 'SALVADOR', '', 'INTERNACIONAL DA GRAÇA DE DEUS', '3329-2147', '2012-07-01', 1, 6, '0000-00-00', 'RESOLVENDO PROBLEMA DE CASAMENTO', '2012-08-24', 0),
(916, '', 'img_masc.jpg', 'RONALDO FRANCISCO DIAS', '1974-07-22', 37, 3, 2, '', '', '5470390', 14, 'MARINHA DO BRASIL', '', 'NAO DECLARADO', 'JOSELITA MARIA DIAS', 'FABIOLA LOIOLA VASCONCELOS DIAS', '2001-12-29', 'SSA', 'O+', '3497-6518', '', 'TV. DO PAIVA, 67, ED RIO DANUBIO, AP 21', 'CAIXA DAGUA', 7, '40321100', 'BA', 'SSA', 'JOSE LINALDO OLIVEIRA', '1ª IG. B. DE BRASILIA TEIMOSA - PE', '', '2012-08-12', 3, 6, '0000-00-00', '', '2012-08-24', 0),
(917, '', 'img_fem.jpg', 'FABIOLA LOIOLA VASCONCELOS DIAS', '1978-11-11', 38, 7, 2, '', '', '222405623', 102, 'AMWAY', '', 'JULIO CESAR VASCONCELOS', 'CARMEN LUCIA LOIOLA VASCONCELOS', 'RONALDO FRANCISCO DIAS', '2001-12-29', 'SSA', 'O-', '3497-6518 / 8789-1881', '', 'TV. DO PAIVA, 67, ED RIO DANUBIO, AP 21', 'CAIXA DAGUA', 7, '40321100', 'BA', 'SSA', 'JARDEL BEIRAO', 'CONGREGACIONAL S. PEDRO DA ALDEIA - RJ', '', '2012-08-12', 1, 6, '0000-00-00', '', '2012-08-24', 0),
(920, '', 'img_fem.jpg', 'VALDETE CRUZ CARDOSO', '1957-04-15', 38, 4, 2, '', '', 'VALDETE', 39, 'ASSISTENTE SOCIAL', '', 'WALTER TERENCIO DA CRUZ', 'GILDADE DA LUZ CRUZ', 'AILTON SANTANA CARDOSO', '1976-05-22', 'SSA', 'O+', '3256-3339', '', 'R. 7 DE JANEIRO, 112', 'CIDADE NOVA', 83, '40313170', 'BA', 'SSA', '', 'FILADELFIA', '', '2012-09-02', 4, 6, '0000-00-00', '', '2012-09-10', 0),
(921, '', 'img_masc.jpg', 'RAIMUNDO SANTOS MATOS', '1958-01-23', 37, 4, 2, '', '', '138424470', 35, 'ESTRELA SISTEMA ELETRONICOS', '3173-9999', 'CRISPIM FERREIRA MATOS', 'MARIALDA RODRIGUES DOS SANTOS', 'MARINALDA DAS VIRGENS MATOS', '2008-12-13', 'IG. DA GRAÇA DE DEUS - IAPI', 'O+', '3381-7592', '', 'RUA DO PARQUE, 51/23', 'CX DAGUA', 7, '40320670', 'BA', 'SSA', 'EDGAR', 'INTERNACIONAL DA GRAÇA DE DEUS', '', '2012-09-02', 1, 6, '0000-00-00', 'PROFISSAO: TEC. SEGURANÇA ELETRONICA', '2012-09-10', 0),
(922, '', 'img_fem.jpg', 'ELISABETE BARRETO N. GOMES', '1968-04-13', 38, 3, 2, '', '', '272251518', 38, '', '', 'JOSE ANDRADE DO NASCIMENTO', 'ELENILZA BARRETO DO NASCIMENTO', 'VALDEQUE FERREIRA GOMES', '2012-01-30', '', '', '3256-9603', '', 'R. 20 DE AGOSTO, 67', 'PAU MIUDO', 5, '40310610', 'BA', 'SSA', '', 'BATISTA BEREANOS / GETSEMANI', '', '2012-09-02', 1, 4, '2015-12-30', 'BATISMO EM 28/05/2013 POR JORGE BEZERRA / TRANSFERÊNCIA PARA IGREJA BATISTA SINAI EM 30/12/2015', '2012-09-10', 0),
(923, '', 'img_fem.jpg', 'LAINE BARRETO N. GOMES', '1995-10-23', 38, 3, 1, 'ADVENTISTA', '', '2067674986', 36, '', '', 'VALDEQUE PEREIRA GOMES', 'ELISABETE BARRETO N. GOMES', '', '0000-00-00', '', '', '3256-9603', '', 'R. 20 DE AGOSTO, 67', 'PAU MIUDO', 5, '40310610', 'BA', 'SSA', 'ALBERTO SALES', 'MISSIONARIA BEREANOS', '', '2012-09-02', 1, 4, '2015-12-30', 'BATISMO EM 28/05/2013 POR JORGE BEZERRA / TRANSFERÊNCIA PARA IGREJA BATISTA SINAI EM 30/12/2015', '2012-09-10', 0),
(924, '', 'img_fem.jpg', 'ELISABETE ANTUNES DA SILVA', '1978-08-04', 38, 6, 2, '', '', '0593167481', 36, '', '', 'OSMAR ANTUNES DA SILVA', 'MAB NOGUEIROS COSTA', 'ANTENOR ROCHA DA SILVA', '2007-01-27', 'IGREJA EVANGELICA MOVER DE DEUS', '', '8894-2620 / 3386-3778', '', 'R. MANUEL DRUMONT, 59', 'CX DAGUA', 7, '40320700', 'BA', 'SSA', 'ERNANDES FARIAS COSTA FILHO', 'EVANGELICA MOVER DE DEUS', '8236-6000', '2012-09-02', 1, 6, '0000-00-00', '', '2012-09-10', 0),
(925, '', 'img_masc.jpg', 'ANTENOR ROCHA DA SILVA', '1963-10-09', 37, 3, 2, '', '', '0160800099', 35, 'SALVA VIDAS - PREFEITURA MUNICIPAL DE SALVADOR', '3363-5333', 'FRANCISCO VALDERI DA SILVA', 'ANA MARIA ROCHA DA SILVA', 'ELISABETE ANTUNES DA SILVA', '2007-01-27', 'IG. EVANGELICA MOVER DE DEUS', 'A+', '8891-3777', '', 'R. MANUEL DRUMONT, 50 FUNDOS', 'CX DAGUA', 7, '40320700', 'BA', 'SSA', 'BISPO CLODAMIR', 'IG. EVANGELICA MOVER DE DEUS', '', '2012-09-02', 1, 6, '0000-00-00', '', '2012-09-10', 0),
(926, '', 'img_fem.jpg', 'ROSENTINA MARQUES SILVA', '1939-08-31', 38, 1, 5, '', '', '1311985', 70, '', '', 'GABRIEL MARQUES SILVA', 'MARIA EMILIA SALUSTIANA', '', '0000-00-00', '', '', '3327-4140', '', 'R. MANOEL DRUMOND, 19, CJ PARQUE', 'CX DAGUA', 7, '40320670', 'BA', 'SSA', 'ORLANDO PEREIRA CAMPOS', 'FILADELFIA', '', '2012-09-02', 1, 3, '2016-04-04', 'VINDA DA IG. ASSEMBLEIA DE DEUS / DESLIGADO DO ROL DE MEMBROS POR AUSÊNCIA EM 04/04/2016 - FREQUENTANDO A IGREJA ADVENTISTA', '2012-09-10', 0),
(927, '', 'img_masc.jpg', 'RUAN SANTOS MOTA CARVALHO', '1994-03-15', 37, 11, 1, 'DEP. MANOEL NOVAES', '', '1340896265', 35, '', '', 'HAROLDO MARQUES CARVALHO', 'SONIA SANTOS MOTA', '', '0000-00-00', '', '', '9227-4658 / 8859-0068', 'ruanmota2009@gmail.com', 'R. AGOSTINHO SHIMIDT, 22', 'CAIXA DAGUA', 7, '40323020', 'BA', 'SSA', 'JORGE BEZERRA', '', '', '2012-10-07', 2, 6, '0000-00-00', '', '2012-10-08', 0),
(928, '', 'img_fem.jpg', 'ALEXANDRA QUADRO SIQUEIRA', '1972-08-01', 38, 5, 1, 'UFBA', '', '0369533933', 9, 'COLEGIO NSA SRA DA SOLEDADE', '3242-1155', 'JOSE FRANCISCO DA SIQUEIRA FILHO', 'ANTONIA PEREIRA DE QUADRO', '', '0000-00-00', '', 'A+', '9226-3127', '', 'LAD. PAIVA, 40, CND COLINA DO PAIVA, AP 302', 'CX DAGUA', 7, '40320710', 'BA', 'SSA', 'JORGE BEZERRA', '', '', '2012-10-07', 2, 6, '0000-00-00', '', '2012-10-08', 0),
(929, '', 'img_fem.jpg', 'CLAUDIA CONCEIÇAO DOS SANTOS', '1972-12-19', 38, 10, 2, 'ESTADUAL LUIZ NAVARRO DE BRITO', '', '0526637102', 35, '', '', 'FELIPE DOS SANTOS', 'CLARICE CONCEIÇAO DOS SANTOS', 'GILMAR PAIM DA SILVA FILHO', '2012-09-29', 'FILADELFIA', '', '3236-0501', '', 'AV PEIXE, 108', 'PERO VAZ', 64, '40335611', 'BA', 'SSA', 'JORGE BEZERRA', '', '', '2012-10-07', 2, 6, '0000-00-00', '', '2012-10-08', 0),
(930, '', 'img_masc.jpg', 'GILMAR PAIM DA SILVA FILHO', '1974-11-12', 37, 1, 2, 'ANISIO TEXEIRA', '', '0526626838', 35, '', '', 'GILMAR PAIM DA SILVA', 'IVONE CARVALHO DA SILVA', 'CLAUDIA CONCEIÇAO DOS SANTOS', '2012-09-29', 'FILADELFIA', '', '3236-0501 / 8127-8142', '', 'AV PEIXE, 108', 'PERO VAZ', 64, '40335611', 'BA', 'SSA', 'JORGE BEZERRA', '', '', '2012-10-07', 2, 6, '0000-00-00', '', '2012-10-08', 0),
(931, '', 'img_masc.jpg', 'RUBEM VILAS BOAS SILVA', '1963-06-10', 37, 3, 2, '', '', '0162696590', 100, '', '', 'SEBASTIAO SILVA', 'EUNICE VILAS BOAS SILVA', 'ELIVONE MELO PEREIRA SILVA', '2012-07-31', 'FORUM', 'O+', '8157-9322', 'RUBENSVILAS.COM2011@HOTMAIL.COM', 'R. DR. ESTEVES DE ASSIS, 65', 'BARROS REIS', 30, '40315230', 'BA', 'SSA', 'JORGE BEZERRA', '', '', '2012-10-07', 2, 6, '0000-00-00', 'CPF: 406166225-20', '2012-10-08', 0),
(932, '', 'img_fem.jpg', 'ELIVONE MELO PEREIRA SILVA', '1971-02-26', 38, 11, 2, '', '', '0527699845', 35, '', '', 'VIRGULINO PEREIRA DE OLIVEIRA', 'MARIA CONCEIÇAO MELO', 'RUBEM VILAS BOAS SILVA', '2012-07-31', 'FORUM', 'A-', '8267-5859', '', 'R. DR. ESTEVES DE ASSIS, 65', 'BARROS REIS', 30, '40315230', 'BA', 'SSA', 'JORGE BEZERRA', '', '', '2012-10-07', 2, 6, '0000-00-00', 'CPF: 561268675-72', '2012-10-08', 0),
(933, '', 'img_masc.jpg', 'UELBER NELSON BACELAR DOS SANTOS', '1975-10-16', 37, 3, 2, '', '', '0406314004', 52, 'HOSPITAL ESPANHOL E F.B. CARDIOLOGIA', '3264-1892 / 2102-8596', 'EVERALDO BACELAR DOS SANTOS', 'MARIA IVONETE AMORIM DOS SANTOS', 'ELIANA LOUREIRO DA SILVA BACELAR', '1997-06-04', 'FORUM RUY BARBOSA', 'A+', '3382-0468 / 8846-9922', 'UELBER.SANTOS@HOSPITALESPANHOL.COM.BR', 'R. FREITAS HENRIQUE DE CIMA, 20', 'CX DAGUA', 7, '40320150', 'BA', 'SSA', 'JORGE BEZERRA', '', '', '2012-10-07', 2, 6, '0000-00-00', 'CPF: 887315965-68', '2012-10-08', 0),
(938, '', 'img_fem.jpg', 'NEUSA DIAS DOS SANTOS', '1958-11-22', 38, 2, 6, '', '', '0401310922', 35, '', '', 'NELSON DIAS DOS SANTOS', 'CLOTILDES ALMEIDA DE OLIVEIRA', 'MELQUIZEDEQUE CRUZ DE SOUZA (COMPANHEIRO)', '0000-00-00', '', '', '8801-2122 / 3386-9245', '', 'R. LIMITE, 52', 'IAPI', 8, '40330515', 'BA', 'SSA', 'ERON', 'MUNDIAL DA PAZ', '', '2012-11-11', 1, 6, '0000-00-00', '', '2012-11-21', 0),
(935, '', 'img_fem.jpg', 'ANA PAULA DA CRUZ MAYNARD', '1973-03-19', 38, 4, 2, '', '', '406592837', 2, 'SANTOS E MAYNARD LTDA ME', '3431-1800', 'ANTONIO CARLOS TAVARES MAYNARD', 'INES MARIA DA CRUZ SANTOS', 'ALEXANDRE DA SILVA DOS SANTOS', '2002-04-16', 'FORUM RUY BARBOSA', 'O+', '8897-0165', 'ANAPAULA_MAY@YAHOO.COM.BR', 'LAD. DO ACUPE, 85, ED REAL SOCIEDADE, AP 302', 'ACUPE DE BROTAS', 75, '40290160', 'BA', 'SSA', 'JORGE BEZERRA', '', '', '2012-10-07', 2, 6, '0000-00-00', 'CPF: 431.894.905-20', '2012-10-08', 0),
(936, '', 'img_fem.jpg', 'KATIA KARINA BORGES DOS SANTOS', '1978-10-05', 38, 4, 2, '', '', '0674225600', 35, 'COELBA', '3370-5990', 'JOSE JUAREZ COSTA BORGES', 'MARIA GENY COSTA BORGES', 'LUCIANO COSME SAVIO DA SILVA DOS SANTOS', '2012-10-18', 'SSA', 'O+', '8717-0238', 'KBORGES@COELBA.COM.BR', 'R. STA MARIA GORETI, 233, AP 101', 'VILA LAURA', 34, '40270210', 'BA', 'SSA', 'JORGE BEZERRA', '', '', '2012-10-07', 2, 6, '0000-00-00', 'CPF: 776.031.765-49', '2012-10-08', 0),
(940, '', 'img_masc.jpg', 'RAIMAR LECTO DOS SANTOS', '1972-02-09', 37, 6, 2, '', '', '0510981992', 35, 'SHOPING CENTER LAPA', '3415-8255', 'RAIMUNDO LECTO DOS SANTOS', 'MARINA RAMOS DOS SANTOS', 'LUCIANA MAIA LECTO', '2012-10-26', 'IBF', '', '8619-3245', '', 'LAD. DO PAIVA, 56', 'CX DAGUA', 7, '40320840', 'BA', 'SSA', 'PAULO', 'BATISTA AMOR DIVINO', '', '2012-10-14', 1, 3, '0000-00-00', 'BATIZADO NA IG. B. MONTE CARMELO COM PR. ELISVAN C. DOS SANTOS', '2012-11-21', 0),
(941, '', 'img_masc.jpg', 'AURINO RONALDES MACHADO FREITAS', '1959-03-28', 37, 3, 2, '', '', 'AURINO', 29, 'CAPITAL TRANSPORTES', '3616-8771', 'AURINO CAETANO FREITAS', 'IEDA MACHADO FREITAS', 'VILMA', '1980-12-11', 'SSA', '', '3399-8579', '', 'R. JORNALISTA MARIDAJUDA MEDEIRO, R. E, BL 125, ', 'CANABRAVA', 69, '41260080', 'BA', 'SSA', 'ADILSON', 'BATISTA TABERNACO', '', '2012-10-14', 1, 6, '0000-00-00', 'R. JORNALISTA MARIA DAJUDA MEDEIRO, R. E, BL 125, AP 303 COJ VALE DOS LAGOS', '2012-11-21', 0),
(942, '', 'img_fem.jpg', 'VILMA ANGELA PEREIRA FREITAS', '1963-08-02', 38, 11, 2, '', '', 'VILMA ANGELA', 25, 'EM CASA', '3399-8579', 'VALTER PEREIRA', 'MARIA DE LOURDES GARIDO PEREIRA', 'AURINO RONALDES', '1980-12-11', 'SSA', '', '3399-8579', '', 'R. JORNALISTA MARIS D1AJUDA MEDEIRO, R. E, BL 125, AP 303', 'SAO MARCOS', 68, '41260080', 'BA', 'SSA', '', 'UNIVERSAL', '', '2012-10-14', 1, 6, '0000-00-00', '', '2012-11-21', 0),
(943, '', 'img_fem.jpg', 'MARIA NILDA SIMOES DE JESUS', '1973-04-27', 38, 11, 2, 'CPA - CENTRO ESTADUAL MAGALHAES NETTO', '', '0591736101', 35, 'COSTA AZUL', '3244-6480', '', 'AGDA AGRIPINA DE JESUS', 'HAMILTON SIMOES DA SILVA', '2012-11-21', 'RUI BARBOSA', 'AB+', '8759-1045 / 3234-5091', 'NILDAAGRIPINA@HOTMAIL.COM', 'TV. 2 DE JULHO, 10', 'CX DAGUA', 7, '40300375', 'BA', 'SSA', 'JORGE O. BEZERRA', 'IBF', '', '2012-12-16', 2, 6, '0000-00-00', 'CPF: 9966089005-20', '2013-01-02', 0),
(944, '', 'img_fem.jpg', 'MARLUCE VERISSIMO DE JESUS', '1958-04-04', 38, 11, 1, 'NIVEL TECNICO', '', '100496733', 47, '', '', 'LUIZ MENDES DE JESUS', 'MARIA VERISSIMO DE JESUS', '', '0000-00-00', '', '', '9601-9546 / 8610-7525', 'MARLAVERISSIMO@HOTMAIL.COM', 'R. GUAIBA, 7, TERREO', 'CX DAGUA', 7, '40320590', 'BA', 'SSA', 'JORGE O BEZERRA', 'IBF', '', '2012-12-16', 2, 6, '0000-00-00', 'CPF: 188650115-72', '2013-01-02', 0),
(945, '', 'img_masc.jpg', 'RAMON GOMES TEIXEIRA', '1986-12-05', 37, 4, 1, 'FACULDADE AREA 1', '', '0970472528', 18, 'TECHNOLOGIE ENGENHARIA', '3025-4400', 'RAIMUNDO DE JESUS TEIXEIRA', 'MARLENE FERREIRA GOMES TEIXEIRA', '', '0000-00-00', '', 'A+', '9124-9304', 'RAMONGT@OI.COM.BR', 'R. SALDANHA MARINHO, 106B', 'CX DAGUA', 7, '40323010', 'BA', 'SSA', 'JORGE O BEZERRA', 'IBF', '', '2012-12-16', 2, 6, '0000-00-00', 'CPF: 839780545-15', '2013-01-02', 0),
(946, '', 'img_fem.jpg', 'ADRIANA LOBO SANTOS', '1987-01-28', 38, 3, 1, '', '', '0974735299', 35, '', '', 'ANTONIO MARCIO OLIVEIRA SANTOS', 'SELMA PEREIRA LOBO', '', '0000-00-00', '', '', '8854-1755 / 9346-3026', '', 'LADEIRA DO FUNIL, 304', 'BARBALHO', 79, '40301130', 'BA', 'SSA', 'JORGE O. BEZERRA', 'IBF', '', '2012-12-16', 2, 6, '0000-00-00', '', '2013-01-02', 0),
(947, '', 'img_masc.jpg', 'FRANCISCO DAMASCENO', '1945-01-04', 37, 11, 2, '', '', '0055303005', 35, '', '', '', 'MARIA DE LOURDES DAMASCENO', 'NERILDA DO AMPARO SENA DAMASCENO', '1990-08-07', '', '', '3638-1167', '', 'R. LUIZ ANSELMO, 1044, COND. RESIDENCIAL MOSAICO, AP 201A', 'LUIZ ANSELMO', 37, '40260475', 'BA', 'SSA', 'JORGE O. BEZERRA', 'IBF', '', '2012-12-16', 2, 6, '0000-00-00', '', '2013-01-02', 0),
(948, '', 'img_masc.jpg', 'ROGERIO CARLOS SOUZA DE CARVALHO FILHO', '1982-11-27', 37, 4, 1, '', '', '845219880', 99, '', '', 'ROGERIO CARLOS SOUZA DE CARVALHO ', 'CREUSA RODRIGUES DE ALMEIDA CARVALHO', '', '0000-00-00', '', 'B+', '9632-0805', '', 'R. SALDANHA MARINHO, 133', 'CX DAGUA', 7, '40323010', 'BA', 'SSA', 'ITAGUARACY / JORGE O BEZERRA', '', '', '2012-12-21', 4, 6, '0000-00-00', '', '2013-01-02', 0),
(949, '', 'img_fem.jpg', 'ADNACI PEDRAL DA SILVA', '1966-01-24', 38, 1, 1, 'PROF. CANDOLINA', '', '0482651954', 35, 'COZINHEIRA', '', 'EDERIVALDO DE OLIVEIRA SILVA', 'ADAIL PEDRAL SILVA', '', '0000-00-00', '', '', '', '', 'R. DAS ALMAS, AV. ZINCO', 'CIDADE NOVA', 83, '', 'BA', 'SSA', '', 'UNIVERSAL', '', '2012-12-02', 1, 6, '0000-00-00', '', '2013-01-02', 0),
(950, '', 'img_fem.jpg', 'CIDALIA MACEDO DE OLIVEIRA', '1953-07-13', 38, 3, 2, 'DUQUE DE CAXIAS / ANISIO TEIXEIRA', '', '0077128630', 13, '', '', 'ALMIR ANTONIO DE OLIVEIRA', 'JULINDA MACEDO DE OLIVEIRA', 'GIDEON RODRIGUES DE OLIVEIRA', '1977-03-05', 'SINAI', 'A+', '3386-8151', '', 'TV. GUAIBA, 124', 'CX DAGUA', 7, '40320590', 'BA', 'SSA', '', 'SINAI', '', '2012-12-14', 3, 6, '0000-00-00', 'BATIZADA NA 2ª IG. B. DA CAPITAL POR PR. ENOQUE DANTAS REGO', '2013-01-02', 0),
(951, '', 'img_masc.jpg', 'EVILASIO WERIS DA PAIXAO', '1958-07-31', 37, 11, 2, '', '', '0267087446', 35, '', '', 'ATANILIO NERIS DA PAIXAO', 'MARIA AUGUSTA DA PAIXAO', 'IRANI OLIVEIRA DA PAIXAO', '2003-10-16', 'FORUM', '', '3386-0275', '', 'R. VALDIR PIRES, 9', 'IAPI', 8, '40330220', 'BA', 'SSA', '', 'BATISTA MISSIONARIA DA INDEPENDENCIA', '', '2012-11-13', 3, 6, '0000-00-00', '', '2013-01-02', 0),
(952, '', 'img_masc.jpg', 'AILTON DOS ANJOS SOUSA', '1971-03-13', 37, 3, 2, '', '', 'AILTON', 61, 'AUTONOMO', '3381-7958 / 8801-3703', 'ALVINO SOUSA', 'MARIA DE LOURDES DOS ANJOS SOUSA', 'DEISE COSTA DE PAULA SOUSA', '1995-12-02', 'SSA', '', '8801-3703 / 3381-7958', '', 'R. DR. GENESIO SALES, 575, AP 304', 'VILA LAURA', 34, '40270240', 'BA', 'SSA', '', ' HEBROM', '', '2012-12-02', 3, 3, '0000-00-00', '', '2013-01-02', 0),
(953, '', 'img_fem.jpg', 'DEISE COSTA DE PAULA SOUSA', '1970-07-30', 38, 4, 2, '', '', 'DEISE', 26, 'GOVERNO DO ESTADO', '', 'JOAO DANIEL DE PAULA', 'ANA MARIA COSTA DE PAULA', 'AILTON DOS ANJOS SOUSA', '2012-12-02', '', '', '98624-2529 / 3381-7958', '', 'R. DR. GENESIO SALES, 575, AP 304', 'VILA LAURA', 34, '40270240', 'BA', 'SSA', '', 'HEBROM', '', '2012-12-02', 3, 6, '0000-00-00', 'OK EM 14/12/2012', '2013-01-02', 0),
(954, '', 'img_fem.jpg', 'MARIA MARCIA DOS SANTOS SOUZA', '1959-01-31', 38, 3, 4, 'CARNEIRO/ICEIA', '', '0104112409', 9, 'CAR - REGIAO DO ESTADO', '3115-3940', 'ADALBERTO BOMFIM PEREIRA DE SOUZA', 'MARIA JOANA DOS SANTOS SOUZA', '', '0000-00-00', '', '', '3033-4549', '', 'AV. BLANCO, 18E', 'LAPINHA', 33, '40375620', 'BA', 'SSA', 'JORGE BEZERRA', 'IBF', '', '2013-03-03', 4, 6, '0000-00-00', 'FOI BATIZADA NA UNIVERSAL', '2013-03-04', 0),
(955, '', 'img_masc.jpg', 'JONATAS AMORIM DA SILVA', '1992-08-01', 37, 3, 1, 'ESTADUAL DUQUE DE CAXIAS', '', '1479770884', 36, '', '', 'ROBERTO LAZARO SANTOS DA SILVA', 'GILNEIA AMORIM DA SILVA', '', '0000-00-00', '', '', '9252-8223', '', 'RUA PROFESSOR WALSON LOPES, 245', 'LIBERDADE', 21, '40325750', 'BA', 'SSA', 'ROBERTO LAZARO', 'BATISTA RESTITUIÇAO', '', '2013-03-03', 1, 6, '0000-00-00', '', '2013-03-04', 0),
(956, '', 'img_fem.jpg', 'HELENA SANTOS GOMES', '1973-04-02', 38, 11, 2, '', '', '0493825364', 38, 'CRIS ARTE, EMPORIO', '8654-6815', 'CARMERINDO JOSE DOS SANTOS', 'DAMIANA DA S. SANTOS', 'IVAN NORMANDIA GOMES', '1993-10-22', 'FRUM RUY BARBOSA', '', '8654-6815 / 3021-0724', '', 'RUA FREITAS HENRIQUE DE CIMA, 77', 'CAIXA DAGUA', 7, '40320150', 'BA', 'SSA', 'LAZARO', 'ENCONTRO COM CRISTO', '', '2012-12-31', 1, 6, '0000-00-00', '', '2013-03-11', 0),
(957, '', 'img_masc.jpg', 'ESAÚ CALDAS ÂNGELO DOS SANTOS', '1967-10-20', 37, 4, 2, '', '', '0243112947', 26, 'CENTRO MUNICIPAL DE EDUCAÇAO INFANTIL J.S.TAVARES', '3386-3005', 'FLORISVALDO ANGELO DOS SANTOS (IN MEMORIAN)', 'JACIRA CALDAS ANGELO DOS SANTOS', 'GISLEANA DA SILVA MODESTO SANTOS', '2000-07-14', 'CANSANÇAO -BA', '+', '8706-1838', '', 'RUA 20 DE AGOSTO, 18', 'PAU MIUDO', 5, '40310610', 'BA', 'SSA', 'SISINIO BRAGA', 'BATISTA PLENITUDE', '', '0000-00-00', 1, 6, '0000-00-00', '', '2013-03-11', 0),
(958, '', 'img_fem.jpg', 'GISLENA DA SILVA MODESTO SANTOS', '1966-04-15', 38, 4, 2, '', '', '277380863', 9, 'SECULT', '3386-0500', 'MAURO JOSE MODESTO', 'EULINA PASSOS DA SILVA', 'ESAÚ CALDAS ÂNGELO DOS SANTOS', '1990-07-14', 'CANSANÇAO-BA', '+', '3386-3975', '', 'RUA 20 DE AGOSTO, 18', 'PAU MIUDO', 5, '40310610', 'BA', 'SSA', 'SISINIO', 'BATISTA PLENITUDE', '', '0000-00-00', 1, 6, '0000-00-00', '', '2013-03-11', 0),
(1104, '', 'img_fem.jpg', 'CRISTIANE CAMARGO DE JESUS', '1977-09-28', 38, 11, 2, '', '', '0800017854', 35, 'MAP - ENCARREGADA', '', 'ROQUE LACERDA DE JESUS', 'EDNA MARIA CAMARGO DE JESUS', 'MARCOS MUNIZ BRAGA', '2000-03-30', 'SALVADOR', 'B+', '3326-7753', 'CRISNET.CJB@GMAIL.COM', 'TV. CAMPOS FRANÇA, 12A', 'LAPINHA', 33, '40325210', 'BA', 'SALVADOR', 'JORGE BEZERRA', '', '', '2015-03-29', 2, 6, '0000-00-00', '', '2015-03-31', 0),
(1105, '', 'img_fem.jpg', 'JAQUELINE BRAGA SANTOS', '1988-06-13', 38, 4, 1, 'UFBA', '', '115200969', 35, 'ESPAÇO GIRASSOL - TECNOLOGA EM ESTETICA', '3264-9898', '', 'RITA BRAGA SANTOS', '', '0000-00-00', '', '', '9163-7379', 'ESTETICJBS@HOTMAIL.COM', 'RUA MANOEL INACIO DA COSTA, 25', 'CAIXA DAGUA', 7, '40320030', 'BA', 'SALVADOR', 'JORGE BEZERRA', '', '', '2015-03-29', 2, 6, '0000-00-00', '', '2015-03-31', 0),
(1106, '', 'img_fem.jpg', 'OLIVIA DA SILVA CALDAS SANTOS', '1996-12-23', 38, 3, 1, '', '', 'OLIVIA', 36, '', '', 'ESAU CALDAS ANGELO DOS SANTOS', 'GISLENA DA SILVA MODESTO SANTOS', '', '0000-00-00', '', '', '9217-9642', 'OLIVIACALDAS@BOL.COM.BR', 'RUA 20 DE AGOSTO, 18', 'PAU MIUDO', 5, '40310610', 'BA', 'SALVADOR', 'JORGE BEZERRA', '', '', '2015-03-29', 2, 6, '0000-00-00', 'CPF: 074.008.275-29', '2015-03-31', 0),
(1107, '', 'img_masc.jpg', 'FELIPE FREIRE BEZERRA', '1996-07-02', 37, 3, 1, '', '', 'FELIPE', 108, '', '', 'ADELMO FIGUEIREDO BEZERRA', 'MARIA CRISTINA GUIMARAES DA SILVA FREIRE', '', '0000-00-00', '', '', '9133-2408', 'FELIPEFREIRE@GMAIL.COM', 'RUA CONDE DE PORTO ALEGRE, 260', 'IAPI', 8, '40330200', 'BA', 'SALVADOR', 'JORGE BEZERRA', '', '', '2015-03-29', 2, 6, '0000-00-00', 'CPF: 017.437.135-76', '2015-03-31', 0),
(1108, '', 'img_fem.jpg', 'LOURDES ROSA DE ALMEIDA', '1942-06-18', 38, 11, 1, '', '', '0167574329', 39, '', '', 'MODESTO SALES DE ALMEIDA', 'LIDIA ROSA SALES', '', '0000-00-00', '', '', '3234-6128', '', 'RUA FREITAS HENRIQUE DE CIMA, TV. PARAÍSO, 19', 'CAIXA DAGUA', 7, '40320150', 'BA', 'SALVADOR', 'JORGE BEZERRA', '', '', '2015-03-29', 2, 6, '0000-00-00', '', '2015-03-31', 0),
(1109, '', 'img_masc.jpg', 'LUILDSON ALMEIDA DA COSTA', '1980-12-12', 37, 11, 2, '', '', 'LUILDSON', 35, '', '', '', '', 'TAYANA NEVES DA COSTA', '0000-00-00', '', '', '8603-7082', 'LUYLDSON@HOTMAIL.COM', 'DR. ARISTIDES DE OLIVEIRA, Q. K, LOTE 4', 'SANTA MONICA', 12, '40342000', 'BA', 'SALVADOR', 'JORGE BEZERRA', '', '', '2015-03-29', 2, 6, '0000-00-00', '', '2015-03-31', 0),
(1110, '', 'img_fem.jpg', 'TAYANA NEVES DA COSTA', '1984-08-12', 38, 3, 2, '', '', 'TAYANA', 20, 'ESCOLA POLITECNICA UFBA', '3283-9718', 'GERSON DOS SANTOS NEVE', 'MARIA DO CARMO SOUZA NEVES', 'LUILDSON ALMEIDA DA COSTA', '2015-03-20', 'IBF', '', '8708-9777', 'TAY0311@HOTMAIL.COM', 'DR. ARISTIDES DE OLIVEIRA, Q. K, LOTE 4', 'SANTA MONICA', 12, '40342000', 'BA', 'SALVADOR', 'JORGE BEZERRA', '', '', '2015-03-29', 2, 6, '0000-00-00', '', '2015-03-31', 0),
(1111, '', 'img_fem.jpg', 'MARISOL BITENCURT DOS SANTOS', '1988-08-11', 38, 6, 2, '', '', 'MARISOL', 67, 'REPOL - ATACADÃO', '', 'CLOVIS JOSE LIMA BITENCURT', 'LEANDRO NUNES DOS SANTOS', 'LEANDRO NUNES DOS SANTOS', '2015-03-05', 'IBF', '', '8809-0189', 'MARISOLTORQUATO.COM.BR', 'RUA ESPERANÇA DE VIVER, 13 FUNDOS', 'CIDADE NOVA', 83, '40313440', 'BA', 'SALVADOR', 'JORGE BEZERRA', '', '', '2015-03-29', 2, 6, '0000-00-00', '', '2015-03-31', 0),
(1112, '', 'img_fem.jpg', 'ANTONIA ROSA DE ALMEIDA', '1939-05-13', 38, 11, 1, '', '', '2650906', 39, '', '', 'MODESTO SALES DE ALMEIDA', 'LIDIA ROSA SALES', '', '0000-00-00', '', '', '3356-8469', '', 'AV. D. JOAO VI, Nº 1496, BL 14, AP. 301', 'BROTAS', 75, '40285001', 'BA', 'SALVADOR', 'JORGE BEZERRA', '', '', '2015-03-29', 2, 1, '2017-02-27', 'FALESCIDA EM 27/02/2017', '2015-03-31', 0),
(1113, '', 'img_fem.jpg', 'RAILMA DA PAIXAO PINHEIRO', '1986-02-22', 38, 3, 2, '', '', 'RAILMA', 35, 'BALCONISTA', '', '', 'RAILDA AUGUSTO DA PAIXAO', 'ANTONIO PINHEIRO JUNIOR', '2015-02-28', 'IBF', 'A+', '8812-5031', 'RAILMADAPAIXAO102030@OUTLOOK.COM', 'RUA MANOEL DRUMOND, 59', 'CAIXA DAGUA', 7, '40320670', 'BA', 'SALVADOR', 'JORGE BEZERRA', '', '', '2015-03-29', 2, 6, '0000-00-00', '', '2015-03-31', 0),
(1114, '', 'img_fem.jpg', 'CLENICE FEITOZA DE ALMEIDA CARVALHO', '1981-11-05', 38, 4, 2, 'POS GRADUADA', '', '0936148292', 56, 'SJDMDS', '3115-6960 / 6187', 'EDVALDO BERNALDO DE ALMEIDA', 'CLEONICE FEITOZA DE ALMEIDA', 'MOISES BRUNO CARVALHO DOS SANTOS', '2014-04-27', 'SALVADOR', 'A+', '8850-9381 / 3382-7528 / 9114-4', '', 'LADEIRA DO PAIVA, CONJ. ASTECA, 40, APTO 101, BL B7', 'CAIXA DAGUA', 7, '40320720', 'BA', 'SALVADOR', 'JUDSON LUIZ BRAGANÇA JUNIOR', 'REINANDO COM CRISTO', '', '2015-03-01', 1, 6, '0000-00-00', '', '2015-04-07', 0),
(1115, '', 'img_fem.jpg', 'DEBORA SILVA SANTOS', '1971-01-02', 38, 11, 1, '', '', 'DEBORA', 35, '', '', '', '', '', '0000-00-00', '', '', '8871-7983', '', 'RUA MANOEL DRUMOND, 80A', 'CAIXA DAGUA', 7, '40320670', 'BA', 'SALVADOR', '', 'ASSEMBLEIA DE DEUS', '', '2015-03-24', 1, 6, '0000-00-00', '', '2015-04-07', 0),
(1116, '', 'img_masc.jpg', 'EDILSON CALDAS DOS SANTOS', '1971-11-07', 37, 6, 2, '', '', '0480069123', 35, 'OPERADOR LOGISTICO - DHL', '', 'JOSE NASCIMENTO DOS SANTOS', 'AUGUSTA EVANGELISTA CALDAS', 'EDLAN DE ALMEIDA LINS DOS SANTOS', '2010-01-22', 'CARTORIO DE PERIPERI', '', '8826-3701 / 9403-5983', '', 'TV. ITABUNA, 67E, 1º ANDAR - ALTO DO CEMITERIO', 'PLATAFORMA', 70, '40710585', 'BA', 'SALVADOR', 'NIVALDINO BENTO', 'PENTECOSTAL PODER CELESTIAL - SIMOES FILHO', '', '0000-00-00', 1, 6, '0000-00-00', 'PR. RESPONSÁVEL: JORGE BEZERRA EM 2015', '2015-05-14', 0),
(1117, '', 'img_fem.jpg', 'EDLAN DE ALMEIDA LINS DOS SANTOS', '0519-00-20', 38, 3, 2, '', '', '0498271110', 51, 'ARRASAM MILLY COURO', '3310-5002', 'EDSON DE JESUS LINS', 'ALICE DE ALMEIDA PESTANA', 'EDILSON CALDAS DOS SANTOS', '2010-01-22', 'CARTORIO DE PERIPERI', '', '8707-6980', '', 'TV. ITABUNA, 67E', 'PLATAFORMA', 70, '40710585', 'BA', 'SALVADOR', 'NIVALDINO BENTO', 'PENTECOSTAL PODER CELESTIAL - SIMOES FILHO', '', '0000-00-00', 1, 3, '2016-12-19', 'PR. RESPONSÁVEL: JORGE BEZERRA EM 2015 / EXCLUSÃO DO ROL DE MEMBROS POR VIDA INCOMPATÍVEL AOS PADRÕES BÍBLICOS EM 19/12/2016', '2015-05-14', 0),
(1118, '', 'img_masc.jpg', 'MARCOS VINICIUS SOUSA DA SILVA', '1987-05-09', 37, 7, 2, '', '', '0981442358', 26, 'SERVIDOR PUBLICO - GOV ESTADO DA BAHIA', '', 'ANTONIO CELESTINO DA SILVA', 'MARIA RITA SOUSA DA SILVA', 'INA DAFI DA CRUZ DOS SANTOS', '2011-08-03', 'SALVADOR', 'O+', '8758-8489', '', 'RUA 11 DE AGOSTO, 40, ', 'FEDERAÇÃO', 44, '40230110', 'BA', 'SALVADOR', 'ANDERSON', 'UNIVERSAL DO REINO DE DEUS', '', '2015-04-12', 1, 6, '0000-00-00', '', '2015-05-14', 0),
(1119, '', 'img_fem.jpg', 'INA DAFI DA CRUZ DOS SANTOS', '1981-10-30', 38, 6, 2, '', '', 'INA', 81, 'HOSPITAL IRMÃ DULCE', '', 'INACIO DOS SANTOS', 'MARIA DAS NEVES BISPO DA CRUZ', 'MARCOS VINICIUS SOUSA DA SILVA', '2011-08-03', 'SALVADOR', '', '88557971', '', 'RUA 11 DE AGOSTO, 40, ', 'FEDERAÇÃO', 44, '40230110', 'BA', 'SALVADOR', 'WELLINGTON', 'UNIVERSAL DO REINO DE DEUS', '', '2015-04-12', 1, 6, '0000-00-00', '', '2015-05-14', 0),
(1120, '', 'img_masc.jpg', 'CLEBER CONCEIÇÃO DOS SANTOS', '1950-05-13', 37, 11, 2, '', '', '0805042997', 35, 'OPERADOR DE MAQUINAS - M. DIAS BRANÇO', '', 'JOSE CARLOS DOS SANTOS', 'MARIA DA CONCEIÇÃO DOS SANTOS', 'MARIA NILZA JESUS SANTOS', '2012-07-28', 'IG. BAT. BETANIA - STO ANTONIO DE JESUS - BA', '', '8148-1387', '', 'RUA MARQUES DE MARICA, 113, ', 'PAU MIUDO', 5, '40310000', 'BA', 'SALVADOR', 'ALBERTO SALES', 'BEREANOS', '3381-5426', '2015-05-02', 1, 6, '0000-00-00', '', '2015-05-14', 0),
(1121, '', 'img_fem.jpg', 'MARIA NILZA JESUS SANTOS', '1982-04-24', 38, 11, 2, '', '', '1266524495', 35, 'AUXILIAR ADM - JONH JONH COMERCIO DE GAS', '', 'JOSE CRUZ DOS SANTOS', 'MARIA DE LOURDES JESUS SANTOS', 'CLEBER CONCEIÇÃO DOS SANTOS', '2012-07-28', 'IG. BAT. BETANIA - STO ANTONIO DE JESUS - BA', '', '8209-5613', 'ANILZA.S.J@HOTMAIL.COM', 'RUA MARQUES DE MARICA, 113, ', 'PAU MIUDO', 5, '40310000', 'BA', 'SALVADOR', 'LOURENÇO DA SILVA', 'BATISTA BETANIA - SAJ BA', '', '2015-05-02', 3, 6, '0000-00-00', 'PR. RESPONSÁVEL: JORGE BEZERRA EM 2015', '2015-05-14', 0),
(1122, '', 'img_fem.jpg', 'EDENIICE DOS SANTOS SILVA', '1966-08-01', 38, 2, 1, '', '', '0229430816', 35, '', '', 'EDUARDO CARDOSO DA SILVA', 'JOSENICE ESMERALDA DOS SANTOS SILVA', '', '0000-00-00', '', '', '8610-3431', '', 'RUA SALDANHA MARINHO, 64', 'CAIXA DAGUA', 7, '40323010', 'BA', 'SALVADOR', '', 'BATISTA SINAI', '', '2015-05-10', 3, 6, '0000-00-00', 'PR. RESPONSÁVEL: JORGE BEZERRA EM 2015', '2015-05-14', 0),
(1124, '', 'img_fem.jpg', 'TACIANA DIAS PEREIRA', '1993-10-04', 38, 11, 2, '', '', 'TACIANA', 36, '', '', 'HERIBALDO PEREIRA RIBEIRO', 'LOURDES LIMA DIAS', 'UENDEL SAMPAIO UCHOA', '0000-00-00', 'IBF', '', '9329-8685', '', 'RUA SALDANHA MARINHO, 102', 'CAIXA DAGUA', 7, '40323010', 'BA', 'SALVADOR', 'ANTONIO', 'ASSEMBLEIA DE DEUS', '', '2015-06-07', 1, 6, '0000-00-00', '', '2015-06-09', 0),
(1125, '', 'img_fem.jpg', 'ADRIELLE SENA MATOS', '1997-06-17', 38, 11, 1, '', '', '1513529250', 36, '', '', 'LUIS CLAUDIO NEVES MATOS', 'WALDELICE CRUZ MATOS', '', '0000-00-00', '', '', '3381-1662', '', 'CAMINHO 105, QD 111, Nº 17', 'VIDA NOVA', 72, '42700000', 'BA', 'LAURO DE FREITAS', 'LEONALDO', 'ASSEMBLEIA DE DEUS', '', '2015-06-07', 1, 3, '2015-06-14', 'CONSEGUIU EMPREGO NO INTERIOR DO ESTADO.', '2015-06-09', 0),
(1126, '', 'img_fem.jpg', 'VANIA QUELE GOMES DA C. AGUIAR', '1984-01-15', 38, 3, 2, '', '', '09716693', 88, 'ATENTO', '', 'NEMIAS DA CONCEIÇAO', 'ELIELE GOMES DA CONCEIÇAO (IN MEMORIAN)', 'FABIO LIUZ GENÊ DE AGUIAR', '2006-01-20', 'PIBB', '', '8662-7500', '', '3ª TV. DA MANDICHURIA, 35A, 1º ANDAR', 'CAIXA DAGUA', 7, '40320570', 'BA', 'SALVADOR', 'MILTON EBENEZER', '1ª IG. BAT. DO BRASIL', '3333-5400', '2015-07-12', 1, 6, '0000-00-00', '', '2015-07-21', 0),
(1127, '', 'img_fem.jpg', 'MARCIA REGINA BARRETO DE JESUS', '1975-10-31', 38, 3, 2, '', '', '0425636585', 108, 'VIVA GULA', '', 'HYLSON ALVES BARRETO', 'ISABEL BRITO BARRETO', 'RAIMUNDO CAMPOS DE JESUS JUNIOR', '1999-08-21', 'SALVADOR', '', '8761-8581', '', 'RUA PROFESSOR WALSON LOPES, 219E', 'LIBERDADE', 21, '40325870', 'BA', 'SALVADOR', 'JOSELITO DA HORA SILVA', 'BATISTA DO SALVADOR', '', '2015-07-12', 3, 6, '0000-00-00', '', '2015-07-21', 0),
(1128, '', 'img_masc.jpg', 'RAIMUNDO CAMPOS DE JESUS JUNIOR', '1974-10-13', 37, 3, 2, '', '', '0437109640', 11, '', '', 'RAIMUNDO CAMPOS DE JESUS', 'SONIA MARIA CARNEIRO DE JESUS', 'MARCIA REGINA BARRETO DE JESUS', '1999-08-21', 'SALVADOR', '', '8703-4388', '', 'RUA PROFESSOR WALSON LOPES, 219E', 'LIBERDADE', 21, '40325870', 'BA', 'SALVADOR', 'JOSELITO DA HORA SILVA', 'BATISTA DO SALVADOR', '', '2015-07-12', 3, 6, '0000-00-00', '', '2015-07-21', 0),
(1129, '', 'img_masc.jpg', 'THIAGO PIRES SOUZA', '1991-03-31', 37, 3, 1, '', '', '1262546133', 78, '', '', 'HELIONAE AZEVEDO SOUZA', 'RAQUEL PIRES SOUZA', '', '0000-00-00', '', '', '9333-9218', 'THIAGOPIRESSOUZA@GMAIL.COM', 'RUA PIRANI, 100E', 'PLATAFORMA', 70, '40715710', 'BA', 'SALVADOR', 'JORGE BEZERRA', 'IBF', '', '2015-00-19', 2, 6, '0000-00-00', 'CPF: 043.842.655-06', '2015-07-21', 0),
(1130, '', 'img_masc.jpg', 'RICARDO PICHITE DOS SANTOS', '1980-02-11', 37, 6, 1, '', '', 'RICARDO', 11, 'SERRALHEIRO', '', 'VALTER PICHITE DOS SANTOS', 'IARA MARIA DO NASCIMENTO', '', '0000-00-00', '', '', '9277-2034', '', 'RUA FREITAS HENRIQUE DE BAIXO, 38', 'BX DE QUINTAS', 27, '40320160', 'BA', 'SALVADOR', 'JORGE BEZERRA', 'IBF', '', '2015-07-19', 2, 3, '2016-12-19', 'CPF: 049.048.085-33 / EXCLUSÃO DO ROL DE MEMBROS POR VIDA INCOMPATÍVEL AOS PADRÕES BÍBLICOS EM 19/12/2016', '2015-07-21', 0),
(1131, '', 'img_fem.jpg', 'THAYANE PITA SILVA', '1989-06-22', 38, 7, 1, 'FACULDADE HELIO ROCHA', '', '1140930591', 52, 'EMBASA', '3339-9445', 'EDILSON ANTONIO CHERES SILVA', 'MARIA DAMIANA PITA SILVA', '', '0000-00-00', '', 'O+', '9301-5191', 'THAYANEPITA.UMF@GMAIL.COM', 'RUA BENTO SABINO DOS REIS, 23', 'CAIXA DAGUA', 7, '40320040', 'BA', 'SALVADOR', 'JORGE BEZERRA', 'IBF', '', '2015-07-19', 2, 6, '0000-00-00', 'CPF: 034.763.725-61', '2015-07-21', 0),
(1132, '', 'img_masc.jpg', 'CRIS MAIQUE DOS SANTOS MUNIZ', '1988-03-13', 37, 3, 1, '', '', '1139585606', 35, 'PMBA', '190', 'CARLOS MUNIZ', 'GENOVEVA RIBEIRO DOS SANTOS MUNIZ', '', '0000-00-00', '', 'A+', '9355-8473 / 8728-2933', 'MAIKONSMUNIZ@GMAIL.COM', 'RUA FERREIRA SANTO, JD. FEDERAÇAO, 160, AP. Nº 24', 'FEDERAÇÃO', 44, '40230040', 'BA', 'SALVADOR', 'JORGE BEZERRA', 'IBF', '', '2015-07-19', 2, 6, '0000-00-00', 'CPF: 037.715.885-29', '2015-07-21', 0),
(1133, '', 'img_fem.jpg', 'SARAH DE OLIVEIRA AINSWORTH', '1998-02-17', 38, 3, 1, 'COLEGIO NOSSA SENHORA DA SOLEDADE', '', '1553957776', 36, '', '', 'FRED DA CRUZ AINSWORTH', 'NOEME DE OLIVEIRA AINSWORTH', '', '0000-00-00', '', '', '3326-5180', 'SARA_HAINSWORTH@HOTMAIL.COM', 'RUA PROFº ARTUR DE MACEDO, 03', 'CAIXA DAGUA', 7, '40323120', 'BA', 'SALVADOR', 'JORGE BEZERRA', 'IBF', '', '2015-07-19', 2, 6, '0000-00-00', 'CPF: 861.784.115-02', '2015-07-21', 0),
(1134, '', 'img_masc.jpg', 'CAIO CESAR MEDRADO SOUZA', '1993-09-28', 37, 3, 1, '', '', '1363382675', 35, 'PMBA', '190', 'CESAR AUGUSTO SOUZA', 'ELISABETE MEDRADO GOMES', '', '0000-00-00', '', 'O+', '9181-8688', 'CAIOPAPAMIQUE@HOTMAIL.COM', 'RUA PROFº ARTUR MENDES DE AGUIAR, 129', 'BARBALHO', 79, '40301150', 'BA', 'SALVADOR', 'JORGE BEZERRA', 'IBF', '', '2015-07-19', 2, 6, '0000-00-00', 'CPEF: 044.854.705-80', '2015-07-21', 0),
(1135, '', 'img_fem.jpg', 'ROSA MARIA DOS SANTOS', '1957-03-03', 38, 11, 1, '', '', 'ROSA', 35, '', '', 'GODOFREDO JOSE DOS SANTOS', 'ANA ELIZABETE DOS SANTOS', '', '0000-00-00', '', '', '8618-8523', '', 'RUA MARQUES DE MARICA, 87 ', 'PAU MIUDO', 5, '40310000', 'BA', 'SALVADOR', 'JORGE BEZERRA', 'IBF', '', '2015-07-19', 2, 6, '0000-00-00', '', '2015-07-21', 0);
INSERT INTO `membros` (`pk_membro`, `fg_membro`, `te_foto`, `nm_membro`, `dt_nascimento`, `fk_sexo`, `fk_instrucao`, `fk_estado`, `nm_escola`, `nu_tel_escola`, `nu_rg`, `fk_profissao`, `nm_empresa`, `nu_tel_empresa`, `nm_pai`, `nm_mae`, `nm_conjuge`, `dt_casamento`, `nm_local`, `nm_rh`, `nu_tel_casa`, `nm_email`, `nm_logra`, `nm_bairro1`, `fk_bairro`, `nu_cep`, `nm_uf`, `nm_cidade`, `nm_pastor`, `nm_igreja`, `nu_tel_igreja`, `dt_admissao`, `fk_entrada`, `fk_saida`, `dt_saida`, `te_observacao`, `dt_cadastro`, `fk_usuario`) VALUES
(1136, '', 'img_masc.jpg', 'JOSE HELIO ASSIS DE SANTANA', '1976-11-01', 37, 6, 1, '', '', '0701975355', 51, 'CINEGRAFISTA E VENDEDOR - TURIS FILME PRODUTORA', '3022-5486', 'ANTONIO CARLOS CAVALCANTE DE SANTANA', 'VANUZA OLIVEIRA DE ASSIS', '', '0000-00-00', '', '', '8713-7447', '', 'RUA MANOEL DRUMOND, 28, 3ª TV.', 'CAIXA DAGUA', 7, '40320670', 'BA', 'SALVADOR', 'JORGE BEZERRA', 'IBF', '', '2015-07-19', 2, 6, '0000-00-00', '', '2015-07-21', 0),
(1137, '', 'img_fem.jpg', 'EMILE TAMIRES LINS DA SILVA', '1996-05-21', 38, 11, 1, '', '', '1539265897', 52, 'GUANABARA INDUSTRIAS QUIMICAS', '3392-3811', 'ALESSANDRO QUERINO DA SILVA', 'EDLAN DE ALMEIDA LINS DOS SANTOS', '', '0000-00-00', '', '', '9349-9600', 'LINS.PIRES@OUTLOOK.COM', 'RUA ITABUNA, 67', 'PLATAFORMA', 70, '40710585', 'BA', 'SALVADOR', 'JORGE BEZERRA', 'IBF', '', '2015-07-19', 2, 6, '0000-00-00', 'CPF: 071.216.745-56', '2015-07-21', 0),
(1142, '', 'img_masc.jpg', 'ADILTON DOS SANTOS OLIVEIRA', '1947-09-28', 37, 2, 2, '', '', '00539240', 39, 'TEC. DE ELETRICIDADE', '', 'MIGUEL PEREIRA OLIVEIRA', 'ANTONIA DOS SANTOS OLIVEIRA', 'ANA CRISTINA DA ROCHA OLIVEIRA', '1998-10-07', 'SALVADOR', '', '9916-2422', '', 'R. ASTROZILDO SEPULVEDA, 48,', 'IAPI', 8, '40340765', 'BA', 'SALVADOR', 'ALBERTO SALES', 'MISSIONARIA BEREANOS', '', '2015-10-04', 1, 6, '0000-00-00', '', '2015-10-14', 0),
(1143, '', 'img_fem.jpg', 'LAIS DE JESUS REIS', '1992-12-18', 38, 7, 1, 'UFBA', '', '1333251564', 36, '', '', 'ELIAS ASSIS DOS REIS', 'MARIA VICENTINA DE JESUS REIS', '', '0000-00-00', '', '', '8863-7486', '', 'RUA JUAZEIRO, 73A,', 'CAIXA DAGUA', 7, '40321055', 'BA', 'SALVADOR', 'JOSEVANDO', 'CASA DA BENÇAO DE DEUS', '', '2015-10-04', 1, 6, '0000-00-00', '', '2015-10-14', 0),
(1144, '', 'img_fem.jpg', 'JUNDIAÍ SANTOS DA SILVA CONCEIÇÃO', '1972-10-30', 38, 4, 2, '', '', '352408308', 2, '', '', 'JULIO NEVES DA SILVA', 'ELIZABETE SANTOS DA SILVA', 'ROBSON REIS CONCEIÇÃO', '2013-09-14', 'IGREJA VITORIA EM DEUS', '', '8638-7549', '', 'RUA IVANIL, 11', 'BX. QUINTAS', 27, '40320465', 'BA', 'SALVADOR', 'DANIEL CERQUEIRA', 'BATISTA NOVA ESPERANÇA', '', '2015-10-04', 3, 6, '0000-00-00', '', '2015-10-14', 0),
(1145, '', 'img_fem.jpg', 'MARIA VICENTINA DE JESUS REIS', '1963-02-20', 38, 3, 2, '', '', 'VICE', 38, '', '', '', 'VICENTINA DE JESUS CONCEIÇÃO', 'ELIAS ASSIS DOS REIS', '0000-00-00', 'FORUM RUY BARBOSA', '', '3388-5456', '', 'RUA JUAZEIRO, 73A,', 'CAIXA DAGUA', 7, '40321055', 'BA', 'SALVADOR', 'JOSEVANDO', 'CASA DA BENÇAO DE DEUS', '', '2015-10-04', 1, 6, '0000-00-00', '', '2015-10-14', 0),
(1146, '', 'img_fem.jpg', 'ISABEL BRITO BARRETO', '1939-09-25', 38, 4, 2, '', '', 'ISABEL', 9, '', '', 'MANOEL ISIDORO DE BRITO', 'MARIA ROSA DA SILVA', 'WILSON ALVES BARRETO', '2002-08-02', 'PAO DE AÇUCAR ALAGOAS', '', '3388-7150', '', 'RUA PROFESSOR WALSON LOPES, 219E', 'LIBERDADE', 21, '40325870', 'BA', 'SALVADOR', 'PAULO SIMÕES', 'BATISTA DO SALVADOR', '', '2015-10-04', 3, 6, '0000-00-00', '', '2015-10-14', 0),
(1147, '', 'img_masc.jpg', 'EDIELSON OLIVEIRA DOS SANTOS', '1979-10-16', 37, 7, 1, '', '', '0787874914', 11, '', '', 'EDSON MEIRELES DOS SANTOS', 'VERA ALICE OLIVEIRA', '', '0000-00-00', '', '', '8785-0923', '', 'RUA PADRE BRAYNNER, 40', 'CAIXA DAGUA', 7, '40320720', 'BA', 'SALVADOR', 'ITAGUARACY BRITO', 'BATISTA FILADELFIA', '', '2015-10-04', 4, 6, '0000-00-00', '', '2015-10-14', 0),
(1148, '', 'img_fem.jpg', 'CARLUCIA QUEIROZ DOS SANTOS', '1977-11-08', 38, 3, 1, '', '', '0870525395', 11, '', '', 'JOEL CONSTANTINO DOS SANTOS', 'VILMA Mª QUEIROZ MARAMBAIA', '', '0000-00-00', '', '', '8683-1431', '', 'RUA PADRE BRAYNNER, 40', 'CAIXA DAGUA', 7, '40320720', 'BA', 'SALVADOR', 'ITAGUARACY BRITO', 'BATISTA FILADELFIA', '', '2015-10-04', 4, 6, '0000-00-00', '', '2015-10-14', 0),
(1149, '', 'img_masc.jpg', 'ELDER SOUZA GRISE', '1980-11-03', 37, 3, 2, '', '', '0805705180', 35, 'SEGURANÇA / ARTISTA PLÁSTICO', '', 'ERNESTO LEOPOLDO GRISE FILHO', 'MAISA SOUZA GRISE', 'ANA PAULA ISIDA DE OLIVEIRA GRISE', '0000-00-00', 'IBF', '', '98515-6684 / 3244-1222', 'ELDERGRISE@HOTMAIL.COM', 'R. FREITAS HENRIQUE DE BAIXO, 63', 'BX. QUINTAS', 27, '40300160', 'BA', 'SALVADOR', 'ITAGUARACY BRITO', 'IBF', '', '2015-03-15', 4, 6, '0000-00-00', 'CPF: 021.526.105-47', '2015-11-10', 0),
(1150, '', 'img_fem.jpg', 'ANA PAULA ISIDRA DE OLIVEIRA GRISE', '1979-01-24', 38, 3, 2, '', '', 'ANA', 35, '', '', 'VALERIO OLIVEIRA', 'GUILHERMINA ISIDRA DE OLIVEIRA', 'ELDER SOUZA GRISE', '0000-00-00', '', '', '3244-1222', '', 'R. FREITAS HENRIQUE DE BAIXO, 63', 'BX. QUINTAS', 27, '40300160', 'BA', 'SALVADOR', 'ITAGUARACY BRITO', 'IBF', '', '2015-03-15', 4, 6, '0000-00-00', '', '2015-11-10', 0),
(1151, '', 'img_masc.jpg', 'MANOEL ALEX LIMA DOS REIS', '1976-11-01', 37, 3, 2, 'ICEIA', '', '557020581', 41, 'AUTONOMO', '', 'MANOEL DOS REIS', 'MARINALVA UPANDRA DE LIMA', 'JOSENICE VIEIRA DOS REIS', '0000-00-00', 'SALVADOR', '', '99986-1518', 'MANOELREIS29@HOTMAIL.COM', 'RUA 24 DE JUNHO, 80', 'CIDADE NOVA', 83, '40313630', 'BA', 'SALVADOR', 'JORGE BEZERRA', '', '', '2015-12-06', 2, 6, '0000-00-00', '', '2015-12-21', 0),
(1152, '', 'img_fem.jpg', 'THAIANE SANTOS SILVA', '2001-06-08', 38, 11, 1, 'CENTRO EDUCACIONAL RECRIAR', '', 'THAIANE', 36, '', '', 'EDERIVALDO ALVES DA SILVA', 'TELMA SANTOS DE JESUS SILVA', '', '0000-00-00', '', '', '98218-3881', 'THAIANESILVA1213@GMAIL.COM', 'RUA TEODOMIRO DE QUEIROZ, 70', 'MACAUBAS', 11, '40300520', 'BA', 'SALVADOR', 'JORGE BEZERRA', '', '', '2015-12-06', 2, 6, '0000-00-00', '', '2015-12-21', 0),
(1153, '', 'img_masc.jpg', 'UELTON DOUGLAS DOS SANTOS GONÇALVES', '2000-06-01', 37, 11, 1, 'HELENA CELESTINO MAGALHAES', '', '1620045915', 36, '', '', 'UBALDO DE JESUS GONÇALVES', 'JUÇARA SOUSA DOS SANTOS', '', '0000-00-00', '', '', '98339-9374', 'UELTON.DGONCALVES@OUTLOOK.COM', 'RUA ANA PAULA, 36B', 'IAPI', 8, '40340500', 'BA', 'SALVADOR', 'JORGE BEZERRA', '', '', '2015-12-06', 2, 6, '0000-00-00', '', '2015-12-21', 0),
(1154, '', 'img_masc.jpg', 'JOAO VICTOR SOUSA DE OLIVEIRA', '2002-04-01', 37, 2, 1, 'CEMBA', '', '2166920241', 36, '', '', 'WILSON DE OLIVEIRA FILHO', 'ALTANICE SOUSA DE OLIVEIRA', '', '0000-00-00', '', '', '99608-7580', '', '2ª TV. MANOEL DRUMOND, 27', 'CAIXA DAGUA', 7, '40320195', 'BA', 'SALVADOR', 'JORGE BEZERRA', '', '', '2015-12-06', 2, 6, '0000-00-00', '', '2015-12-21', 0),
(1155, '', 'img_masc.jpg', 'JULIVALDO DA SILVA BATISTA FILHO', '2000-04-27', 37, 2, 1, 'ESCOLA CRISTA ADVIR ADONAI', '', 'JULIVALDO', 36, '', '', 'JULIVALDO DA SILVA BATISTA', 'DIVA SANTANA BATISTA', '', '0000-00-00', '', '', '3256-0950', 'JULIVALDO2014@HOTMAIL.COM', 'RUA 20 DE AGOSTO, 65, CASA 02', 'PAU MIUDO', 5, '40310610', 'BA', 'SALVADOR', 'JORGE BEZERRA', '', '', '2015-12-06', 2, 6, '0000-00-00', 'CPF: 068.905.495-54', '2015-12-21', 0),
(1156, '', 'img_masc.jpg', 'MARCOS VINICIUS SANTOS DE JESUS', '1992-06-03', 37, 11, 1, '', '', '1301660736', 58, 'CABELEIREIRO E MAQUIADOR', '98832-5461', 'ANTONIO MARCOS DE JESUS', 'LICIA FIUZA DOS SANTOS', '', '0000-00-00', '', '', '98531-4025', '', 'RUA DA GLORIA, 141', 'PERIPERI', 76, '40725650', 'BA', 'SALVADOR', 'JORGE BEZERRA', '', '', '2015-12-06', 2, 3, '2016-09-12', 'DESLIGADO EM 12/09/2016 APOS REUNIAO DO CAPI NO DIA 11/09/2016', '2015-12-21', 0),
(1157, '', 'img_fem.jpg', 'ESTER SILVA FERREIRA DE SANTANA', '1998-12-05', 38, 11, 1, 'ESTADUAL HELENA CELESTINO MAGALHAES', '', '2034765818', 36, '', '', 'DENILSON NASCIMENTO DE SANTANA', 'SANDRA SILVA FERREIRA DE SANTANA', '', '0000-00-00', '', '', '3386-2962', '', 'RUA ASTROZILDO SEPULVEDA, 13', 'IAPI', 8, '40340765', 'BA', 'SALVADOR', 'JORGE BEZERRA', '', '', '2015-12-06', 2, 6, '0000-00-00', '', '2015-12-21', 0),
(1158, '', 'img_fem.jpg', 'LARA SILVA FERREIRA DE SANTANA', '2001-10-12', 38, 11, 1, 'HELENA CELESTINO MAGALHAES', '', '2034766032', 36, '', '', 'DENILSON NASCIMENTO DE SANTANA', 'SANDRA SILVA FERREIRA DE SANTANA', '', '0000-00-00', '', '', '3386-2962', '', 'RUA ASTROZILDO SEPULVEDA, 13', 'IAPI', 8, '40340765', 'BA', 'SALVADOR', 'JORGE BEZERRA', '', '', '2015-12-06', 2, 6, '0000-00-00', '', '2015-12-21', 0),
(1159, '', 'img_fem.jpg', 'THAISE SANTOS SILVA', '2003-10-03', 38, 11, 1, 'COLEGIO RECRIAR', '', 'THAISE', 36, '', '', 'EDERIVALDO ALVES DA SILVA', 'TELMA SANTOS DE JESUS SILVA', '', '0000-00-00', '', '', '98174-4068', '', 'RUA TEODOMIRO DE QUEIROZ, 70', 'MACAUBAS', 11, '40300520', 'BA', 'SALVADOR', 'JORGE BEZERRA', '', '', '2015-12-06', 2, 6, '0000-00-00', '', '2015-12-21', 0),
(1160, '', 'img_fem.jpg', 'FABIANE DE ALMEIDA COSTA SANTOS', '2000-02-05', 38, 11, 1, 'ADVENTISTA DA LIBERDADE', '', '2013831528', 36, '', '', 'FABIO SANTANA SANTOS', 'ALESSANDRA DE ALMEIDA COSTA SANTOS', '', '0000-00-00', '', '', '98754-5739', 'FABIANECOSTA2000@HOTMAIL.COM', 'AV. PEIXE, 90A', 'PERO VAZ', 64, '40335611', 'BA', 'SALVADOR', 'JORGE BEZERRA', '', '', '2015-12-06', 2, 6, '0000-00-00', '', '2015-12-21', 0),
(1161, '', 'img_fem.jpg', 'NILZA COSTA OLIVEIRA', '1966-11-02', 38, 4, 1, '', '', '485998165', 35, 'SECRETARIA MUNICIPAL DE SAUDE', '', 'SANTIAGO OLIVEIRA', 'JOSELIA ALVES COSTA', 'JOSE AUGUSTO JESUS DE SANTANA', '0000-00-00', '', 'B+', '98796-4992', 'NILZA.COSTA2008@HOTMAIL.COM', '2ª TV. SAO TOME, 20', 'CAIXA DAGUA', 7, '40320245', 'BA', 'SALVADOR', 'JORGE BEZERRA', '', '', '2015-12-06', 2, 6, '0000-00-00', 'CONVIVE COM JOSE AUGUSTO E TEM UMA FILHA DE 16 ANOS, MAS NÃO SÃO CASADOS.', '2015-12-21', 0),
(1162, '', 'img_fem.jpg', 'EDMARY DOS SANTOS COUTINHO', '1964-10-27', 38, 11, 1, '', '', 'EDMARY', 35, '', '', '', '', '', '0000-00-00', '', '', '98783-2848', '', 'RUA 1º DE DEZEMBRO, 08,', 'CIDADE NOVA', 83, '40314510', 'BA', 'SALVADOR', 'JORGE BEZERRA', '', '', '2015-12-06', 2, 6, '0000-00-00', '', '2015-12-21', 0),
(1163, '', 'img_fem.jpg', 'JOSENICE VIEIRA DOS REIS', '1970-07-23', 38, 3, 2, 'TECNICO', '', '0476528968', 81, 'HJV', '3203-4217', 'JOSE OTAVIANO DOS REIS', 'CLARICE VIEIRA DOS REIS', 'MANOEL ALEX LIMA DOS REIS', '2008-08-27', 'SALVADOR', 'O-', '98875-1165', '', 'RUA 24 DE JUNHO, 80', 'CIDADE NOVA', 83, '40313630', 'BA', 'SALVADOR', 'JORGE BEZERRA', '', '', '2015-12-06', 2, 6, '0000-00-00', '', '2015-12-21', 0),
(1164, '', 'img_fem.jpg', 'FRANCISCA CRUZ MATOS', '2004-09-06', 38, 6, 1, 'CENTRO EDUCACIONAL VALE DE BENÇAO', '', '1513529170', 36, '', '', 'LUIS CLAUDIO NEVES MATOS', 'WALDELICE CRUZ MATOS', '', '0000-00-00', '', '', '98856-7597', '', 'LADEIRA DO YPIRANGA, 29', 'CIDADE NOVA', 83, '40313030', 'BA', 'SALVADOR', 'JORGE BEZERRA', '', '', '2015-12-06', 2, 6, '0000-00-00', '', '2015-12-21', 0),
(1165, '', 'img_fem.jpg', 'MELISSA COSTA DE OLIVEIRA', '1991-11-25', 38, 7, 1, '', '', '1156433622', 36, '', '', 'JOSE GONÇALVES DE OLIVEIRA', 'RENILDA COSTA DE OLIVEIRA', '', '0000-00-00', '', 'O+', '3244-8130', 'MEL_OLIVEIRA2@HOTMAIL.COM', 'LADEIRA DO YPIRANGA, 37', 'CIDADE NOVA', 83, '40313030', 'BA', 'SALVADOR', 'JORGE BEZERRA', '', '', '2015-12-06', 2, 6, '0000-00-00', 'CPF: 025.134.385-58', '2015-12-21', 0),
(1166, '', 'img_fem.jpg', 'ERICA DE JESUS SANTOS', '2001-09-07', 38, 3, 1, '', '', '1662426593', 36, '', '', 'JOSE LUIZ MENDES DOS SANTOS', 'NEIDE TEREZA DE JESUS', '', '0000-00-00', '', '', '98730-5961', '', 'LADEIRA DO YPIRANGA, 29', 'CIDADE NOVA', 83, '40313030', 'BA', 'SALVADOR', 'JORGE BEZERRA', '', '', '2015-12-06', 2, 6, '0000-00-00', '', '2015-12-21', 0),
(1167, '', 'img_fem.jpg', 'ARIEL RIBEIRO REGO', '1999-09-03', 38, 6, 1, 'IFBA', '', '1640956670', 36, '', '', 'MOISES TOSTA REGO', 'JOICE RODRIGUES RIBEIRO REGO', '', '0000-00-00', '', 'O+', '98779-8087', '', 'RUA CAMPOS FRANÇA, 58', 'LAPINHA', 33, '40325130', 'BA', 'SALVADOR', 'JORGE BEZERRA', '', '', '2015-12-06', 2, 6, '0000-00-00', '', '2015-12-21', 0),
(1168, '', 'img_fem.jpg', 'TAISE CARVALHO SANTOS NEVES', '1981-02-23', 38, 4, 2, '', '', '0688563180', 4, '', '', 'ARNALDO RIBEIRO DOS SANTOS', 'SONIA CARVALHO DOS SANTOS', 'JEÃ CARLOS SANTANA NEVES', '2004-04-15', 'CARTORIO MARES', 'AB+', '98633-1644', '', '3ª TV. FREITAS HENRIQUE, 12', 'CAIXA DAGUA', 7, '40320285', 'BA', 'SALVADOR', 'WILSON MARQUES', 'QUADRANGULAR', '', '2015-12-06', 1, 6, '0000-00-00', 'RECONCILIAÇÃO E ACLAMAÇÃO', '2015-12-21', 0),
(1169, '', 'img_fem.jpg', 'KATIA LOPES DE JESUS', '1981-09-05', 38, 11, 1, '', '', 'KATIA', 35, '', '', 'HIDELFONSO VIANA DE JESUS', 'DOLORES LOPES DE JESUS', '', '0000-00-00', '', '', '99396-5251 / 3388-4972', '', 'RUA SAO ROQUE, 16', 'CAIXA DAGUA', 7, '', 'BA', 'SALVADOR', 'ALEXSANDRO', 'BREVE JESUS VEM', '', '2015-07-12', 1, 6, '0000-00-00', '', '2015-12-21', 0),
(1170, '', 'img_fem.jpg', 'VIVANETE ARAUJO DA HORA', '1962-06-01', 38, 3, 1, 'CENTRO EDUCACIONAL N. S. DAS CANDEIAS', '', '0205867448', 81, 'HOSPITAL OCTAVIO MANGABEIRAS', '3117-1612', 'VIVALDO ALVERIR DA HORA', 'MARIA VALDELICE ARAUJO DA HORA', '', '0000-00-00', '', 'A+', '99905-2461', '', 'RUA VITAL SOARES, 409', 'BROTAS', 75, '40286350', 'BA', 'SALVADOR', 'ELISIO CARIRI', 'BAT. GLOPER', '', '2015-10-26', 1, 6, '0000-00-00', 'RECONCILIAÇÃO E ACLAMAÇÃO', '2015-12-21', 0),
(1171, '', 'img_fem.jpg', 'CRISTIANE AMERICO SILVA', '1971-01-10', 38, 4, 2, '', '', '383120004', 2, '', '', 'LUIZ AMERICO', 'DIVA VIEIRA AMERICO', 'JOAO BATISTA SANTANA SILVA', '1992-04-04', 'IG. PREBISTERIANA - BARBALHO', '', '98847-7741', '', 'RUA OTAVIO ARIANI MACHADO, 90', 'CAIXA DAGUA', 7, '40320475', 'BA', 'SALVADOR', 'RODRIGO', 'ASSEMBLEIA DE DEUS', '', '2015-12-06', 1, 6, '0000-00-00', '', '2015-12-21', 0),
(1172, '', 'img_fem.jpg', 'EMILY ALMEIDA DOS SANTOS', '1994-05-16', 38, 3, 1, '', '', '1285772237', 66, 'SALVADOR CARD', '', 'FRANCISCO DIAS BATISTA DOS SANTOS', 'MARIA JOSE ALMEIDA DA SILVA', '', '0000-00-00', '', '', '99239-8166', '', 'RUA PEDRO IVO, 47', 'CAIXA DAGUA', 7, '40320010', 'BA', 'SALVADOR', 'MARLEU SILVA', 'BATISTA FILADELFIA DE IGAPORÃ - BA', '', '2015-04-07', 3, 6, '0000-00-00', 'CARTA SOLICITADA, MAS RETORNOU... / RECONCILIAÇÃO E PEDIDO DE CARTA', '2015-12-21', 0),
(1173, '', 'img_fem.jpg', 'VITORIA SANTOS VASCONCELOS', '1945-08-02', 38, 2, 2, '', '', '0855563435', 39, '', '', '', 'MARIA PASSOS SANTOS', 'LOURIVAL VASCONCELOS FILHO', '1975-04-09', 'FORUM RUY BARBOSA', 'O+', '99871-0756 / 3019-2873', '', 'TV. SANTA MARGARIDA, 178E', 'CAIXA DAGUA', 7, '40321090', 'BA', 'SALVADOR', 'SILAS MATOS', 'IBF', '', '2015-12-06', 4, 6, '0000-00-00', '', '2015-12-30', 0),
(1174, '', 'img_fem.jpg', 'ANA CAROLINA SILVA DE SOUSA', '1994-11-22', 38, 11, 1, '', '', '1489752676', 35, '', '', 'JOEL PINTO DE SOUSA', 'SIMONE SANTOS DE SOUSA', '', '0000-00-00', '', '', '3625-0173', '', 'RUA PRINCIPADO DE MONACO, 130', 'URBIS', 74, '42850000', 'BA', 'DIAS D''AVILA', 'JOSELITO DA HORA', 'BATISTA ROSA DE SARON', '', '2016-01-03', 1, 6, '0000-00-00', '', '2016-01-04', 0),
(1175, '', 'img_masc.jpg', 'CIDCLEI PEREIRA DOS SANTOS', '1980-06-30', 37, 3, 1, 'ESTADUAL HELENA CELESTINO MAGALHÃES', '', '0574847324', 35, '', '', 'JOSE LUCIANO DOS SANTOS', 'MIRIAM CELESTE PEREIRA DA HORA', '', '0000-00-00', '', '', '98730-8286', '', 'RUA PADRE CICERO, 5E', 'IAPI', 8, '40323745', 'BA', 'SALVADOR', 'ALMEIDA', 'ASSEMBLEIA DE DEUS', '', '2016-02-14', 1, 6, '0000-00-00', '', '2016-02-15', 0),
(1176, '', 'img_fem.jpg', 'REBECA DE OLIVEIRA AINSWORTH', '1994-03-10', 38, 11, 1, '', '', 'REBECA', 35, '', '', 'FRED DA CRUZ AINSWORTH', 'NOEME DE OLIVEIRA CAMPOS', '', '0000-00-00', '', '', '99152-0600', '', 'RUA PROFº ARTHUR DE MACEDO, 03', 'CAIXA DAGUA', 7, '40323120', 'BA', 'SALVADOR', 'JORGE COUTO', 'IBF', '', '0000-00-00', 2, 6, '0000-00-00', '', '2016-03-10', 0),
(1177, '', 'img_fem.jpg', 'CRISTIANE FIGUEIREDO BARRETO FERREIRA', '1972-11-19', 38, 4, 2, '', '', '411518364', 4, 'CORPO DE BOMBEIROS DA BAHIA', '3313-7001', 'MEYVALDO NELSON COSTA BARRETO', 'MARIA DOMINGAS FIGUEIREDO BARRETO', 'ANTONIO MARCOS DE JESUS FERREIRA', '2003-06-21', 'IG. B. ALTO DO CRUZEIRO', 'O', '3310-7012', '', 'RUA SANTOS TITARA, 177', 'MASSARANDUBA', 73, '40435480', 'BA', 'SALVADOR', 'ALEX BOMFIM', 'ALTO DO CRUZEIRO', '', '2016-03-06', 3, 6, '0000-00-00', '', '2016-03-10', 0),
(1178, '', 'img_fem.jpg', 'RUBIANA DE JESUS CABRAL', '1985-12-31', 38, 4, 1, '', '', 'RUBIANA', 41, 'E MEIO AMBIENTE', '', 'ANTONIO SOUZA CABRAL', 'ELISABETE MARIA DE JESUS', '', '0000-00-00', '', 'AB+', '3388-1752 / 98646-3577', '', 'RUA BOA FÉ, 105', 'PERO VAZ', 64, '40335010', 'BA', 'SALVADOR', 'AURINO / SILVANILTON', 'IBCA - CAMINHO DAS ARVORES', '', '2016-03-06', 1, 6, '0000-00-00', '', '2016-03-10', 0),
(1179, '', 'img_fem.jpg', 'SILETE MATEUS DOS SANTOS', '1978-07-01', 38, 7, 1, '', '', '0782187137', 26, 'DPTº POLICIA TECNICA', '3116-8725', 'GRIGORIO MATEUS DOS SANTOS', 'MARIA ADIVINA DE JESUS SANTOS', '', '0000-00-00', '', 'A+', '', '', 'AV. SANTO ANTONIO, 48', 'LIBERDADE', 21, '40370300', 'BA', 'SALVADOR', 'MAGNO', 'ADESAL - MEIRELES', '', '2016-03-06', 1, 6, '0000-00-00', '', '2016-03-10', 0),
(1180, '', 'img_fem.jpg', 'TERESA ROMUALDO TRINDADE', '1981-03-26', 38, 4, 1, 'UFBA', '', '0717445410', 9, 'PRESTAÇAO DE SERVIÇO DO ESTADO DA BAHIA', '', 'HUDSON BALBINO DA TRINDADE', 'MATILDE ROMUALDA DA TRINDADE', '', '0000-00-00', '', '', '98651-7578', '', 'R. FREITAS HENRIQUE DE BAIXO, 56', 'BX DE QUINTAS', 27, '40300160', 'BA', 'SALVADOR', 'MILTON EBENEZER', '1ª IG. BAT. DO BRASIL', '', '2016-03-06', 1, 6, '0000-00-00', '', '2016-03-10', 0),
(1181, '', 'img_masc.jpg', 'ROQUE SANTANA GUALBERTO', '1970-11-06', 37, 5, 2, '', '', '0347044859', 26, 'ESTADO DA BAHIA', '', 'ZACARIAS GUALBERTO', 'JOSEFA MARIA DE SANTANA', 'MIRIÃ PEREIRA GUALBERTO', '1999-05-29', 'IGREJA CASA DA BENÇAO DE DEUS', 'B+', '3388-5185', '', 'R. PROFESSOR VIEGAS, 186', 'BARBALHO', 79, '40301075', 'BA', 'SALVADOR', 'VICENTE CHAVES DE MELO', 'CASA DA BENÇAO DE DEUS', '', '2016-03-22', 1, 6, '0000-00-00', 'CPF: 576.883.115-00', '2016-03-31', 0),
(1182, '', 'img_fem.jpg', 'MIRIÃ PEREIRA GUALBERTO', '1970-09-07', 38, 4, 2, 'TECNICO', '', '0326264957', 26, 'ESTADO DA BAHIA', '', 'MILTON RAMOS PEREIRA', 'EMILIA DE JESUS PEREIRA', 'ROQUE SANTANA GUALBERTO', '1999-05-29', 'IGREJA CASA DA BENÇAO DE DEUS', 'B+', '3388-5185', '', 'R. PROFESSOR VIEGAS, 186', 'BARBALHO', 79, '40301075', 'BA', 'SALVADOR', 'JOSEVANDO BONFIM / MISS. DANIEL OLIVEIRA', 'CASA DA BENÇAO DE DEUS', '', '2016-03-22', 1, 6, '0000-00-00', 'CPF: 595.931.215-87', '2016-03-31', 0),
(1183, '', 'img_masc.jpg', 'DAVI PEREIRA GUALBERTO', '2000-05-20', 37, 6, 1, 'IFBA', '', '0347044859', 36, '', '', 'ROQUE SANTANA GUALBERTO', 'MIRIÃ PEREIRA GUALBERTO', '', '0000-00-00', '', 'B+', '3388-5185', '', 'R. PROFESSOR VIEGAS, 186', 'BARBALHO', 79, '40301075', 'BA', 'SALVADOR', 'MILTON RAMOS PEREIRA FILHO', 'DEUS DE PROMESSAS', '', '2016-03-22', 1, 6, '0000-00-00', '', '2016-03-31', 0),
(1184, '', 'img_fem.jpg', 'JOELIZE LIMA DE ALMEIDA FRANÇA', '1982-09-29', 38, 4, 2, '', '', '0742201287', 2, 'SESI FIEB', '3205-1877', 'JOAO PASCOAL DE ALMEIDA', 'ELENIZE LIMA DE SANTANA', 'MAGNO ALMEIDA FRANÇA SANTOS', '2015-12-12', 'IBF', '', '99283-9624', '', 'R. DJANIRA MARIA BASTOS, 2181, COND. RESIDENCIAL JARDIM IPIRANGA, LEIT', 'JARDIM IPITANGA', 43, '42700000', 'BA', 'LAURO DE FREITAS', 'FABIO NARCONDES', 'PRESBITERIANA DO CAMINHO', '99938-8775', '2016-03-06', 1, 6, '0000-00-00', 'R. DJANIRA MARIA BASTOS, 2181, COND. RESIDENCIAL JARDIM IPITANGA, LEITE, BL 03 APTO 401', '2016-03-31', 0),
(1185, '', 'img_fem.jpg', 'ELIETE DA SILVA PINTO MOTA', '1975-08-06', 38, 3, 2, '', '', 'ELIETE', 38, '', '', 'WALMIR DO ESPIRITO SANTO PINTO', 'NILZETE DA SILVA PINTO', 'MARCOS VINICIO DA SILVA MOTA', '2006-08-06', 'MINISTERIO JESUS É A ESPERANÇA', 'O+', '98555-5227', '', 'VILA GASPAR, 54, 2º ANDAR', 'BX DE QUINTAS', 27, '40321060', 'BA', 'SALVADOR', 'MIGUEL ANGELO', 'COMUNIDADE EVANGELICA DE SALVADOR', '', '2016-04-03', 1, 6, '0000-00-00', '', '2016-04-14', 0),
(1186, '', 'img_fem.jpg', 'MONICA BERTO DA SILVA', '1968-01-04', 38, 7, 6, '', '', '0247033545', 35, 'GERENTE ADMINISTRATIVO - PRODUTOS ITAPARICA', '3386-8067', 'NELSON RODRIGUES DA SILVA', 'EMELY BERTHO DA SILVA', '', '0000-00-00', '', '', '98749-6306', '', 'ALAMEDA UBERABA, 348, AP. 405', 'REC. CABULA', 32, '41192110', 'BA', 'SALVADOR', 'ROMULO MAGALHÃES', 'PREBISTERIANA INDEPENDENTE DO BRASIL', '', '2016-04-03', 1, 6, '0000-00-00', '', '2016-04-14', 0),
(1187, '', 'img_fem.jpg', 'NAIR DIAS SANTOS', '1932-07-09', 38, 2, 5, '', '', '0122689844', 39, '', '', 'GALDINO DIAS DE OLIVEIRA', 'OTACILIA ALEXANDRINA DE OLIVEIRA', '', '1956-01-28', 'FORUM RUY BARBOSA', '', '3207-2962', '', 'RUA MONTEIRO LOBATO, 123, JARDIM CRUZEIRO', 'JARDIM CRUZEIRO', 78, '40430140', 'BA', 'SALVADOR', 'ISAIAS ANDRADE LINS FILHO', 'BATISTA DOS MARES', '3312-4415', '2016-01-09', 3, 6, '0000-00-00', '', '2016-05-12', 0),
(1188, '', 'img_masc.jpg', 'FABIO ROBERTO SANTOS CAMPOS', '1981-12-02', 37, 3, 1, '', '', '0753759152', 6, 'MECANICO INDUSTRIAL - MANSERV', '3413-2523', 'ALBERTO CARLOS DE CAMPOS', 'EVANILDA SANTOS CAMPOS', '', '0000-00-00', '', 'A+', '98836-7247', '', 'FAZENDA GRANDE 3, BL 65, 201', 'BOCA DA MATA', 84, '41340120', 'BA', 'SALVADOR', 'JORGE BEZERRA', 'IBF', '', '2016-05-01', 2, 6, '0000-00-00', '', '2016-05-12', 0),
(1189, '', 'img_masc.jpg', 'JEÃ CARLOS SANTANA NEVES', '1982-05-25', 37, 7, 2, '', '', '0698962400', 35, 'TECNICO ELETROTECNICA - CONSTRUTORA ODEBRECHT', '', 'ADALBERTO DE JESUS NEVES', 'EDILZA SANTANA NEVES', 'TAISE CARVALHO SANTOS NEVES', '2004-04-15', 'CARTORIO ITAPAGIPE', 'O+', '98816-4429', '', '3ª TV. FREITAS HENRIQUE, 12', 'CAIXA DAGUA', 7, '40320285', 'BA', 'SALVADOR', 'JORGE BEZERRA', 'IBF', '', '2016-05-01', 2, 6, '0000-00-00', 'CPF: 010.845.395-27', '2016-05-12', 0),
(1190, '', 'img_fem.jpg', 'IRANI SOBRAL DA SILVA', '1982-03-28', 38, 3, 2, '', '', '0797269339', 25, 'CASA DE FAMILIA', '', 'PAULO RIBEIRO DA SILVA', 'SORAIA VITAL SOBRAL', 'DIONISIO DA CONCEIÇÃO SANTOS', '2006-03-27', 'IG. SRª SANTANA SIMOES DIAS', '', '98839-9089', '', '3ª TV. SACRAMENTO PIO, 28', 'PERO VAZ', 64, '40335500', 'BA', 'SALVADOR', 'JORGE BEZERRA', 'IBF', '', '2016-05-01', 2, 6, '0000-00-00', 'CPF: 008.946.835-00', '2016-05-12', 0),
(1191, '', 'img_fem.jpg', 'MARIA CRISTINA MOTA DOS SANTOS', '1960-07-12', 38, 3, 1, '', '', '1403511', 70, '', '', 'JOSE MOTA DOS SANTOS', 'ETELVINA SANTOS', '', '0000-00-00', '', '', '98846-7923', '', '1ª MANDICHURIA, 41', 'CAIXA DAGUA', 7, '40320085', 'BA', 'SALVADOR', 'JORGE BEZERRA', 'IBF', '', '2016-05-01', 2, 6, '0000-00-00', '', '2016-05-12', 0),
(1192, '', 'img_fem.jpg', 'SIMONE MOTA DOS SANTOS BORGES', '2001-08-02', 38, 2, 1, 'CECR - CLASSE IV', '', '2118944276', 36, '', '', 'REGINALDO RUJINO BORGES', 'MARIA CRISTINA MOTA DOS SANTOS', '', '0000-00-00', '', '', '98846-7923', '', '1ª MANDICHURIA, 41', 'CAIXA DAGUA', 7, '40320085', 'BA', 'SALVADOR', 'JORGE BEZERRA', 'IBF', '', '2016-05-01', 2, 6, '0000-00-00', '', '2016-05-12', 0),
(1193, '', 'img_masc.jpg', 'LUCIVAL FERNANDES DE JESUS', '1971-07-07', 37, 1, 2, '', '', '0375501444', 35, 'PORTEIRO - GRUPO BRASPE', '', '', 'RITA FERNANDES DE JESUS', 'ROSILDA DOS SANTOS SOUSA', '2016-03-17', 'COLEGIO EST. LUIS EDUARDO MAGALHAES', '', '98126-4968', '', 'TV. SANTA MARGARIDA, 106 B', 'CAIXA DAGUA', 7, '40320310', 'BA', 'SALVADOR', 'JORGE BEZERRA', 'IBF', '', '2016-05-01', 2, 6, '0000-00-00', 'CPF: 877.338.035-00', '2016-05-12', 0),
(1194, '', 'img_masc.jpg', 'JOAO VICTOR LINO DA CRUZ SOUSA', '1988-03-28', 37, 7, 1, 'UFBA', '', '1487099665', 36, '', '', 'PAULO SERGIO GOMES DE SOUSA', 'EDILEUSA LINO DA CRUZ SOUSA', '', '0000-00-00', '', '', '99277-5734', '', 'RUA DOMINGOS REQUIAO, 32', 'LIBERDADE', 21, '40325470', 'BA', 'SALVADOR', 'JORGE BEZERRA', 'IBF', '', '2016-05-01', 2, 6, '0000-00-00', '', '2016-05-12', 0),
(1195, '', 'img_fem.jpg', 'REBECA AMERICO SILVA', '1996-10-08', 38, 7, 1, 'UNIFACS', '3021-2800', '1448638127', 35, '', '', 'JOAO BATISTA SANTANA SILVA', 'CRISTIANE AMERICO SILVA', '', '0000-00-00', '', '', '98841-0985', 'BEL.A.S@HOTMAIL.COM', 'RUA OTAVIO ARIANI MACHADO, 90', 'CAIXA DAGUA', 7, '40320475', 'BA', 'SALVADOR', 'JORGE BEZERRA', 'IBF', '', '2016-05-01', 2, 6, '0000-00-00', 'CPF: 066.365.395-93', '2016-05-12', 0),
(1196, '', 'img_fem.jpg', 'ROSILDA DOS SANTOS SOUSA', '1969-12-09', 38, 3, 2, '', '', '0549542310', 38, '', '', 'ANTONIO ROSENO DE SOUSA', 'DOROTEA DOS SANTOS SOUSA', 'LUCIVAL FERNANDES DE JESUS', '2016-03-17', 'COLEGIO EST. LUIS EDUARDO MAGALHAES', '', '98126-4968', '', 'TV. SANTA MARGARIDA, 106 B', 'CAIXA DAGUA', 7, '40320310', 'BA', 'SALVADOR', 'JORGE BEZERRA', 'IBF', '', '2016-05-01', 2, 6, '0000-00-00', 'CPF: 598.572.695-91', '2016-05-12', 0),
(1197, '', 'img_masc.jpg', 'PEDRO GABRIEL DE PAULA SOUSA', '1997-03-21', 37, 3, 1, 'UFBA', '', 'PEDRO', 36, '', '', 'AILTON DOS ANJOS SOUSA', 'DEISE CONCEIÇAO COSTA DE PAULA SOUSA', '', '0000-00-00', '', '', '99340-1593', 'PEDRODEPAULA@GMAIL.COM', 'RUA RAUL LEITE, 1470, ED. VILLA PRIVILEGE, T3, AP. 1502', 'VILA LAURA', 34, '40270010', 'BA', 'SALVADOR', 'JORGE BEZERRA', 'IBF', '', '2016-05-01', 2, 6, '0000-00-00', 'CPF: 859.871.175-69', '2016-05-12', 0),
(1198, '', 'img_masc.jpg', 'RODRIGO SANTOS DA SILVA', '1987-08-13', 37, 7, 1, 'FACULDADE VISCONDE DE CAIRU', '', '958938229', 35, 'MANOBRISTA - NATURAL PARK', '', 'NELIO NONATO DA SILVA', 'ANA LUCIA FERREIRA DOS SANTOS', '', '0000-00-00', '', '', '98605-2197', 'RODRIGO_5587@HOTMAIL.COM', 'RUA LIMA E SILVA, 49, casa 3', 'LAPINHA', 33, '40375017', 'BA', 'SALVADOR', 'JORGE BEZERRA', 'IBF', '', '2016-05-01', 2, 6, '0000-00-00', 'CPF: 840.602.125-04', '2016-05-12', 0),
(1199, '', 'img_fem.jpg', 'ROSILMA SOUSA FERNANDES', '1997-12-01', 38, 3, 6, '', '', '1279940921', 108, '', '', 'LUCIVAL FERNANDES DE JESUS', 'ROSILMA DOS SANTOS SOUSA', '', '0000-00-00', '', '', '98426-4640', 'ROSILMAFERNANDES388@GMAIL.COM', 'TV. SANTA MARGARIDA, 106 B', 'CAIXA DAGUA', 7, '40320310', 'BA', 'SALVADOR', 'JORGE BEZERRA', 'IBF', '', '2016-05-01', 2, 6, '0000-00-00', 'CPF: 051.579.656-84', '2016-05-12', 0),
(1200, '', 'img_fem.jpg', 'TAINAN DE FREITAS RODRIGUES RODRIGUES', '2003-05-14', 38, 3, 1, '', '', '1410523250', 36, '', '', 'ELISIVALDO LOPES RODRIGUES', 'MARILZA DE FREITAS RODRIGUES RODRIGUES', '', '0000-00-00', '', 'AB-', '3181-9325', 'TAINANDEMARILZA@HOTMAIL.COM', 'TV. ANITA FERREIRA, 20', 'CAIXA DAGUA', 7, '40323075', 'BA', 'SALVADOR', 'JORGE BEZERRA', 'IBF', '', '2016-05-01', 2, 6, '0000-00-00', 'CPF: 031.330.585-41', '2016-05-12', 0),
(1201, '', 'img_fem.jpg', 'TIALA DA CONCEIÇAO FERREIRA PINTO', '1989-04-16', 38, 11, 1, '', '', '1199173002', 23, 'IBF', '', 'CARLOS COSME ROSARIO FERREIRA PINTO', 'JOZELIA DA CONCEIÇAO ROSARIO PINTO', '', '0000-00-00', '', '', '98725-3398', '', 'RUA SALDANHA MARINHO, 101', 'CAIXA DAGUA', 7, '40323010', 'BA', 'SALVADOR', 'JORGE BEZERRA', 'IBF', '', '2016-05-01', 2, 6, '0000-00-00', '', '2016-05-12', 0),
(1202, '', 'img_fem.jpg', 'VANESSA SANTOS VASCONCELOS', '1980-03-09', 38, 11, 1, '', '', '0705074650', 35, 'AUXILIAR ADMINISTRATIVA - UFBA', '', 'LOURIVAL VASCONCELOS FILHO', 'VITORIA SANTOS VASCONCELOS', '', '0000-00-00', '', 'O+', '98815-7259', 'VANESSACELOS@GMAIL.COM', 'TV. SANTA MARGARIDA, 178', 'CAIXA DAGUA', 7, '40321090', 'BA', 'SALVADOR', 'JORGE BEZERRA', 'IBF', '', '2016-05-01', 2, 6, '0000-00-00', 'CPF: 823.918.405-78', '2016-05-12', 0),
(1203, '', 'img_fem.jpg', 'IOLANDA SANTOS', '1966-08-30', 38, 3, 1, '', '', '0305093002', 11, '', '', 'ARGEMIRO SOUZA SANTOS', 'ADALGISA ROSA DE JESUS SANTOS', '', '0000-00-00', '', '', '99702-7466', 'IOLANDAABARA@GMAIL.COM', 'PRAÇA DAS AMENDOEIRAS, 2', 'IAPI', 8, '40323275', 'BA', 'SALVADOR', 'JORGE BEZERRA', 'IBF', '', '2016-05-01', 2, 6, '0000-00-00', 'CPF: 530.978.075-00', '2016-05-12', 0),
(1204, '', 'img_masc.jpg', 'ANTONIO SAMUEL CARDOSO NASCIMENTO', '1973-05-21', 37, 3, 2, '', '', '0379967707', 35, 'VIDEOMAKER - UNEB', '3117-2390', 'GREGORIO PAPA DO NASCIMENTO', 'ALMERINDA CARDOSO FERREIRA', 'VALDICEIA SOUZA SANTOS NASCIMENTO', '2009-05-07', 'FORUM', '', '98600-7298', '', 'RUA CONDE DE PORTO ALEGRE, 260,', 'IAPI', 8, '40330200', 'BA', 'SALVADOR', 'ISAIAS BATISTA', 'PIB', '', '2016-05-22', 1, 6, '0000-00-00', '', '2016-05-31', 0),
(1205, '', 'img_fem.jpg', 'VALDICEIA SOUZA SANTOS NASCIMENTO', '1980-05-23', 38, 3, 2, '', '', '0816275807', 35, '', '', 'VALTER DIAS SANTOS', 'MARIA DA CONCEIÇÃO SOUZA SANTOS', 'ANTONIO SAMUEL CARDOSO NASCIMENTO', '2009-05-07', 'FORUM', 'B+', '98719-8715', '', 'RUA CONDE DE PORTO ALEGRE, 260,', 'IAPI', 8, '40330200', 'BA', 'SALVADOR', 'CRISTINA', 'RENASCER EM CRISTO', '', '2016-05-22', 1, 6, '0000-00-00', '', '2016-05-31', 0),
(1206, '', 'img_fem.jpg', 'MARLI ARAUJO ALMEIDA', '1952-09-07', 38, 3, 2, '', '', '0077691944', 39, '', '', 'ESTEFANIO ARAUJO DA SILVA', 'ZAURI FRANCISCA DA SILVA', 'ANTONIO LUIZ GOMES ALMEIDA', '1975-12-27', 'IBF', 'A+', '3243-8451', '', 'RUA MANOEL MARIO DE LIMA, 16 E,', 'CAIXA DAGUA', 7, '40323130', 'BA', 'SALVADOR', 'ANTONIO NASCIMENTO', 'B. MISSIONARIA DA INDEPENDENCIA', '', '2016-05-19', 3, 6, '0000-00-00', '', '2016-05-31', 0),
(1207, '', 'img_fem.jpg', 'DORALICE DALVA DO N. SANTOS', '1930-01-01', 38, 3, 5, '', '', '19326165', 39, 'PROFESSORA', '', 'MANOEL DO NASCIMENTO', 'MANUELA SOUZA SANTOS', 'SIMAO CARDOSO DOS SANTOS FILHO', '1954-03-31', 'SALVADOR', '', '3267-6123', '', 'RUA 8 DE DEZEMBRO, 91,', 'GRAÇA', 77, '40150000', 'BA', 'SALVADOR', '', 'UNIVERSAL', '', '2014-10-12', 1, 6, '0000-00-00', '', '2016-05-31', 0),
(1208, '', 'img_masc.jpg', 'EDSON FRANCISCO DOS SANTOS', '1954-11-25', 37, 4, 2, 'DUQUE DE CAXIAS', '98267-7347', '76246469', 10, 'SARTTUS COM. ALIMENTOS LTDA', '98267-7347', 'FLORISVAL FRANCISCO DOS SANTOS', 'FRANCISCA DE ASSIS DOS SANTOS', 'SILVIA CERQUEIRA', '1997-05-17', 'SALVADOR', 'A+', '3247-4736', '', 'R. PROFESSOR ARISTIDES NOVIS, 103, AP. 701,', 'FEDERAÇAO', 44, '40210630', 'BA', 'SALVADOR', 'ATILA BRANDAO', 'IBCA - CAMINHO DAS ARVORES', '', '2014-10-12', 1, 6, '0000-00-00', '', '2016-05-31', 0),
(1209, '', 'img_fem.jpg', 'RITA DE CASSIA SANTOS DA SILVA', '1968-06-14', 38, 3, 1, '', '', '0404828809', 9, '', '', 'VITORIO ALBERICO DA SILVA', 'MARIA D''AJUDA SANTOS DA SILVA', '', '0000-00-00', '', 'O+', '98847-1584', '', 'RUA 25 DE FEVEREIRO, 09B', 'LAPINHA', 33, '40325170', 'BA', 'SALVADOR', 'MARCOS JOSÉ', 'IURD - ASSEMBLEIA DE DEUS', '', '0000-00-00', 1, 6, '0000-00-00', 'SE TORNOU MEMBRO EM NOVEMBRO/2006', '2016-06-29', 0),
(1210, '', 'img_fem.jpg', 'ILANE SHRLEY FORTUNA PEREIRA', '1974-01-05', 38, 4, 2, '', '', '038347485', 9, '', '', 'HERALDO MENEZES FORTUNA', 'VANICE DE SOUZA FORTUNA', 'MARCOS LOURENÇO BONFIM PEREIRA', '1994-01-15', 'IGREJA SAO COSME DAMIAO', 'A+', '99360-2381', '', 'RUA BRUNO CEABRA, 11', 'LAPINHA', 33, '40365000', 'BA', 'SALVADOR', 'PRA NEIVA', 'RENASCER EM CRISTO', '', '2016-06-05', 1, 6, '0000-00-00', '', '2016-06-29', 0),
(1211, '', 'img_masc.jpg', 'VALDEMIRO FRANCISCO DE JESUS', '1950-06-20', 37, 3, 2, '', '', 'VALDEMIRO', 58, '', '', 'SEBASTIAO RIBEIRO', 'ANTONIA FRANCISCA', '', '0000-00-00', '', '', '98840-6955', '', 'RUA ARTHUR GUIMARAES COVAS, 8', 'CIDADE NOVA', 83, '40313650', 'BA', 'SALVADOR', 'EPIFANIO', 'BAT. RAMO DA VIDEIRA', '', '2016-06-05', 1, 6, '0000-00-00', '', '2016-06-29', 0),
(1212, '', 'img_fem.jpg', 'ELAINE DE JESUS WEBER OLIVEIRA', '1989-01-03', 38, 3, 2, '', '', '1348108212', 35, 'AUXILIAR DE PROFESSOR', '', 'EDSON RODRIGUES WEBER', 'CLEONILDA ROSA DE JESUS', 'LEONARDO SANTOS DE OLIVEIRA', '2017-04-08', 'SALVADOR', '', '98391-2612', '', 'SETOR I, CAMINHO 4, 27', 'MUSSURUNGA 2', 59, '41340565', 'BA', 'SALVADOR', 'SAMUEL', 'BAT. SEMEAR', '', '2016-01-10', 1, 6, '0000-00-00', 'ATUALIZAÇÃO DA FICHA EM 02/04/2017', '2016-06-29', 0),
(1213, '', 'img_masc.jpg', 'LEANDRO SANTOS DE OLIVEIRA', '1988-12-26', 37, 3, 1, '', '', '1521649529', 35, 'REPOSITOR - NOVA CASA DELICATESSE', '98305-8840', 'JOSIVALDO GOMES DE OLIVEIRA', 'MARIA DO CARMO LAPA DOS SANTOS', '', '0000-00-00', '', '', '99253-4826', '', 'RUA PEDRO IVO, 19F', 'CAIXA DAGUA', 7, '40320010', 'BA', 'SALVADOR', 'ISAIAS', 'BAT. RENOVADA', '', '2016-01-10', 1, 6, '0000-00-00', '', '2016-06-29', 0),
(1214, '', 'img_masc.jpg', 'PAULO CESAR TRINDADE', '1979-07-27', 37, 3, 1, '', '', '0721615902', 51, 'CASA SÃO JOAO', '', 'ANTONIO CESAR C. TRINDADE', 'TEREZA ANGELICA M.', '', '0000-00-00', '', '', '99282-4779', '', 'LARGO DO QUEIMADINHO, 13', 'LAPINHA', 33, '40325256', 'BA', 'SALVADOR', 'SONIA', 'QUADRANGULAR', '', '2016-08-14', 1, 6, '0000-00-00', '', '2016-08-18', 0),
(1215, '', 'img_masc.jpg', 'LOURIVAL SANTOS OLIVEIRA', '1967-11-12', 37, 11, 1, 'LUIS VIANA BROTAS', '3276-3102', '0311453376', 11, '', '99728-8306', 'JOSE CONCEIÇAO OLIVEIRA', 'ODETE SANTOS', '', '0000-00-00', '', '', '3276-3102 / 98754-6847', '', 'R. DESEMBARGADOR JULHO DE BRITO, 54', 'CAIXA DAGUA', 7, '', 'BA', 'SALVADOR', 'CARLOS', 'BAT. JERUSALEM', '', '2016-08-14', 3, 6, '0000-00-00', 'PEDIDO DE CARTA COM RECONCILIAÇÃO', '2016-08-18', 0),
(1216, '', 'img_masc.jpg', 'VINICIUS JOSE CRUZ MOTA', '1992-03-18', 37, 3, 1, '', '', '1362994316', 35, 'CONTRATEC - AGENTE DE PORTARIA', '3272-9705', 'JOSUE SANTOS MOTA', 'NADIA DA SILVA CRUZ', '', '0000-00-00', '', '', '99269-2624', '', 'TV CARMELIA DULTRA, 15Z,', 'LIBERDADE', 21, '40327585', 'BA', 'SALVADOR', 'JORGE BEZERRA', 'IBF', '', '2016-10-09', 2, 6, '0000-00-00', '', '2016-10-11', 0),
(1217, '', 'img_masc.jpg', 'TIAGO CAMERA PINHEIRO', '1987-10-20', 37, 3, 2, '', '', '1291214364', 35, '', '', 'ANTONIO JOSE PINHEIRO', 'SELMA CAMERA PINHEIRO', 'LUCIANE PINHEIRO', '2016-10-01', 'IBF', '', '98722-7212', '', 'ESTRADA DA MANDICHURIA, 51E,', 'CAIXA DAGUA', 7, '40323085', 'BA', 'SALVADOR', 'JORGE BEZERRA', 'IBF', '', '2016-10-09', 2, 6, '0000-00-00', '', '2016-10-13', 0),
(1218, '', 'img_fem.jpg', 'LUCIANE PINHEIRO', '1972-11-30', 38, 3, 2, '', '', '0478083572', 25, '', '', 'JOSE PINHEIRO', 'MARIA DA PURIFICAÇÃO PINHEIRO', 'TIAGO CAMERA PINHEIRO', '2016-10-01', 'IBF', '', '99266-7123', '', 'ESTRADA DA MANDICHURIA, 51E,', 'CAIXA DAGUA', 7, '40323085', 'BA', 'SALVADOR', 'JORGE BEZERRA', 'IBF', '', '2016-10-09', 2, 6, '0000-00-00', '', '2016-10-13', 0),
(1219, '', 'img_masc.jpg', 'LUIZ MATHEUS RODRIGUES VENTURA', '1999-03-18', 37, 11, 1, '', '', '1482757370', 35, '', '', 'LUIZ AUGUSTO BEZERRA VENTURA', 'DANIELA PORTO RODRIGUES', '', '0000-00-00', '', '', '99241-5641', '', '2ª TV DO PARAISO, 05,', 'CAIXA DAGUA', 7, '40320200', 'BA', 'SALVADOR', 'JORGE BEZERRA', 'IBF', '', '2016-10-09', 2, 6, '0000-00-00', '', '2016-10-13', 0),
(1220, '', 'img_masc.jpg', 'NATANAEL FRANÇA DE SOUZA JUNIOR', '1982-12-22', 37, 4, 2, '', '', '0751393592', 35, 'KOFRE TELECOMUNICAÇÕES - SUPERVISOR ADMINISTRATIVO', '3277-7021', 'NATANAEL FRANÇA DE SOUZA', 'MARIA APARECIDA PEREIRA DA SILVA', 'JAMILE DIAS DA SILVA FRANÇA', '2016-09-20', 'SALVADOR', 'B+', '98107-5913', '', 'RUA DIRETA DAS PITANGUEIRAS, 78,', 'FAZENDA GRANDE DO RETIRO', 54, '40353150', 'BA', 'SALVADOR', 'JORGE BEZERRA', 'IBF', '', '2016-10-09', 2, 6, '0000-00-00', '', '2016-10-13', 0),
(1221, '', 'img_masc.jpg', 'GABRIEL RAMOS LIMA', '1999-10-13', 37, 11, 1, '', '', '1566975727', 36, '', '', 'HAMILTON DE SOUZA SILVA', 'SONIA DA SILVA RAMOS', '', '0000-00-00', '', '', '98102-6835', '', 'RUA CONDE DE PORTO ALEGRE, 06, AV. VALBER', 'IAPI', 8, '40323323', 'BA', 'SALVADOR', 'JORGE BEZERRA', 'IBF', '', '2016-10-09', 2, 6, '0000-00-00', '', '2016-10-13', 0),
(1222, '', 'img_fem.jpg', 'SILVANA DE ALMEIDA COSTA SANTOS', '1980-09-21', 38, 3, 2, '', '', '0843924799', 35, 'CLINICA ORTOPEDICA E TRAUMATOLOGIA - AUX. FARMACIA', '2102-4416', 'RAIMUNDO JOSE COSTA', 'VALDECY ROSA DE ALMEIDA COSTA', 'CEVALDO SANTOS E SANTOS', '2011-12-30', 'IBF', '', '98719-0186', '', 'AV. PEIXE, 161,', 'PERO VAZ', 64, '40335611', 'BA', 'SALVADOR', 'JORGE BEZERRA', 'IBF', '', '2016-10-09', 2, 6, '0000-00-00', '', '2016-10-13', 0),
(1223, '', 'img_fem.jpg', 'BRENDA SOUSA AMERICO', '2002-07-13', 38, 8, 1, 'SARTRE', '', 'BRENDA', 36, '', '', 'WELLINGTON VIEIRA AMERICO', 'QUELE CRISTINA SOUSA AMERICO', '', '0000-00-00', '', 'O+', '99202-8358', '', 'AV. DOM JOAO VI, 800,', 'BROTAS', 75, '40290160', 'BA', 'SALVADOR', 'JORGE BEZERRA', 'IBF', '', '2016-10-09', 2, 6, '0000-00-00', '', '2016-10-13', 0),
(1224, '', 'img_fem.jpg', 'CHEILA SANTANA BORGES SOUZA', '1982-01-23', 38, 4, 2, '', '', '0161982557', 9, 'CENTRO EDUCACIONAL BATISTA FILADELFIA', '3244-0324', 'CLAUDOMIRO SOUZA BORGES', 'ELIZA SANTANA BORGES', 'ADEMERALDO CONCEIÇÃO SOUZA', '2003-05-24', 'IGREJA CATOLICA DA LAPINHA', '', '3241-8788', '', 'RUA MANOEL DRUMOND, 46E,', 'CAIXA DAGUA', 7, '40320670', 'BA', 'SALVADOR', 'JORGE BEZERRA', 'IBF', '', '2016-10-09', 2, 6, '0000-00-00', '', '2016-10-13', 0),
(1225, '', 'img_fem.jpg', 'JAMILE DIAS DA SILVA FRANÇA', '1986-04-07', 38, 7, 2, '', '', '1667825992', 35, 'DELFIM SAUDE - ASSISTENTE DE COMPRAS', '3402-8961', 'GILBERTO FERNANDES DA SILVA', 'EBECLE DIAS DA SILVA', 'NATANAEL FRANÇA DE SOUZA JUNIOR', '2016-09-20', 'SALVADOR', 'B+', '98730-2826', '', 'RUA DIRETA DAS PITANGUEIRAS, 78,', 'FAZENDA GRANDE DO RETIRO', 54, '40353150', 'BA', 'SALVADOR', 'JORGE BEZERRA', 'IBF', '', '2016-10-09', 2, 6, '0000-00-00', '', '2016-10-13', 0),
(1226, '', 'img_fem.jpg', 'VANESSA OLIVEIRA DOS SANTOS CAMPOS', '1987-02-09', 38, 4, 2, '', '', '0993334903', 35, 'O BOTICARIO - GESTORA DE RECURSOS HUMANOS', '3172-0101', 'ANDRE BARBOSA SANTOS', 'MARIA DO CARMO RAMOS DE OLIVEIRA', 'FABIO ROBERTO SANTOS CAMPOS', '2016-07-16', 'IBF', '', '99284-5531', '', 'RUA ORLANDO COSTA, 12,', 'PLATAFORMA', 70, '40717294', 'BA', 'SALVADOR', 'JORGE BEZERRA', 'IBF', '', '2016-10-09', 2, 6, '0000-00-00', '', '2016-10-13', 0),
(1227, '', 'img_fem.jpg', 'BENEDITA BONFIM COSTA', '1969-10-10', 38, 3, 4, '', '', 'BENEDITA', 17, '', '', 'JULIO BONFIM COSTA', 'MARIA JOSE BARROS RODE', '', '0000-00-00', '', 'B+', '99239-2698', '', 'RUA OSCAR LOPES, 26,', 'CAIXA DAGUA', 7, '40320810', 'BA', 'SALVADOR', 'RODRIGUES', 'UNIVERSAL', '', '2016-10-16', 1, 6, '0000-00-00', '', '2016-10-25', 0),
(1228, '', 'img_fem.jpg', 'MARLENE DE JESUS SANTOS AMARAL', '1986-11-19', 38, 11, 2, '', '', 'MARLENE', 35, 'BALCONISTA DE FARMACIA -FARMACIA DROGARIA DA GENTE', '3256-8461', 'ANTONIO RICARDO DE JESUS SANTOS', 'ROSANA SANTOS DE JESUS', 'VICTOR CLEITON BORGES AMARAL', '2010-08-14', 'IG. BAT. DO ARVOREDO', '', '98695-0832', '', 'RUA MANOEL DRUMOND, 11, 2ª TV,', 'CAIXA DAGUA', 7, '40320670', 'BA', 'SALVADOR', 'CARLECI', 'PENTECOSTAL CRUZADA SHALON', '', '2016-10-16', 1, 6, '0000-00-00', '', '2016-10-25', 0),
(1229, '', 'img_fem.jpg', 'ALINE MARIA AMARAL DO NASCIMENTO', '2001-03-25', 38, 11, 1, 'ELLO', '', 'ALINE', 35, '', '', 'JOSE WILSON DO NASCIMENTO JUNIOR', 'GABRIELA MARIA SANTOS AMARAL', '', '0000-00-00', '', '', '99387-0252', '', 'R. FREITAS HENRIQUE DE CIMA, 91,', 'CAIXA DAGUA', 7, '40320150', 'BA', 'SALVADOR', 'ELSON', 'BAT. DO GARCIA', '', '2016-10-16', 1, 6, '0000-00-00', '', '2016-10-25', 0),
(1230, '', 'img_masc.jpg', 'SIDNEY LUIZ DOS SANTOS LIMA', '1966-05-27', 37, 3, 2, '', '', '0271380381', 35, 'PM DA BAHIA', '', 'WALTER AURELIANO DE SALES LIMA', 'NOEMIA PEREIRA DOS SANTOS LIMA', 'DEBORA DE ARAUJO RIBEIRO LIMA', '0000-00-00', 'FORUM IAPI', 'B+', '98706-3493', '', 'TV. DR. MARIO DE SOUZA DANTAS, 06,', 'CAIXA DAGUA', 7, '40323060', 'BA', 'SALVADOR', 'SAMUEL RAMOS', 'MONTE GERIZIM', '3012-6012 / 3356-6019', '2016-12-11', 1, 6, '0000-00-00', '', '2016-12-14', 0),
(1231, '', 'img_fem.jpg', 'DEBORA DE ARAUJO RIBEIRO LIMA', '1972-12-24', 38, 3, 2, '', '', '0442297556', 38, '', '', 'CESARIO RIBEIRO', 'DAVINA DE ARAUJO GOES RIBEIRO', 'SIDNEY LUIZ DOS SANTOS LIMA', '0000-00-00', 'FORUM IAPI', 'A+', '99162-8539', '', 'TV. DR. MARIO DE SOUZA DANTAS, 06,', 'CAIXA DAGUA', 7, '40323060', 'BA', 'SALVADOR', 'SAMUEL RAMOS', 'MONTE GERIZIM', '3012-6012 / 3356-6019', '2016-12-11', 1, 6, '0000-00-00', '', '2016-12-14', 0),
(1233, '', 'img_fem.jpg', 'MARIA DAS GRAÇAS DE C. OLIVEIRA', '1967-10-30', 38, 4, 1, '', '', 'MARIA', 42, 'CEBAF', '', 'EXPEDITO RODRIGUES DE OLIVEIRA', 'CANUTA DE CARVALHO OLIVEIRA', '', '0000-00-00', '', '', '98841-0062', '', 'R. OTAVIO ARIANE MACHADO, 75B,', 'CAIXA DAGUA', 7, '40323080', 'BA', 'SALVADOR', 'UBIRAJARA', 'IBMI', '', '2016-11-06', 3, 6, '0000-00-00', '', '2016-12-14', 0),
(1234, '', 'img_fem.jpg', 'AUREA SANDRA B. DA SILVA', '1975-02-06', 38, 3, 1, '', '', 'AUREA', 108, '', '', 'DEUS', 'MARIA BERNADETE', '', '0000-00-00', '', '', '99385-1047', '', 'TV. CHACARA RAMOS, 11, SUBSOLO,', 'PAU MIUDO', 5, '40310470', 'BA', 'SALVADOR', '', 'DA GRAÇA DE DEUS', '', '2016-12-11', 1, 6, '0000-00-00', '', '2016-12-14', 0),
(1235, '', 'img_fem.jpg', 'CAMILA REIS DOS SANTOS ABREU', '1984-05-25', 38, 4, 2, '', '', '0835015688', 35, 'BACHAREL EM DIREITO - COLEGIO APOIO', '', 'OTONIEL ALVES DOS SANTOS', 'MEIRE LUCIA REIS DOS SANTOS', 'LEOFRANCE GASPAR DE ABREU FILHO', '2005-10-08', 'IG. BAT. DOS MARES', 'A+', '98159-9244', '', 'RUA SALDANHA MARINHO, 128,', 'CAIXA DAGUA', 7, '40323010', 'BA', 'SALVADOR', 'ISAIAS LINS', 'BAT. DOS MARES', '', '2016-12-11', 3, 6, '0000-00-00', '', '2016-12-14', 0),
(1236, '', 'img_fem.jpg', 'CLAUDIA DE SOUZA CARVALHO SANTOS', '1968-12-18', 38, 3, 2, '', '', '0385748965', 38, '', '', 'ANTONIO CARLOS MATTOS DE CARVALHO', 'ANA MARIA DE S. CARVALHO', 'ROGERIO SOUZA SANTOS', '1991-01-22', 'FORUM', '', '98706-0964', '', 'TV. DA MANDICHURIA, 13,', 'CAIXA DAGUA', 7, '40320280', 'BA', 'SALVADOR', 'IZAQUE', 'ASSEMBLEIA DE DEUS', '', '2016-12-11', 1, 6, '0000-00-00', '', '2016-12-14', 0),
(1237, '', 'img_masc.jpg', 'LEONARDO MEIRA OLIVEIRA', '1975-01-21', 37, 4, 2, '', '', '0565603205', 35, 'GESTOR COMERCIAL/OPERACIONAL', '', 'GERALDO OLIVEIRA', 'CLEMENCELLE GEORGINA MAIRA SANTOS OLIVEIRA', 'MAIRA PAIM ARGOLO', '0000-00-00', 'SAO PAULO', '', '99271-4032', '', 'LAD. DO ACUPE, 39, COND. NOVO HORIZONTE,', 'ACUPE DE BROTAS', 75, '40290160', 'BA', 'SALVADOR', 'EZEDEQUIAS', 'COMUNIDADE ESPERAÇA - FORTALEZA-CE', '', '2016-12-11', 1, 6, '0000-00-00', '', '2016-12-14', 0),
(1238, '', 'img_fem.jpg', 'MAIRA PAIM ARGOLO', '1976-12-05', 38, 4, 2, '', '', '0707303931', 35, 'COMISSARIA DE VOO - LATAM L/A', '', 'PEDRO VIRGILIO CALOAS DE ARGOLO', 'JAIRNILZA SILVA PAIM', 'LEONARDO MEIRA OLIVEIRA', '0000-00-00', '', 'A+', '99271-3966', '', 'AV. MARIO LEAL FERREIRA, 363, BONOCO', 'BONOCO', 80, '40285600', 'BA', 'SALVADOR', 'JORGE BEZERRA', 'IBF', '', '2017-01-29', 2, 6, '0000-00-00', '', '2017-02-14', 0),
(1239, '', 'img_masc.jpg', 'DAVID EDUARDO SANTOS', '1966-05-13', 37, 3, 2, '', '', '223925640', 35, 'ECONOMIARIO - BANCO BRADESCO', '3293-8700', 'RAIMUNDO SANTOS', 'BERNADETE PESTANA', 'MARCIA ENEDINO MENEZES SANTOS', '1989-07-29', 'IGREJA COSME DAMIAO', 'A+', '98848-9662', '', 'VILA MELO MORAES FILHO, 170, FAZENDA GRANDE', 'FAZENDA GRANDE', 54, '40352230', 'BA', 'SALVADOR', 'JORGE BEZERRA', 'IBF', '', '2017-01-29', 2, 6, '0000-00-00', '', '2017-02-14', 0),
(1240, '', 'img_masc.jpg', 'FERNANDO DE ARAUJO SILVA', '1991-08-13', 37, 2, 1, 'ANISIO TEIXEIRA', '', '1320037089', 35, 'SEGURANÇA - PROSEGUR', '', 'EDIGLEI PARADELA DA SILVA', 'MARIA GENARIA DE ARAUJO DA SILVA', '', '0000-00-00', '', 'O+', '99381-7745', '', 'RUA EUZEBIO DE QUEIROZ, 02A, LIBERDADE', 'LIBERDADE', 21, '40325450', 'BA', 'SALVADOR', 'JORGE BEZERRA', 'IBF', '', '2017-01-29', 2, 6, '0000-00-00', '', '2017-02-14', 0),
(1241, '', 'img_fem.jpg', 'CAROLINA PETROLINO DA CRUZ', '1991-04-09', 38, 7, 1, 'FACULDADE REGIONAL DA BAHIA', '', '473660453', 36, '', '', 'ISRAEL FRAGA DA CRUZ', 'MARLI PETROLINO DA CRUZ', '', '0000-00-00', '', '', '98746-5736', '', 'R. PROF. AGRIPINIANO DE BARROS, 128, CX DAGUA', 'CAIXA DAGUA', 7, '40323000', 'BA', 'SALVADOR', 'CARLOS', 'MISSAO EVANGELICA VIDA NOVA EM CRISTO / ASSEMBLEIA', '3326-4510', '2017-02-05', 1, 6, '0000-00-00', 'MEMBRO DA IGREJA ASSEMBLEIA DE DEUS DA LIBERDADE A 9 ANOS', '2017-02-14', 0),
(1242, '', 'img_fem.jpg', 'CAMILA PETROLINO DA CRUZ', '1981-08-01', 38, 7, 1, 'UNIFACS', '3021-2800', '35000125X', 35, 'TOSADORA DE ANIMAIS - CLINICA VET / EMERGENCIA PET', '', 'ISRAEL FRAGA DA CRUZ', 'MARLI PETROLINO DA CRUZ', '', '0000-00-00', '', '', '99148-4632', '', 'RUA PROF. AGRIPINIANO DE BARROS, 128, CX DAGUA', 'CAIXA DAGUA', 7, '40323000', 'BA', 'SALVADOR', 'CARLOS', 'MISSAO EVANGELICA VIDA NOVA EM CRISTO / ASSEMBLEIA', '3326-4510', '2017-02-05', 1, 6, '0000-00-00', 'MEMBRO DA IGREJA ASSEMBLEIA DE DEUS DA LIBERDADE A 9 ANOS', '2017-02-14', 0),
(1243, '', 'img_fem.jpg', 'MARINALVA QUIRINO MEIRELES', '1935-07-18', 38, 1, 5, '', '', '0060815256', 38, '', '', 'JOAO DIAS QUIRINO', 'EMERENTINA DE JESUS DIAS', '', '0000-00-00', '', '', '3384-4864', '', 'CONJ. CHACARA DO CABULA BL 03, 304', 'CABULA', 32, '41150030', 'BA', 'SALVADOR', '', 'UNIVERSAL', '', '2017-02-05', 1, 6, '0000-00-00', '', '2017-02-14', 0),
(1244, '', 'img_masc.jpg', 'JOABES SILVA DOS SANTOS', '0000-00-00', 37, 3, 1, '', '', '0378070568', 31, 'ELETRICISTA MECANICO - RIBEIRO DIESEL PEÇAS E SERV', '3392-0804', 'JOSE VIEIRA DA SILVA SANTOS', 'AURELINA DA SILVA DOS SANTOS', '', '0000-00-00', '', '', '98134-6200', '', 'RUA HUGO BARRETO, 44, PERO VAZ', 'PERO VAZ', 64, '40340360', 'BA', 'SALVADOR', 'CARLOS ANTONIO', 'BAT. JERUSALEM', '', '2017-02-05', 3, 6, '0000-00-00', '', '2017-02-15', 0),
(1245, '', 'img_fem.jpg', 'LEDA LUCIA DOS SANTOS CORREIA', '1939-07-27', 38, 2, 5, '', '', '73027979', 39, 'PROFESSORA / PEDAGOGA', '', 'ALFREDO JOSE DOS SANTOS', 'VIRGINIA FRANCISCA DOS SANTOS', 'ROBERTO CORREIA DA SILVA - IN MEMORIAN', '1993-04-17', 'IG. BAT. MONTE TABOR', '', '34945982', '', 'RUA ARAUJO BULCAO, 76, URUGUAI', 'URUGUAI', 55, '40450640', 'BA', 'SALVADOR', 'JOSE SALES', 'BAT. DOS MARES', '', '2017-02-05', 3, 6, '0000-00-00', '', '2017-02-15', 0),
(1246, '', 'img_fem.jpg', 'ELISABETE PEREIRA DA SILVA NASCIMENTO', '1977-01-18', 38, 4, 2, '', '', '543692825', 7, 'UNIVERSIDADE FEDERAL DO BRASIL', '3283-6168', 'HILARIO ROCHA DA SILVA - IN MEMORIAN', 'HELENA PEREIRA DA SILVA', 'CARLOS AUGUSTO SANTOS NASCIMENTO', '2007-12-17', '1ª IG. BAT. DO BRASIL', 'B+', '3234-0618 / 98722-7145', '', 'RUA MARQUES DE MARICA, 181, PAU MIUDO', 'PAU MIUDO', 5, '40310000', 'BA', 'SALVADOR', 'CRISTIANI', 'PIB DO BRASIL', '', '2017-01-31', 1, 6, '0000-00-00', '', '2017-02-15', 0),
(1247, '', 'img_fem.jpg', 'Thamiles Santos Cruz', '0000-00-00', 38, 4, 1, 'DOM PEDRO II', '3418-7272', '1302520938', 36, '', '', 'JORGE SANTOS CRUZ', 'MARLENE SANTOS CRUZ', '', '0000-00-00', '', '', '98820-5466', '', 'AV. PALMEIRA, 43, 1º ANDAR, LARGO DO TANQUE', 'LARGO DO TANQUE', 81, '40349400', 'BA', 'SALVADOR', 'HUMBERTO', 'BAT. OCEANICA', '', '2017-02-21', 3, 6, '0000-00-00', '', '2017-03-03', 0),
(1248, '', 'img_masc.jpg', 'CAIQUE ALEXANDRE SANTOS DA ENCARNAÇÃO', '1999-10-18', 37, 7, 1, 'UNIFACS', '', '1530556260', 36, '', '', 'EVERALDO GONÇALVES DA ENCARNAÇÃO', 'JACILENE SANTOS DA ENCARNAÇÃO', '', '0000-00-00', '', '', '73 99973-1880', '', 'RUA SALDANHA MARINHO, 107, CX DAGUA', 'CAIXA DAGUA', 7, '40323010', 'BA', 'SALVADOR', 'ADSON PITUBA', '1ª IG. BAT. DE PORTO SEGURO', '', '2017-03-19', 3, 6, '0000-00-00', '', '2017-04-03', 0),
(1249, '', 'img_masc.jpg', 'FRANCISCO CARLOS VALENTIM', '1954-03-30', 37, 4, 2, '', '', 'FRANCISCO', 35, 'PROFESSOR E EMPRESARIO - RECICLA PINCEL', '3386-6760', 'CARLOS JOSE VALENTIM', 'MARIA JOSE RODRIGUES VALENTIM', 'JANINE PEREIRA PINHEIRO VALENTIM', '2003-01-11', 'SALVADOR', '', '98872-6375', '', 'CONJ. BOSQUE IMPERIAL, 471, SAO MARCOS', 'SAO MARCOS', 68, '41250579', 'BA', 'SALVADOR', 'ROBERTO TILOTISON', 'BAT. OEIRAS - PI', '89 3462-1389', '2017-03-19', 3, 6, '0000-00-00', '', '2017-04-03', 0),
(1250, '', 'img_masc.jpg', 'ALBERT SILVA DE SANTANA', '1995-08-04', 37, 3, 2, '', '', '1479968056', 35, 'CARTOGISTA - ATACADÃO', '', 'ALCIDES FERREIRA DE SANTANA', 'MAGNALIA BARBOSA DA SILVA', 'YARA DE JESUS SANTANA', '2017-02-04', 'IBF', '', '99184-3134', '', 'RUA CONDE DE PORTO ALEGRE, 84, IAPI', 'IAPI', 8, '40330200', 'BA', 'SALVADOR', 'EDEN RODRIGUES', 'INTERNACIONAL DA GRAÇA', '', '2017-03-19', 1, 6, '0000-00-00', '', '2017-04-03', 0),
(1251, '', 'img_fem.jpg', 'MILENA DOS SANTOS SALES', '1983-08-25', 38, 4, 1, '', '', '0755185200', 99, 'CENTRO MEDICO INOVA MAD', '3484-9027', 'ANTONIO CARLOS DA PAIXAO SALES', 'AMALIA DOS SANTOS SALES', '', '0000-00-00', '', 'B+', '99159-3731', '', 'RUA SALDANHA MARINHO, 97A, AP. 104, CX DAGUA', 'CAIXA DAGUA', 7, '40320415', 'BA', 'SALVADOR', 'BRUNO LEONARDO CERQUEIRA', 'BAT. AVIVAMENTO MUNDIAL', '', '2017-03-19', 1, 6, '0000-00-00', '', '2017-04-03', 0),
(1252, '', 'img_masc.jpg', 'ADAILSON RIBEIRO DO CARMO', '1996-03-27', 37, 11, 1, '', '', 'ADAILTON', 35, '', '', 'DELSON OLIVEIRA DO CARMO', 'RITA ROCHA RIBEIRO', '', '0000-00-00', '', '', '75 99182-1239 / 71 99724-6258', '', 'VILA VELHA, 85, IAPI', 'IAPI', 8, '40323823', 'BA', 'SALVADOR', 'NATANAEL JOSE ALEXANDRINO', '1ª IG. BAT. EM RUY BARBOSA', '75 3252-1525', '2017-03-19', 3, 6, '0000-00-00', '', '2017-04-03', 0),
(1253, '', 'img_masc.jpg', 'LEONARDO SANTOS DE OLIVEIRA', '1988-12-26', 37, 3, 2, '', '', '1521649529', 35, '', '', 'JOSIVALDO GOMES OLIVEIRA', 'MARIA DO CARMO LAPA DOS SANTOS', 'ELAINE DE JESUS WEBER OLIVEIRA', '2017-04-08', 'SALVADOR', '', '98305-8840', '', 'SETOR 1, CAMINHO 4, Nº 27 CASA', 'MUSSURUNGA 2', 59, '41480415', 'BA', 'SALVADOR', 'ISAIAS MANSEL', 'BAT. RENOVADA', '11 96364-0238', '2017-04-02', 1, 6, '0000-00-00', '', '2017-04-25', 0),
(1254, '', 'img_fem.jpg', 'JANAINA IZIDORIO DE V. P. RODRIGUES', '1980-09-14', 38, 7, 2, '', '', '0891005579', 28, 'CASA DOS PAINES', '98782-4370', 'GERALDO LUIS M. M. PEIXOTO', 'LUZIA DE VASCONCELOS PEIXOTO', 'AUDISIO RODRIGUES BARBOSA', '2007-06-16', 'CASA DA BENÇÃO', '', '98782-4370', '', 'RUA PROF. VEIGAS, 124, AV. FLORA, BARBALHO', 'BARBALHO', 79, '40301075', 'BA', 'SALVADOR', 'DANIEL DE OLIVEIRA', 'CASA DA BENÇÃO', '', '2017-04-16', 1, 6, '0000-00-00', '', '2017-04-25', 0);
INSERT INTO `membros` (`pk_membro`, `fg_membro`, `te_foto`, `nm_membro`, `dt_nascimento`, `fk_sexo`, `fk_instrucao`, `fk_estado`, `nm_escola`, `nu_tel_escola`, `nu_rg`, `fk_profissao`, `nm_empresa`, `nu_tel_empresa`, `nm_pai`, `nm_mae`, `nm_conjuge`, `dt_casamento`, `nm_local`, `nm_rh`, `nu_tel_casa`, `nm_email`, `nm_logra`, `nm_bairro1`, `fk_bairro`, `nu_cep`, `nm_uf`, `nm_cidade`, `nm_pastor`, `nm_igreja`, `nu_tel_igreja`, `dt_admissao`, `fk_entrada`, `fk_saida`, `dt_saida`, `te_observacao`, `dt_cadastro`, `fk_usuario`) VALUES
(1255, '', 'img_masc.jpg', 'AUDISIO RODRIGUES BARBOSA', '1978-05-19', 37, 3, 2, '', '', '0857215221', 28, 'CASA DOS PAINES', '98716-0832', 'FRANCISCO AUDISIO BARBOSA', 'MARIA DA CONCEIÇÃO RODRIGUES BARBOSA', 'JANAINA IZIDORIO', '2007-06-16', 'CASA DA BENÇÃO', '', '98716-0832', '', 'RUA PROF. VEIGAS, 124, AV. FLORA, BARBALHO', 'BARBALHO', 79, '40301075', 'BA', 'SALVADOR', 'DANIEL DE OLIVEIRA', 'CASA DA BENÇÃO', '', '2017-04-16', 1, 6, '0000-00-00', '', '2017-04-25', 0),
(1256, '', 'img_fem.jpg', 'JUCILENE SANTOS SILVA', '1968-10-16', 38, 3, 5, '', '', '0375675353', 35, 'MICRO EMPRESARIA - GR SALVADOR', '99136-3470', 'JOSE DOS SANTOS', 'JULIETA SOUZA SANTOS', '', '0000-00-00', '', '', '3233-4122', '', 'R. SALDANHA MARINHO 133, CX DAGUA', 'CAIXA DAGUA', 7, '40323010', 'BA', 'SALVADOR', 'EDIVAR', 'BAT. DA GRAÇA', '', '2017-04-16', 3, 6, '0000-00-00', '', '2017-04-25', 0),
(1257, '', 'img_fem.jpg', 'MANUELA SENA MENEZES SOUZA', '1986-03-31', 38, 4, 2, '', '', '1172158215', 9, 'ESCOLA A MAIENTICA', '', 'ROBERTO MENEZES', 'IRIS NASCIMENTO SENA', 'CLEMERSON SANTOS DE SOUZA', '2015-06-20', 'IG. BAT. MISS. VALE DO MATATU', '', '98611-0727', '', 'RUA DA UNIÃO, 3, CIDADE NOVA', 'CIDADE NOVA', 83, '40313280', 'BA', 'SALVADOR', 'ISAIAS ALEXANDRIA COSTA', 'BAT. DE BROTAS', '', '2017-04-17', 3, 6, '0000-00-00', '', '2017-06-05', 0),
(1258, '', 'img_masc.jpg', 'CLEMERSON SANTOS DE SOUZA', '1980-06-27', 37, 10, 2, 'TÉCNICO COMPLETO', '', '0638456100', 11, 'CONSULTOR IMOBILIARIO', '', 'EDILSON DE SOUZA', 'LAURA SANTOS DE SOUZA', 'MANUELA SENA MENEZES SOUZA', '2015-06-20', 'IG. BAT. MISS. VALE DO MATATU', '', '99606-6855', '', 'RUA DA UNIÃO, 3, CIDADE NOVA', 'CIDADE NOVA', 83, '40313280', 'BA', 'SALVADOR', 'DENILSON TORRES', 'IG. MISS. VALE DO MATATU', '98163-6499 / 98617-7269', '2017-04-16', 1, 6, '0000-00-00', '', '2017-06-05', 0),
(1259, '', 'img_masc.jpg', 'MARCOS DOS SANTOS DE SOUZA', '1989-02-15', 37, 3, 2, '', '', '1144148669', 51, 'THEMPLUS', '', 'MOISES DOMINGUES DE SOUZA', 'TANIA MARIA GOMES DOS SANTOS', 'SULA GABRIELA DE OLIVEIRA DE SOUZA', '2011-10-18', 'RUY BARBOSA', '', '98632-4787', '', 'TV. NISIA FLORESTA, 10A, LIBERDADE', 'LIBERDADE', 21, '40327705', 'BA', 'SALVADOR', 'MISS. DANIEL DE OLIVEIRA', 'CASA DA BENÇAO', '', '2017-06-04', 1, 6, '0000-00-00', '', '2017-06-05', 0),
(1260, '', 'img_fem.jpg', 'SULA GABRIELA DE OLIVEIRA DE SOUZA', '1988-09-22', 38, 3, 2, '', '', '0989702758', 20, 'ACADEMIA TOP FAMILY', '', 'RICARDO BRITTO CERQUEIRA', 'ANA SULAMITA OLIVEIRA', 'MARCOS DOS SANTOS DE SOUZA', '2011-10-18', 'RUY BARBOSA', 'A+', '98839-0076', '', 'TV. NISIA FLORESTA, 10A, LIBERDADE', 'LIBERDADE', 21, '40327705', 'BA', 'SALVADOR', 'MISS. DANIEL DE OLIVEIRA', 'CASA DA BENÇÃO', '', '2017-06-04', 1, 6, '0000-00-00', '', '2017-06-05', 0),
(1261, '', 'img_fem.jpg', 'PATRICIA ALEXANDRA DA SILVA BRANDAO', '1971-05-28', 38, 4, 4, '', '', '0321598628', 7, 'SINTESI CONTABILIDADE', '3022-5025', 'INACIO DE ALCANTRA BRANDAO', 'EULINA DA SILVA BRANDAO', '', '0000-00-00', '', 'O+', '99163-8052', '', 'RUA MADUREIRA DE PINHO, 34, CX DAGUA', 'CAIXA DAGUA', 7, '40323080', 'BA', 'SALVADOR', 'PR ELIAS CARDOSO FERRAO', 'BATISTA ALIANÇA', '', '2017-07-02', 1, 6, '0000-00-00', '', '2017-08-24', 0),
(1262, '', 'img_masc.jpg', 'MARCOS PITA DE JESUS', '1987-04-10', 37, 6, 2, 'CLASSE 3', '', '0668915302', 35, 'PORTEIRO NOTURNO - COND. ED. PALAZZO PENINI', '', 'GILSON FERREIRA DE JESUS', 'MARELENE PITA DE JESUS', 'MARIA EUNICE DOS SANTOS MENEZES', '2015-10-15', '', '', '99647-4717', '', 'RUA GRAÇA RIBEIRO, 23, PAU MIUDO', 'PAU MIUDO', 5, '40310780', 'BA', 'SALVADOR', 'JOAQUIM NETO', 'PAZ E VIDA', '', '2017-08-13', 1, 6, '0000-00-00', '', '2017-08-24', 0),
(1263, '', 'img_fem.jpg', 'MARIA EUNICE DOS SANTOS MENEZES', '1985-03-08', 38, 3, 2, '', '', '0947154329', 52, 'CONSORCIO SALVADOR NORTE', '', 'VALDOMIRO OLIVEIRA MENEZES', 'VALDELITA CLARINDO DOS SANTOS', 'MARCOS PITA DE JESUS', '2015-10-15', '', '', '98734-5904', '', 'RUA GRAÇA RIBEIRO, 23, PAU MIUDO', 'PAU MIUDO', 5, '40310780', 'BA', 'SALVADOR', 'JOAQUIM NETO', 'PAZ E VIDA', '', '2017-08-13', 1, 6, '0000-00-00', '', '2017-08-24', 0);

-- --------------------------------------------------------

--
-- Estrutura da tabela `merces`
--

CREATE TABLE IF NOT EXISTS `merces` (
  `pk_merce` int(11) NOT NULL AUTO_INCREMENT,
  `fk_membro` int(11) NOT NULL,
  `fk_aptidao` int(11) NOT NULL,
  PRIMARY KEY (`pk_merce`),
  KEY `fk_membro` (`fk_membro`,`fk_aptidao`)
) ENGINE=MyISAM  DEFAULT CHARSET=latin1 AUTO_INCREMENT=1419 ;

--
-- Extraindo dados da tabela `merces`
--

INSERT INTO `merces` (`pk_merce`, `fk_membro`, `fk_aptidao`) VALUES
(255, 240, 5),
(256, 242, 1),
(257, 242, 4),
(258, 242, 7),
(259, 242, 15),
(260, 242, 16),
(261, 242, 17),
(262, 242, 19),
(263, 242, 22),
(264, 242, 24),
(265, 244, 4),
(273, 253, 13),
(275, 257, 7),
(277, 257, 24),
(272, 253, 10),
(274, 253, 19),
(276, 257, 10),
(278, 259, 13),
(279, 262, 2),
(280, 262, 6),
(281, 262, 10),
(282, 262, 13),
(283, 262, 16),
(284, 254, 1),
(285, 254, 10),
(286, 254, 11),
(287, 254, 13),
(288, 254, 16),
(289, 254, 19),
(290, 265, 10),
(291, 265, 18),
(292, 265, 19),
(357, 309, 1),
(294, 266, 4),
(295, 266, 10),
(296, 269, 9),
(297, 272, 10),
(298, 272, 15),
(299, 273, 5),
(300, 273, 9),
(301, 273, 13),
(302, 273, 20),
(303, 275, 1),
(304, 275, 2),
(305, 275, 13),
(306, 275, 17),
(307, 275, 19),
(308, 275, 22),
(309, 275, 23),
(310, 275, 24),
(311, 277, 13),
(312, 277, 16),
(313, 283, 3),
(314, 283, 10),
(315, 283, 13),
(316, 283, 16),
(317, 283, 19),
(318, 283, 23),
(319, 287, 1),
(320, 287, 3),
(321, 287, 10),
(322, 287, 16),
(323, 287, 17),
(324, 287, 19),
(325, 282, 10),
(326, 282, 16),
(327, 282, 17),
(328, 285, 7),
(329, 285, 10),
(330, 285, 13),
(331, 285, 15),
(332, 285, 21),
(333, 285, 22),
(334, 285, 23),
(335, 285, 24),
(336, 289, 13),
(337, 291, 13),
(338, 291, 15),
(339, 291, 22),
(340, 294, 4),
(341, 294, 14),
(342, 297, 1),
(343, 299, 5),
(344, 299, 7),
(345, 299, 10),
(346, 299, 15),
(347, 299, 22),
(348, 300, 10),
(349, 300, 13),
(350, 301, 10),
(351, 307, 2),
(352, 307, 13),
(353, 308, 1),
(354, 308, 10),
(356, 261, 1),
(358, 309, 5),
(359, 309, 7),
(360, 309, 10),
(361, 309, 15),
(362, 309, 19),
(363, 309, 22),
(364, 309, 24),
(365, 313, 7),
(366, 313, 13),
(367, 318, 13),
(368, 321, 1),
(369, 321, 10),
(370, 321, 13),
(371, 321, 16),
(372, 321, 19),
(373, 324, 9),
(374, 324, 12),
(375, 325, 1),
(376, 325, 9),
(377, 325, 10),
(378, 326, 19),
(379, 327, 18),
(380, 329, 15),
(381, 334, 13),
(382, 335, 1),
(383, 335, 2),
(384, 335, 16),
(385, 335, 19),
(386, 338, 9),
(387, 338, 10),
(388, 339, 17),
(420, 357, 24),
(418, 357, 21),
(391, 340, 7),
(392, 340, 10),
(416, 357, 2),
(414, 352, 10),
(412, 350, 13),
(410, 346, 14),
(397, 340, 18),
(408, 346, 3),
(419, 357, 23),
(417, 357, 13),
(415, 352, 24),
(413, 352, 1),
(411, 346, 23),
(409, 346, 4),
(405, 340, 19),
(407, 345, 13),
(421, 363, 1),
(422, 363, 10),
(423, 363, 22),
(424, 362, 13),
(425, 365, 16),
(426, 371, 1),
(427, 371, 5),
(428, 371, 10),
(429, 371, 11),
(430, 371, 13),
(431, 374, 3),
(432, 374, 23),
(433, 382, 2),
(434, 382, 13),
(435, 387, 14),
(436, 387, 17),
(437, 388, 2),
(438, 388, 3),
(439, 388, 10),
(440, 388, 12),
(441, 388, 13),
(442, 388, 14),
(443, 393, 21),
(444, 393, 24),
(445, 396, 10),
(446, 400, 2),
(447, 400, 23),
(448, 400, 24),
(449, 401, 11),
(450, 401, 13),
(451, 401, 15),
(452, 401, 22),
(453, 402, 1),
(454, 402, 4),
(455, 402, 6),
(456, 402, 16),
(457, 402, 23),
(458, 410, 13),
(459, 410, 20),
(460, 412, 16),
(461, 414, 1),
(462, 414, 6),
(463, 414, 10),
(464, 414, 16),
(465, 414, 23),
(466, 419, 13),
(467, 421, 10),
(468, 432, 1),
(469, 432, 11),
(470, 432, 15),
(471, 434, 13),
(472, 438, 7),
(473, 439, 13),
(474, 439, 18),
(475, 451, 10),
(476, 454, 23),
(477, 456, 13),
(478, 459, 9),
(479, 459, 10),
(480, 464, 1),
(481, 464, 10),
(482, 440, 1),
(483, 469, 3),
(484, 469, 6),
(485, 469, 23),
(486, 468, 1),
(487, 468, 13),
(488, 472, 5),
(489, 473, 23),
(490, 474, 3),
(491, 474, 13),
(492, 474, 19),
(493, 477, 9),
(494, 477, 10),
(495, 477, 16),
(496, 478, 10),
(497, 478, 14),
(498, 478, 19),
(499, 479, 2),
(500, 483, 4),
(501, 486, 9),
(502, 487, 10),
(503, 490, 1),
(504, 490, 23),
(505, 494, 6),
(506, 494, 10),
(507, 494, 16),
(508, 494, 23),
(509, 502, 13),
(510, 505, 14),
(511, 505, 16),
(512, 505, 17),
(513, 509, 10),
(514, 512, 16),
(515, 521, 2),
(516, 521, 13),
(517, 521, 21),
(518, 521, 24),
(519, 523, 1),
(520, 523, 17),
(521, 523, 18),
(522, 527, 7),
(523, 527, 10),
(524, 527, 13),
(525, 527, 24),
(526, 535, 10),
(527, 532, 9),
(528, 531, 7),
(529, 531, 10),
(530, 531, 15),
(531, 531, 24),
(532, 529, 1),
(533, 529, 9),
(534, 551, 10),
(535, 551, 15),
(536, 552, 3),
(537, 552, 4),
(538, 553, 2),
(539, 553, 21),
(540, 554, 7),
(541, 554, 8),
(542, 554, 10),
(543, 554, 15),
(544, 554, 16),
(545, 554, 19),
(546, 554, 20),
(547, 557, 7),
(548, 557, 15),
(549, 557, 16),
(550, 557, 21),
(551, 557, 24),
(552, 558, 8),
(553, 558, 9),
(554, 558, 10),
(555, 561, 14),
(556, 561, 17),
(557, 562, 2),
(558, 562, 12),
(559, 562, 13),
(560, 562, 16),
(561, 566, 2),
(562, 566, 13),
(563, 566, 16),
(564, 566, 19),
(565, 576, 4),
(566, 576, 10),
(567, 576, 13),
(568, 590, 10),
(569, 590, 13),
(570, 590, 17),
(571, 590, 24),
(572, 595, 9),
(573, 595, 11),
(574, 595, 19),
(575, 581, 1),
(576, 581, 4),
(577, 581, 18),
(578, 600, 13),
(579, 600, 20),
(580, 604, 13),
(581, 604, 15),
(582, 604, 23),
(583, 608, 14),
(584, 608, 19),
(585, 612, 9),
(586, 612, 13),
(587, 614, 7),
(588, 614, 13),
(589, 619, 9),
(590, 619, 13),
(591, 620, 7),
(592, 620, 14),
(593, 620, 15),
(594, 620, 17),
(595, 620, 23),
(596, 623, 5),
(597, 623, 10),
(598, 623, 16),
(599, 627, 2),
(600, 627, 13),
(601, 630, 1),
(602, 630, 10),
(603, 630, 16),
(604, 633, 12),
(605, 638, 13),
(606, 641, 15),
(607, 647, 2),
(608, 647, 21),
(609, 650, 13),
(610, 655, 2),
(611, 671, 13),
(612, 672, 3),
(613, 672, 6),
(614, 672, 23),
(615, 683, 2),
(616, 683, 4),
(617, 683, 13),
(618, 683, 15),
(619, 683, 16),
(620, 683, 17),
(621, 683, 22),
(622, 683, 24),
(623, 689, 2),
(624, 689, 3),
(625, 689, 10),
(626, 689, 16),
(627, 699, 1),
(628, 699, 7),
(629, 699, 9),
(630, 699, 13),
(631, 699, 18),
(632, 703, 1),
(633, 703, 7),
(634, 703, 9),
(635, 703, 13),
(636, 706, 1),
(637, 706, 9),
(638, 710, 23),
(642, 714, 19),
(640, 714, 3),
(641, 714, 23),
(643, 719, 10),
(644, 720, 1),
(645, 720, 12),
(646, 720, 15),
(647, 720, 19),
(648, 720, 21),
(649, 720, 23),
(650, 724, 1),
(651, 724, 5),
(652, 724, 7),
(653, 724, 13),
(654, 724, 15),
(655, 724, 19),
(656, 724, 20),
(657, 724, 21),
(658, 724, 23),
(659, 724, 24),
(660, 731, 13),
(661, 730, 1),
(662, 730, 7),
(663, 730, 10),
(664, 729, 4),
(665, 729, 10),
(666, 697, 1),
(667, 697, 22),
(668, 736, 16),
(669, 736, 17),
(670, 736, 19),
(671, 562, 10),
(672, 562, 21),
(673, 737, 1),
(674, 737, 2),
(675, 737, 21),
(676, 737, 24),
(677, 827, 1),
(678, 827, 2),
(679, 827, 9),
(680, 827, 10),
(681, 827, 16),
(682, 831, 10),
(683, 831, 13),
(684, 831, 15),
(685, 831, 19),
(686, 831, 20),
(687, 831, 22),
(688, 831, 23),
(689, 831, 24),
(690, 837, 6),
(691, 837, 13),
(692, 837, 16),
(693, 847, 4),
(694, 847, 23),
(695, 849, 14),
(696, 849, 16),
(697, 852, 2),
(698, 852, 13),
(699, 852, 14),
(700, 852, 16),
(701, 852, 17),
(702, 854, 2),
(703, 854, 13),
(704, 855, 2),
(705, 859, 13),
(706, 859, 19),
(707, 859, 20),
(708, 860, 8),
(709, 860, 9),
(710, 860, 13),
(711, 861, 9),
(712, 862, 16),
(713, 862, 17),
(714, 864, 10),
(715, 864, 23),
(716, 865, 1),
(717, 868, 7),
(718, 868, 10),
(719, 868, 13),
(720, 868, 16),
(721, 868, 23),
(722, 871, 3),
(723, 871, 16),
(724, 871, 23),
(725, 872, 19),
(726, 878, 12),
(727, 878, 14),
(728, 878, 17),
(729, 879, 4),
(730, 879, 10),
(731, 879, 13),
(732, 879, 17),
(733, 879, 23),
(734, 880, 1),
(735, 880, 3),
(736, 880, 6),
(737, 880, 13),
(738, 880, 14),
(739, 880, 15),
(740, 880, 16),
(741, 880, 17),
(742, 880, 19),
(743, 880, 21),
(744, 880, 22),
(745, 880, 23),
(746, 880, 24),
(747, 881, 12),
(748, 882, 13),
(749, 882, 16),
(750, 882, 17),
(751, 882, 18),
(752, 883, 16),
(753, 736, 1),
(754, 736, 4),
(755, 736, 10),
(756, 736, 13),
(757, 736, 14),
(758, 736, 16),
(759, 736, 17),
(760, 736, 21),
(761, 736, 22),
(762, 736, 24),
(763, 885, 1),
(764, 885, 7),
(765, 885, 9),
(766, 885, 10),
(767, 885, 16),
(768, 885, 19),
(769, 887, 13),
(770, 888, 8),
(771, 888, 10),
(772, 889, 1),
(773, 889, 2),
(774, 889, 3),
(775, 889, 6),
(776, 889, 9),
(777, 889, 10),
(778, 889, 13),
(779, 889, 16),
(780, 889, 17),
(781, 889, 19),
(782, 889, 23),
(783, 889, 24),
(784, 890, 10),
(785, 892, 7),
(786, 892, 15),
(787, 892, 16),
(788, 892, 17),
(789, 893, 1),
(790, 893, 4),
(791, 893, 7),
(792, 893, 10),
(793, 893, 16),
(794, 893, 17),
(795, 893, 19),
(796, 893, 21),
(797, 893, 22),
(798, 894, 7),
(799, 894, 9),
(800, 894, 10),
(801, 894, 13),
(802, 898, 7),
(803, 898, 10),
(804, 898, 13),
(805, 898, 15),
(806, 898, 21),
(807, 898, 23),
(808, 898, 24),
(809, 899, 2),
(810, 899, 9),
(811, 899, 13),
(812, 899, 24),
(813, 900, 3),
(814, 900, 4),
(815, 900, 10),
(816, 900, 12),
(817, 900, 13),
(818, 901, 3),
(819, 901, 4),
(820, 901, 9),
(821, 901, 12),
(822, 901, 13),
(823, 901, 14),
(824, 902, 2),
(825, 902, 3),
(826, 902, 4),
(827, 902, 9),
(828, 902, 12),
(829, 902, 13),
(830, 902, 14),
(831, 902, 19),
(832, 903, 1),
(833, 903, 19),
(834, 903, 21),
(835, 903, 24),
(836, 904, 13),
(837, 904, 18),
(838, 904, 19),
(839, 906, 15),
(840, 915, 1),
(841, 915, 2),
(842, 915, 8),
(843, 915, 10),
(844, 915, 13),
(845, 915, 19),
(846, 916, 5),
(847, 916, 7),
(848, 916, 13),
(849, 916, 15),
(850, 916, 17),
(851, 916, 21),
(852, 916, 24),
(853, 917, 11),
(854, 917, 13),
(855, 917, 17),
(856, 917, 22),
(857, 918, 15),
(858, 918, 23),
(859, 919, 1),
(860, 919, 2),
(861, 919, 7),
(862, 919, 10),
(863, 919, 16),
(864, 919, 17),
(865, 919, 24),
(866, 920, 19),
(867, 924, 21),
(868, 924, 23),
(869, 925, 10),
(870, 927, 13),
(871, 931, 5),
(872, 932, 3),
(873, 932, 5),
(874, 933, 9),
(875, 933, 21),
(876, 933, 24),
(877, 935, 13),
(878, 935, 22),
(879, 847, 4),
(880, 847, 15),
(881, 847, 16),
(882, 847, 22),
(883, 847, 24),
(884, 848, 9),
(885, 848, 10),
(886, 848, 12),
(887, 848, 13),
(888, 848, 23),
(889, 936, 13),
(890, 936, 14),
(891, 936, 23),
(892, 939, 13),
(893, 939, 16),
(894, 939, 17),
(895, 939, 19),
(896, 941, 9),
(897, 942, 10),
(898, 944, 1),
(899, 944, 16),
(900, 945, 5),
(901, 945, 9),
(902, 945, 24),
(903, 946, 2),
(904, 946, 13),
(905, 948, 9),
(906, 948, 18),
(907, 950, 3),
(908, 950, 4),
(909, 950, 6),
(910, 950, 10),
(911, 950, 16),
(912, 950, 23),
(913, 952, 5),
(914, 952, 11),
(915, 953, 17),
(916, 954, 7),
(917, 954, 15),
(918, 954, 22),
(919, 849, 1),
(920, 849, 5),
(921, 849, 10),
(922, 849, 13),
(923, 849, 16),
(924, 849, 19),
(925, 956, 3),
(926, 958, 10),
(927, 960, 1),
(928, 960, 4),
(929, 960, 19),
(930, 963, 9),
(931, 966, 3),
(932, 972, 5),
(933, 974, 4),
(934, 974, 14),
(935, 976, 9),
(936, 976, 10),
(937, 976, 16),
(938, 976, 17),
(939, 977, 3),
(940, 977, 6),
(941, 977, 10),
(942, 977, 16),
(943, 977, 23),
(944, 978, 5),
(945, 978, 11),
(946, 979, 1),
(947, 979, 3),
(948, 979, 4),
(949, 979, 6),
(950, 979, 10),
(951, 979, 11),
(952, 979, 16),
(953, 979, 17),
(954, 979, 19),
(955, 979, 23),
(956, 980, 1),
(957, 980, 10),
(958, 980, 22),
(959, 981, 9),
(960, 981, 13),
(961, 983, 1),
(962, 983, 10),
(963, 985, 10),
(964, 985, 13),
(965, 985, 24),
(966, 988, 3),
(967, 988, 14),
(968, 989, 10),
(969, 991, 1),
(970, 991, 10),
(971, 991, 18),
(972, 993, 13),
(973, 994, 2),
(974, 994, 4),
(975, 994, 23),
(976, 246, 2),
(977, 246, 4),
(978, 246, 10),
(979, 246, 11),
(980, 246, 20),
(981, 1006, 1),
(982, 1006, 2),
(983, 1006, 4),
(984, 1006, 9),
(985, 1006, 19),
(986, 1006, 24),
(987, 1007, 13),
(988, 1008, 1),
(989, 1008, 2),
(990, 1008, 7),
(991, 1008, 9),
(992, 1008, 10),
(993, 1008, 12),
(994, 1008, 13),
(995, 1009, 1),
(996, 1009, 22),
(997, 706, 1),
(998, 706, 9),
(999, 706, 16),
(1000, 1010, 6),
(1001, 1010, 10),
(1002, 1013, 9),
(1003, 1013, 10),
(1004, 1013, 13),
(1005, 1013, 22),
(1006, 1013, 24),
(1007, 1025, 13),
(1008, 1025, 17),
(1009, 1029, 10),
(1010, 1031, 5),
(1011, 1031, 10),
(1012, 1031, 16),
(1013, 1032, 9),
(1014, 1032, 16),
(1015, 1035, 1),
(1016, 1035, 2),
(1017, 1035, 10),
(1018, 1035, 18),
(1019, 1036, 1),
(1020, 1036, 13),
(1021, 1036, 19),
(1022, 1037, 1),
(1023, 1037, 10),
(1024, 1037, 16),
(1025, 1038, 10),
(1026, 1044, 3),
(1027, 1045, 7),
(1028, 1045, 10),
(1029, 1045, 22),
(1030, 1048, 10),
(1031, 1048, 19),
(1032, 1048, 23),
(1033, 535, 10),
(1034, 1049, 1),
(1035, 1049, 5),
(1036, 1050, 1),
(1037, 1050, 7),
(1038, 1050, 10),
(1039, 1050, 19),
(1040, 1060, 2),
(1041, 1060, 19),
(1042, 1060, 21),
(1043, 1061, 1),
(1044, 1061, 10),
(1045, 1061, 16),
(1046, 1063, 16),
(1047, 1066, 16),
(1048, 1067, 1),
(1049, 1067, 13),
(1050, 1067, 22),
(1051, 1067, 24),
(1052, 1068, 2),
(1053, 1068, 10),
(1054, 1068, 13),
(1055, 1068, 19),
(1056, 1069, 2),
(1057, 1069, 10),
(1058, 1070, 1),
(1059, 1070, 10),
(1060, 1070, 19),
(1061, 1071, 19),
(1062, 1071, 22),
(1063, 1071, 24),
(1064, 1072, 16),
(1065, 1072, 17),
(1066, 1073, 1),
(1067, 1073, 9),
(1068, 1073, 11),
(1069, 1073, 13),
(1070, 1073, 20),
(1071, 1074, 3),
(1072, 1074, 13),
(1073, 1074, 23),
(1074, 1075, 9),
(1075, 1075, 16),
(1076, 1076, 16),
(1077, 1079, 1),
(1078, 1079, 3),
(1079, 1079, 4),
(1080, 1082, 8),
(1081, 1082, 9),
(1082, 1082, 13),
(1083, 1083, 16),
(1084, 1083, 24),
(1085, 1084, 13),
(1086, 1084, 20),
(1087, 1085, 1),
(1088, 1079, 1),
(1089, 1079, 3),
(1090, 1079, 4),
(1091, 1087, 9),
(1092, 1087, 9),
(1093, 1088, 6),
(1094, 1088, 6),
(1095, 1089, 23),
(1096, 1091, 13),
(1114, 1100, 13),
(1112, 1092, 23),
(1099, 1093, 1),
(1100, 1093, 18),
(1101, 1093, 23),
(1102, 1094, 7),
(1103, 1095, 3),
(1104, 1095, 19),
(1105, 1097, 1),
(1106, 1097, 1),
(1107, 1099, 13),
(1108, 1099, 13),
(1113, 1100, 10),
(1111, 1092, 16),
(1115, 1103, 10),
(1116, 1103, 13),
(1117, 1104, 16),
(1118, 1105, 1),
(1119, 1106, 2),
(1120, 1106, 19),
(1121, 1106, 23),
(1122, 1107, 19),
(1123, 1107, 21),
(1124, 1107, 22),
(1125, 1107, 23),
(1126, 1107, 24),
(1127, 1111, 24),
(1128, 1113, 1),
(1129, 1113, 4),
(1130, 1113, 16),
(1131, 1113, 23),
(1132, 1114, 1),
(1133, 1116, 1),
(1134, 1116, 2),
(1135, 1116, 10),
(1136, 1116, 13),
(1137, 1116, 16),
(1138, 1116, 19),
(1139, 1116, 21),
(1140, 1116, 24),
(1141, 1117, 1),
(1142, 1117, 3),
(1143, 1117, 4),
(1144, 1117, 6),
(1145, 1117, 19),
(1146, 1118, 1),
(1147, 1118, 9),
(1148, 1118, 10),
(1149, 1118, 19),
(1150, 1118, 21),
(1151, 1118, 24),
(1152, 1120, 1),
(1153, 1120, 4),
(1154, 1120, 5),
(1155, 1120, 10),
(1156, 1120, 14),
(1157, 1120, 21),
(1158, 1121, 2),
(1159, 1121, 4),
(1160, 1121, 10),
(1161, 1121, 14),
(1162, 1121, 19),
(1163, 1121, 21),
(1164, 1123, 2),
(1165, 1123, 6),
(1166, 1123, 10),
(1167, 1123, 16),
(1168, 1124, 10),
(1169, 1124, 13),
(1170, 1124, 23),
(1171, 1125, 14),
(1172, 1125, 17),
(1173, 1131, 1),
(1174, 1131, 2),
(1175, 1131, 3),
(1176, 1131, 4),
(1177, 1131, 5),
(1178, 1131, 6),
(1179, 1131, 10),
(1180, 1131, 11),
(1181, 1131, 13),
(1182, 1131, 19),
(1183, 1131, 23),
(1184, 1132, 13),
(1185, 1134, 9),
(1186, 1142, 11),
(1187, 1142, 21),
(1188, 1143, 1),
(1189, 1143, 7),
(1190, 1143, 15),
(1191, 1144, 3),
(1192, 1144, 6),
(1193, 1144, 10),
(1194, 1144, 12),
(1195, 1144, 14),
(1196, 1144, 15),
(1197, 1144, 17),
(1198, 1147, 22),
(1199, 1148, 16),
(1200, 1149, 1),
(1201, 1149, 10),
(1202, 1149, 13),
(1203, 1149, 16),
(1204, 1149, 19),
(1205, 1149, 21),
(1206, 1149, 23),
(1207, 1149, 24),
(1208, 1150, 1),
(1209, 1150, 10),
(1210, 1150, 16),
(1211, 1150, 17),
(1212, 1150, 19),
(1213, 1150, 23),
(1214, 1151, 19),
(1215, 1152, 6),
(1216, 1152, 13),
(1217, 1152, 16),
(1218, 1152, 23),
(1219, 1155, 9),
(1220, 1155, 13),
(1221, 1156, 1),
(1222, 1160, 13),
(1223, 1161, 1),
(1224, 1163, 3),
(1225, 1163, 4),
(1226, 1163, 18),
(1227, 1165, 1),
(1228, 1165, 18),
(1229, 1166, 23),
(1230, 1168, 2),
(1231, 1168, 9),
(1232, 1168, 14),
(1233, 1168, 16),
(1234, 1168, 18),
(1235, 1168, 19),
(1236, 1053, 1),
(1237, 1053, 14),
(1238, 1053, 21),
(1239, 1170, 18),
(1240, 1171, 3),
(1241, 1171, 16),
(1242, 1171, 17),
(1243, 1171, 21),
(1244, 1171, 23),
(1245, 1172, 10),
(1246, 1172, 13),
(1247, 1172, 21),
(1248, 1173, 3),
(1249, 1173, 6),
(1250, 1173, 10),
(1251, 1175, 9),
(1252, 1176, 9),
(1253, 1177, 1),
(1254, 1177, 3),
(1255, 1177, 7),
(1256, 1177, 18),
(1257, 1177, 23),
(1258, 1178, 1),
(1259, 1178, 3),
(1260, 1178, 5),
(1261, 1178, 7),
(1262, 1178, 10),
(1263, 1178, 14),
(1264, 1178, 15),
(1265, 1178, 16),
(1266, 1178, 19),
(1267, 1178, 20),
(1268, 1178, 21),
(1269, 1178, 23),
(1270, 1178, 24),
(1271, 1179, 1),
(1272, 1179, 13),
(1273, 1180, 1),
(1274, 1180, 2),
(1275, 1180, 7),
(1276, 1180, 10),
(1277, 1180, 12),
(1278, 1180, 14),
(1279, 1180, 15),
(1280, 1180, 21),
(1281, 1180, 22),
(1282, 1180, 24),
(1283, 1181, 13),
(1284, 1182, 1),
(1285, 1182, 2),
(1286, 1182, 10),
(1287, 1182, 13),
(1288, 1182, 16),
(1289, 1182, 17),
(1290, 1182, 19),
(1291, 1183, 9),
(1292, 1183, 13),
(1293, 1184, 1),
(1294, 1184, 3),
(1295, 1184, 11),
(1296, 1184, 13),
(1297, 1184, 15),
(1298, 1184, 23),
(1299, 1185, 2),
(1300, 1185, 23),
(1301, 1186, 1),
(1302, 1186, 11),
(1303, 1186, 15),
(1304, 1186, 17),
(1305, 1186, 19),
(1306, 1186, 22),
(1307, 1186, 24),
(1308, 1189, 1),
(1309, 1189, 9),
(1310, 1189, 13),
(1311, 1195, 1),
(1312, 1195, 7),
(1313, 1195, 10),
(1314, 1197, 13),
(1315, 1203, 4),
(1316, 1203, 10),
(1317, 1203, 19),
(1318, 1203, 22),
(1319, 1204, 5),
(1320, 1204, 7),
(1321, 1204, 13),
(1322, 1204, 15),
(1323, 1204, 19),
(1324, 1204, 20),
(1325, 1205, 6),
(1326, 1205, 23),
(1327, 1206, 10),
(1328, 1206, 16),
(1329, 1208, 1),
(1330, 1208, 8),
(1331, 1208, 10),
(1332, 1208, 11),
(1333, 1208, 16),
(1334, 1208, 19),
(1335, 1208, 21),
(1336, 1208, 22),
(1337, 1209, 14),
(1338, 1209, 16),
(1339, 1209, 24),
(1340, 1210, 1),
(1341, 1210, 9),
(1342, 1214, 10),
(1343, 1214, 13),
(1344, 1215, 13),
(1345, 1221, 13),
(1346, 1226, 1),
(1347, 1226, 7),
(1348, 1226, 10),
(1349, 1226, 19),
(1350, 1227, 1),
(1351, 1227, 10),
(1352, 1228, 13),
(1353, 1228, 14),
(1354, 1228, 15),
(1355, 1230, 10),
(1356, 1231, 10),
(1357, 1233, 6),
(1358, 1233, 16),
(1359, 1233, 23),
(1360, 1234, 13),
(1361, 1235, 9),
(1362, 1235, 13),
(1363, 1235, 17),
(1364, 1236, 16),
(1365, 1236, 23),
(1366, 1237, 1),
(1367, 1237, 5),
(1368, 1239, 7),
(1369, 1239, 9),
(1370, 1239, 10),
(1371, 1239, 19),
(1372, 1240, 7),
(1373, 1240, 8),
(1374, 1240, 19),
(1375, 1244, 1),
(1376, 1244, 5),
(1377, 1244, 7),
(1378, 1244, 10),
(1379, 1244, 13),
(1380, 1244, 15),
(1381, 1244, 19),
(1382, 1244, 23),
(1383, 1244, 24),
(1384, 1247, 23),
(1385, 1248, 9),
(1386, 1248, 13),
(1387, 1249, 11),
(1388, 1249, 15),
(1389, 1249, 16),
(1390, 1249, 21),
(1391, 1249, 22),
(1392, 1249, 24),
(1393, 1250, 13),
(1394, 1251, 1),
(1395, 1251, 10),
(1396, 1251, 13),
(1397, 1251, 16),
(1398, 1251, 18),
(1399, 1253, 10),
(1400, 1253, 13),
(1401, 1254, 1),
(1402, 1254, 10),
(1403, 1254, 14),
(1404, 1254, 16),
(1405, 1255, 1),
(1406, 1255, 10),
(1407, 1257, 10),
(1408, 1257, 23),
(1409, 1258, 1),
(1410, 1258, 10),
(1411, 1259, 9),
(1412, 1260, 2),
(1413, 1261, 24),
(1414, 1168, 1),
(1415, 1168, 2),
(1416, 1168, 9),
(1417, 1168, 10),
(1418, 1168, 14);

-- --------------------------------------------------------

--
-- Estrutura da tabela `profissoes`
--

CREATE TABLE IF NOT EXISTS `profissoes` (
  `pk_profissao` int(11) NOT NULL AUTO_INCREMENT,
  `nm_profissao` varchar(50) COLLATE latin1_general_ci NOT NULL,
  PRIMARY KEY (`pk_profissao`)
) ENGINE=MyISAM  DEFAULT CHARSET=latin1 COLLATE=latin1_general_ci AUTO_INCREMENT=122 ;

--
-- Extraindo dados da tabela `profissoes`
--

INSERT INTO `profissoes` (`pk_profissao`, `nm_profissao`) VALUES
(1, 'Padeiro(a)'),
(2, 'Administrador(a)'),
(3, 'Médico(a)'),
(4, 'Enfermeiro(a)'),
(5, 'Analista de Sistemas'),
(6, 'Mecanico(a)'),
(7, 'Contador(a)'),
(8, 'Soldador(a)'),
(9, 'Professor(a)'),
(10, 'Advogado(a)'),
(11, 'Autônomo(a)'),
(12, 'Comerciario(a)'),
(13, 'Industriário(a)'),
(14, 'Militar'),
(15, 'Vigilante'),
(16, 'Agricultor(a)'),
(17, 'Empresário(a)'),
(18, 'Engenheiro(a)'),
(19, 'Pastor(a)'),
(20, 'Recepcionista'),
(21, 'Ascensorista'),
(22, 'Assessor(a)'),
(23, 'Zelador(a)'),
(24, 'Babá'),
(25, 'Domestica(o)'),
(26, 'Funcionário(a) Público(a)'),
(27, 'Agente Publico(a)'),
(28, 'Comerciante'),
(29, 'Motorista'),
(30, 'Quimico(a)'),
(31, 'Eletricista'),
(32, 'Alfaiate'),
(33, 'Pescador(a)'),
(34, 'Marisqueiro(a)'),
(35, 'Outros(a)'),
(36, 'Estudante'),
(37, 'Secretário(a)'),
(38, 'Dona de casa'),
(39, 'Aposentado(a)'),
(40, 'Contabilista'),
(41, 'Tecnico Segurança Trabalho'),
(42, 'Pedagogo(a)'),
(43, 'Turismologo(a)'),
(44, 'Gestão Recursos Humanos'),
(45, 'Dentista'),
(46, 'Tecnico enfermagem'),
(47, 'Técnico laboratorio'),
(48, 'Assistente farmacia'),
(49, 'Almoxarife'),
(50, 'Nutricionista'),
(51, 'Vendedor(a)'),
(52, 'Assistente Administrativo'),
(53, 'Jornalista'),
(54, 'Operador telemarketing'),
(55, 'Ajudante impressão'),
(56, 'Tecnico contabilidade'),
(57, 'Florista'),
(58, 'Cabeleireiro(a)'),
(59, 'Cobrador - rodoviario'),
(60, 'Agente de portaria'),
(61, 'Marcineiro(a)'),
(62, 'Pintor(a)'),
(63, 'Analista de suporte'),
(64, 'Bancário(a)'),
(65, 'Protetico(a)'),
(66, 'Atendente'),
(67, 'Promotor(a) venda'),
(68, 'Operador(a) caixa'),
(69, 'Ajudante pedreiro'),
(70, 'Costureiro(a)'),
(71, 'Carteiro(a)'),
(72, 'Assistente Financeiro'),
(73, 'Gerente-vendas'),
(74, 'Tecnico(a) patologia'),
(75, 'Bibliotecario(a)'),
(76, 'Educador(a) Religioso(a)'),
(77, 'Doceiro(a)'),
(78, 'Eletrotecnico'),
(79, 'Tecnico eletromecanica'),
(81, 'TECNICA DE ENFERMAGEM'),
(82, 'ANALISTA DE MATERIAIS'),
(84, 'DECORADORA'),
(85, 'SUPERVISORA DE CENTRAL'),
(99, 'FISIOTERAPEUTA'),
(88, 'Técnico em Telecomunicação'),
(89, 'Estoquista'),
(102, 'REPRESENTANTE COMERCIAL'),
(100, 'Pedreiro(a)'),
(93, 'Auxiliar de escritório'),
(103, 'GERENTE COMERCIAL'),
(95, 'Corretora de seguros'),
(97, 'Auxiliar de serviços gerais'),
(111, 'DECORADOR(A)'),
(108, 'Não informado'),
(112, 'Gestor Recursos Humanos'),
(116, 'AUXILIAR DE RH'),
(117, 'AUXILIAR DE PRODUÇAO'),
(118, 'PROMOTER'),
(119, 'Designer Gráfico'),
(121, 'TECNÓLOGO EM MARKETING');

-- --------------------------------------------------------

--
-- Estrutura da tabela `saidas`
--

CREATE TABLE IF NOT EXISTS `saidas` (
  `pk_saida` int(11) NOT NULL AUTO_INCREMENT,
  `nm_saida` varchar(50) COLLATE latin1_general_ci NOT NULL,
  PRIMARY KEY (`pk_saida`)
) ENGINE=MyISAM  DEFAULT CHARSET=latin1 COLLATE=latin1_general_ci AUTO_INCREMENT=7 ;

--
-- Extraindo dados da tabela `saidas`
--

INSERT INTO `saidas` (`pk_saida`, `nm_saida`) VALUES
(1, 'Falecimento'),
(2, 'Abandono'),
(3, 'Desligamento'),
(4, 'Transferencia'),
(5, 'Desvio'),
(6, 'Ativo');

-- --------------------------------------------------------

--
-- Estrutura da tabela `status`
--

CREATE TABLE IF NOT EXISTS `status` (
  `pk_status` int(11) NOT NULL AUTO_INCREMENT,
  `cl_status` varchar(1) COLLATE latin1_general_ci NOT NULL,
  `nm_status` varchar(50) COLLATE latin1_general_ci NOT NULL,
  PRIMARY KEY (`pk_status`)
) ENGINE=MyISAM  DEFAULT CHARSET=latin1 COLLATE=latin1_general_ci AUTO_INCREMENT=46 ;

--
-- Extraindo dados da tabela `status`
--

INSERT INTO `status` (`pk_status`, `cl_status`, `nm_status`) VALUES
(22, '1', 'ativo'),
(28, '1', 'inativo'),
(35, '4', 'Desvio'),
(36, '4', 'Desligamento'),
(37, '5', 'Masculino'),
(38, '5', 'Feminino'),
(43, '6', 'Admin'),
(44, '6', 'Operador'),
(45, '6', 'Visitante');

-- --------------------------------------------------------

--
-- Estrutura da tabela `usuarios`
--

CREATE TABLE IF NOT EXISTS `usuarios` (
  `pk_usuario` int(11) NOT NULL AUTO_INCREMENT,
  `nm_usuario` varchar(50) COLLATE latin1_general_ci NOT NULL,
  `nm_login` varchar(50) COLLATE latin1_general_ci NOT NULL,
  `nm_senha` varchar(60) COLLATE latin1_general_ci NOT NULL,
  `fk_status` int(11) NOT NULL DEFAULT '1',
  `nu_matricula` int(11) NOT NULL,
  `dt_cadastro` date NOT NULL,
  PRIMARY KEY (`pk_usuario`),
  KEY `fk_status` (`fk_status`)
) ENGINE=MyISAM  DEFAULT CHARSET=latin1 COLLATE=latin1_general_ci AUTO_INCREMENT=177 ;

--
-- Extraindo dados da tabela `usuarios`
--

INSERT INTO `usuarios` (`pk_usuario`, `nm_usuario`, `nm_login`, `nm_senha`, `fk_status`, `nu_matricula`, `dt_cadastro`) VALUES
(123, 'Admin', 'admin', '11', 43, 2222222, '2011-08-19'),
(165, 'TAIS DA PAZ', 'TAIS', '12', 43, 0, '2011-09-25');

/*!40101 SET CHARACTER_SET_CLIENT=@OLD_CHARACTER_SET_CLIENT */;
/*!40101 SET CHARACTER_SET_RESULTS=@OLD_CHARACTER_SET_RESULTS */;
/*!40101 SET COLLATION_CONNECTION=@OLD_COLLATION_CONNECTION */;
